URL,Last Modified
https://www.mass.gov/doc/in-the-matter-of-michael-gaspard-dep-07-61-dala-2008/download,2026-08-19T17:07:13-04:00
https://www.mass.gov/doc/courts-dwnld-motion-to-waive-appearance-of-respondent-mpc-391/download,2026-08-19T12:11:00-04:00
https://www.mass.gov/doc/young-dale-v-state-board-of-retirement-cr-10-789/download,2026-08-19T17:07:13-04:00
https://www.mass.gov/doc/bsea-1503787/download,2026-08-19T16:35:19-04:00
https://www.mass.gov/doc/bsea-1609348/download,2026-08-19T16:38:45-04:00
https://www.mass.gov/doc/notice-of-public-hearing-on-fee-and-supplementary-procedures-regulations/download,2026-08-19T17:07:13-04:00
https://www.mass.gov/doc/bsea-1404967/download,2026-08-19T16:32:47-04:00
https://www.mass.gov/doc/bsea-1606776/download,2026-08-19T16:38:45-04:00
https://www.mass.gov/doc/bsea-1609348r4/download,2026-08-19T16:38:44-04:00
https://www.mass.gov/doc/bsea-1702015/download,2026-08-19T16:35:19-04:00
https://www.mass.gov/doc/bsea-12-8636remand/download,2026-08-19T17:06:31-04:00
https://www.mass.gov/doc/bsea-1604027/download,2026-08-19T16:40:25-04:00
https://www.mass.gov/doc/bsea-1300077/download,2026-08-19T16:43:31-04:00
https://www.mass.gov/doc/camara-richard-j-v-state-board-of-retirement-cr-15-460/download,2026-08-19T17:07:13-04:00
https://www.mass.gov/doc/bsea-1506886/download,2026-08-19T16:45:50-04:00
https://www.mass.gov/doc/bombaci-leona-v-state-board-of-retirement-cr-11-324/download,2026-08-19T17:07:13-04:00
https://www.mass.gov/doc/bsea-1600764/download,2026-08-19T16:45:52-04:00
https://www.mass.gov/doc/bsea-1402607/download,2026-08-19T16:44:13-04:00
https://www.mass.gov/doc/bsea-1605042/download,2026-08-19T16:41:13-04:00
https://www.mass.gov/doc/bsea-1404967-0/download,2026-08-19T16:32:47-04:00
https://www.mass.gov/doc/bsea-1403554/download,2026-08-19T16:44:13-04:00
https://www.mass.gov/doc/bsea-1310012/download,2026-08-19T16:43:36-04:00
https://www.mass.gov/doc/william-mauger-v-massachusetts-teachers-retirement-system-cr-04-1053-crab-2009/download,2026-08-19T17:07:13-04:00
https://www.mass.gov/doc/bsea-1400720/download,2026-08-19T16:43:38-04:00
https://www.mass.gov/doc/bsea1403554/download,2026-08-19T17:06:31-04:00
https://www.mass.gov/doc/bsea-1503787-0/download,2026-08-19T16:35:19-04:00
https://www.mass.gov/doc/bsea-1607923/download,2026-08-19T17:06:31-04:00
https://www.mass.gov/doc/bsea-1603251/download,2026-08-19T16:39:36-04:00
https://www.mass.gov/doc/bsea-1700794/download,2026-08-19T16:35:19-04:00
https://www.mass.gov/doc/bsea-1307903/download,2026-08-19T16:43:36-04:00
https://www.mass.gov/doc/matter-of-north-washington-wharf-llc-and-beverly-wharf-llc-redevelopment-project-dep-07-560-dala-may-20-2008/download,2026-08-19T17:07:13-04:00
https://www.mass.gov/doc/bsea-1507611/download,2026-08-19T16:39:31-04:00
https://www.mass.gov/doc/bsea-1404036/download,2026-08-19T17:06:31-04:00
https://www.mass.gov/doc/bsea-1609179/download,2026-08-19T17:06:31-04:00
https://www.mass.gov/doc/bsea-1605247r3/download,2026-08-19T16:39:29-04:00
https://www.mass.gov/doc/bsea-1601943/download,2026-08-19T16:39:32-04:00
https://www.mass.gov/doc/bsea-1607923-0/download,2026-08-19T16:39:29-04:00
https://www.mass.gov/doc/bsea-1606007/download,2026-08-19T16:39:29-04:00
https://www.mass.gov/doc/bsea-1506955/download,2026-08-19T16:35:13-04:00
https://www.mass.gov/doc/bsea-1606553/download,2026-08-19T16:38:49-04:00
https://www.mass.gov/doc/bsea-1503636/download,2026-08-19T16:35:17-04:00
https://www.mass.gov/doc/bsea-11-1387cr/download,2026-08-19T16:35:17-04:00
https://www.mass.gov/doc/hearing-request-form-for-appeal-of-an-lea-assignment-updated-112006/download,2026-08-19T17:07:13-04:00
https://www.mass.gov/doc/bsea-1406800/download,2026-08-19T16:33:51-04:00
https://www.mass.gov/doc/bsea-1402742/download,2026-08-19T16:44:13-04:00
https://www.mass.gov/doc/bsea-1401653-and-1503083/download,2026-08-19T16:44:20-04:00
https://www.mass.gov/doc/bsea-1600002r2/download,2026-08-19T16:39:32-04:00
https://www.mass.gov/doc/bsea-1403509-0/download,2026-08-19T16:32:47-04:00
https://www.mass.gov/doc/sullivan-carla-v-boston-police-department-12116/download,2026-08-19T17:07:11-04:00
https://www.mass.gov/doc/bsea-1604027-0/download,2026-08-19T16:40:25-04:00
https://www.mass.gov/doc/bsea-1400255/download,2026-08-19T16:43:38-04:00
https://www.mass.gov/doc/bsea-1503625/download,2026-08-19T17:06:31-04:00
https://www.mass.gov/doc/bsea-1401635-and-1503083/download,2026-08-19T16:35:13-04:00
https://www.mass.gov/doc/jochim-steve-v-state-board-of-retirement-cr-15-328/download,2026-08-19T17:47:50-04:00
https://www.mass.gov/doc/bsea-1607164/download,2026-08-19T16:38:45-04:00
https://www.mass.gov/doc/bsea-1701652/download,2026-08-19T16:38:44-04:00
https://www.mass.gov/doc/closser-fiorentina-v-state-board-of-retirement-cr-14-111/download,2026-08-19T17:07:11-04:00
https://www.mass.gov/doc/bsea-1610177/download,2026-08-19T16:38:45-04:00
https://www.mass.gov/doc/bsea-1611011/download,2026-08-19T16:38:49-04:00
https://www.mass.gov/doc/bsea-1300493-0/download,2026-08-19T16:43:36-04:00
https://www.mass.gov/doc/bsea-1601127-0/download,2026-08-19T16:33:53-04:00
https://www.mass.gov/doc/bsea-1504291/download,2026-08-19T16:35:17-04:00
https://www.mass.gov/doc/viano-matter-of-docket-no-dep-06-548-dala-2008/download,2026-08-19T17:07:11-04:00
https://www.mass.gov/doc/bsea-1307346/download,2026-08-19T16:43:34-04:00
https://www.mass.gov/doc/bsea-1304180/download,2026-08-19T16:43:31-04:00
https://www.mass.gov/doc/bsea-1601412/download,2026-08-19T16:33:53-04:00
https://www.mass.gov/doc/bsea-1603589/download,2026-08-19T16:45:50-04:00
https://www.mass.gov/doc/bsea-1305177/download,2026-08-19T16:43:36-04:00
https://www.mass.gov/doc/bsea-1606551/download,2026-08-19T16:40:27-04:00
https://www.mass.gov/doc/bsea-130006/download,2026-08-19T17:06:31-04:00
https://www.mass.gov/doc/bsea-1400689/download,2026-08-19T16:44:15-04:00
https://www.mass.gov/doc/bsea-1403000/download,2026-08-19T16:33:51-04:00
https://www.mass.gov/doc/bsea-1507326/download,2026-08-19T16:45:48-04:00
https://www.mass.gov/doc/bsea-1608291/download,2026-08-19T16:41:13-04:00
https://www.mass.gov/doc/bsea-1407763-and-1502743/download,2026-08-19T16:44:20-04:00
https://www.mass.gov/doc/bsea-1406301/download,2026-08-19T16:32:47-04:00
https://www.mass.gov/doc/bsea-12-8636remand-0/download,2026-08-19T17:06:31-04:00
https://www.mass.gov/doc/bsea-1504277-1504282/download,2026-08-19T16:35:15-04:00
https://www.mass.gov/doc/fritz-elliott-barbara-v-state-board-of-retirement-cr-14-368/download,2026-08-19T17:07:11-04:00
https://www.mass.gov/doc/bsea-1600765/download,2026-08-19T17:06:31-04:00
https://www.mass.gov/doc/list-of-massdep-certified-ust-system-operators/download,2026-08-19T10:02:34-04:00
https://www.mass.gov/doc/bsea-1510495/download,2026-08-19T16:45:50-04:00
https://www.mass.gov/doc/bsea-1307903-0/download,2026-08-19T16:43:36-04:00
https://www.mass.gov/doc/bsea-1303762/download,2026-08-19T17:06:29-04:00
https://www.mass.gov/doc/matthew-frazier-v-barnstable-county-retirement-board-and-the-public-employee-retirement-administration-commn-cr-06-0190-crab-2008/download,2026-08-19T17:07:11-04:00
https://www.mass.gov/doc/board-of-registration-in-medicine-v-hughes-mark-rm-14-810/download,2026-08-19T16:48:27-04:00
https://www.mass.gov/doc/matter-of-town-of-rockport-dpw-docket-nos-2003-018-and-dep-05-307-dala-2008/download,2026-08-19T17:07:11-04:00
https://www.mass.gov/doc/szczebak-donald-matter-of-dep-08-132-dala-2008/download,2026-08-19T17:07:11-04:00
https://www.mass.gov/doc/bsea-1507990/download,2026-08-19T16:35:13-04:00
https://www.mass.gov/doc/bsea-1300761/download,2026-08-19T16:43:34-04:00
https://www.mass.gov/doc/bsea-1308609/download,2026-08-19T16:43:33-04:00
https://www.mass.gov/doc/bsea-1408637/download,2026-08-19T16:45:48-04:00
https://www.mass.gov/doc/bsea-1301082/download,2026-08-19T16:43:33-04:00
https://www.mass.gov/doc/bsea-1503787-1/download,2026-08-19T16:35:19-04:00
https://www.mass.gov/doc/bsea-1606711/download,2026-08-19T16:38:47-04:00
https://www.mass.gov/doc/bsea-1405888/download,2026-08-19T16:32:47-04:00
https://www.mass.gov/doc/bsea-1702809/download,2026-08-19T16:35:21-04:00
https://www.mass.gov/doc/matter-of-town-of-wilmington-no-2003-074-dala-2009/download,2026-08-19T17:07:11-04:00
https://www.mass.gov/doc/bsea-1605247/download,2026-08-19T16:40:27-04:00
https://www.mass.gov/doc/bsea-1600765-0/download,2026-08-19T16:39:34-04:00
https://www.mass.gov/doc/maillet-rene-v-state-board-of-retirement-cr-13-327/download,2026-08-19T17:07:11-04:00
https://www.mass.gov/doc/bsea-1310012-0/download,2026-08-19T16:43:36-04:00
https://www.mass.gov/doc/bsea-1611465/download,2026-08-19T16:38:52-04:00
https://www.mass.gov/doc/bsea-1606557/download,2026-08-19T16:38:47-04:00
https://www.mass.gov/doc/bsea-1608619/download,2026-08-19T16:40:27-04:00
https://www.mass.gov/doc/bsea-1702840/download,2026-08-19T16:40:25-04:00
https://www.mass.gov/doc/bsea-1606568/download,2026-08-19T16:39:34-04:00
https://www.mass.gov/doc/bsea-1703425/download,2026-08-19T16:35:19-04:00
https://www.mass.gov/doc/bsea-1610177-0/download,2026-08-19T16:38:45-04:00
https://www.mass.gov/doc/bsea-1606553-0/download,2026-08-19T16:38:49-04:00
https://www.mass.gov/doc/bsea-1308779/download,2026-08-19T16:44:17-04:00
https://www.mass.gov/doc/bsea-1502427/download,2026-08-19T16:41:13-04:00
https://www.mass.gov/doc/bsea-1606711-0/download,2026-08-19T16:38:47-04:00
https://www.mass.gov/doc/bsea-1600002/download,2026-08-19T16:39:32-04:00
https://www.mass.gov/doc/bsea-1603447-and-160349/download,2026-08-19T16:39:32-04:00
https://www.mass.gov/doc/bsea-1605714/download,2026-08-19T16:39:34-04:00
https://www.mass.gov/doc/bsea-1600764-0/download,2026-08-19T16:45:52-04:00
https://www.mass.gov/doc/bsea-1504277-1504282-0/download,2026-08-19T16:35:15-04:00
https://www.mass.gov/doc/bsea1300513/download,2026-08-19T17:06:29-04:00
https://www.mass.gov/doc/bsea-1403110/download,2026-08-19T16:43:38-04:00
https://www.mass.gov/doc/bsea-1303743/download,2026-08-19T16:43:31-04:00
https://www.mass.gov/doc/bsea-1310012c2/download,2026-08-19T16:44:18-04:00
https://www.mass.gov/doc/bsea-1601536/download,2026-08-19T17:06:29-04:00
https://www.mass.gov/doc/bsea-1607923-1/download,2026-08-19T17:06:29-04:00
https://www.mass.gov/doc/matter-of-town-of-north-reading-dep-03-063-dala-2008/download,2026-08-19T17:07:11-04:00
https://www.mass.gov/doc/bsea-1504277-1504282-1/download,2026-08-19T16:35:15-04:00
https://www.mass.gov/doc/bsea-1503957/download,2026-08-19T16:45:48-04:00
https://www.mass.gov/doc/bsea-1606007-0/download,2026-08-19T16:39:29-04:00
https://www.mass.gov/doc/bsea-1304180-0/download,2026-08-19T16:43:31-04:00
https://www.mass.gov/doc/bsea-1606853/download,2026-08-19T16:39:29-04:00
https://www.mass.gov/doc/bsea-1406301-0/download,2026-08-19T16:32:47-04:00
https://www.mass.gov/doc/bsea-1700794-0/download,2026-08-19T16:35:19-04:00
https://www.mass.gov/doc/bsea-1402344/download,2026-08-19T16:44:20-04:00
https://www.mass.gov/doc/bsea-1301082-0/download,2026-08-19T16:43:33-04:00
https://www.mass.gov/doc/bsea-1301349/download,2026-08-19T16:43:33-04:00
https://www.mass.gov/doc/bsea-1310012c/download,2026-08-19T16:44:15-04:00
https://www.mass.gov/doc/bsea1503712/download,2026-08-19T16:35:17-04:00
https://www.mass.gov/doc/bsea-1310012c-0/download,2026-08-19T16:44:15-04:00
https://www.mass.gov/doc/kemp-peggy-v-boston-retirement-system-cr-14-561/download,2026-08-19T17:04:50-04:00
https://www.mass.gov/doc/bsea-1510495-0/download,2026-08-19T16:45:50-04:00
https://www.mass.gov/doc/bsea-1701925/download,2026-08-19T16:38:44-04:00
https://www.mass.gov/doc/bsea-1400006/download,2026-08-19T16:43:38-04:00
https://www.mass.gov/doc/bsea-1605042-0/download,2026-08-19T16:38:52-04:00
https://www.mass.gov/doc/bsea-12-8636remandd2/download,2026-08-19T16:45:50-04:00
https://www.mass.gov/doc/bsea-1607922r2/download,2026-08-19T16:38:52-04:00
https://www.mass.gov/doc/bsea-1701652-0/download,2026-08-19T16:38:45-04:00
https://www.mass.gov/doc/bsea-1403852/download,2026-08-19T16:39:32-04:00
https://www.mass.gov/doc/department-of-public-health-medical-use-of-marijuana-program-v-james-willis-ph-15-589/download,2026-08-19T17:04:50-04:00
https://www.mass.gov/doc/bsea-1601445/download,2026-08-19T16:41:13-04:00
https://www.mass.gov/doc/bsea-1702809-0/download,2026-08-19T16:38:44-04:00
https://www.mass.gov/doc/bsea-1606557-0/download,2026-08-19T16:38:47-04:00
https://www.mass.gov/doc/bsea-1604503/download,2026-08-19T16:39:34-04:00
https://www.mass.gov/doc/bsea-1503787-2/download,2026-08-19T16:35:19-04:00
https://www.mass.gov/doc/bsea-1602849/download,2026-08-19T16:41:15-04:00
https://www.mass.gov/doc/bsea-1403404/download,2026-08-19T16:44:13-04:00
https://www.mass.gov/doc/bsea-1303743-0/download,2026-08-19T16:43:31-04:00
https://www.mass.gov/doc/bsea-1308609-0/download,2026-08-19T16:43:33-04:00
https://www.mass.gov/doc/bsea-1504277-1504282-2/download,2026-08-19T16:35:15-04:00
https://www.mass.gov/doc/bsea-1611011-0/download,2026-08-19T16:38:49-04:00
https://www.mass.gov/doc/bsea-1702840-0/download,2026-08-19T16:40:25-04:00
https://www.mass.gov/doc/bsea-1501317/download,2026-08-19T16:41:13-04:00
https://www.mass.gov/doc/bsea-1405763/download,2026-08-19T16:44:18-04:00
https://www.mass.gov/doc/bsea-1611465-0/download,2026-08-19T16:38:52-04:00
https://www.mass.gov/doc/bsea-1406696/download,2026-08-19T16:44:17-04:00
https://www.mass.gov/doc/bsea-1606556/download,2026-08-19T16:38:47-04:00
https://www.mass.gov/doc/bsea-16007495/download,2026-08-19T16:45:52-04:00
https://www.mass.gov/doc/bsea-1407063/download,2026-08-19T16:44:18-04:00
https://www.mass.gov/doc/bsea-1408637-0/download,2026-08-19T16:45:48-04:00
https://www.mass.gov/doc/bsea-1400521/download,2026-08-19T16:44:17-04:00
https://www.mass.gov/doc/bsea-1300579/download,2026-08-19T16:43:34-04:00
https://www.mass.gov/doc/bsea-1400468/download,2026-08-19T16:44:13-04:00
https://www.mass.gov/doc/bsea-1400255-0/download,2026-08-19T16:43:38-04:00
https://www.mass.gov/doc/bsea-1509319/download,2026-08-19T16:33:53-04:00
https://www.mass.gov/doc/bsea-1504488/download,2026-08-19T16:40:27-04:00
https://www.mass.gov/doc/bsea-1603808/download,2026-08-19T16:33:53-04:00
https://www.mass.gov/doc/bsea-1406357/download,2026-08-19T16:44:17-04:00
https://www.mass.gov/doc/bsea-1609348r4-0/download,2026-08-19T16:38:44-04:00
https://www.mass.gov/doc/bsea-1401653-and-1503083-0/download,2026-08-19T16:44:20-04:00
https://www.mass.gov/doc/bsea1504613/download,2026-08-19T16:41:15-04:00
https://www.mass.gov/doc/peter-alves-and-lighthouse-masonry-inc-v-office-of-the-attorney-general-lb-06-466-469-dala-2009/download,2026-08-19T17:04:50-04:00
https://www.mass.gov/doc/bsea-1300380/download,2026-08-19T16:43:31-04:00
https://www.mass.gov/doc/mulcahy-william-v-teachers-retirement-system-cr-09-441/download,2026-08-19T17:04:50-04:00
https://www.mass.gov/doc/bsea-1309716-0/download,2026-08-19T16:44:15-04:00
https://www.mass.gov/doc/bsea-1506886-0/download,2026-08-19T16:45:50-04:00
https://www.mass.gov/doc/bsea-1507990-0/download,2026-08-19T16:35:13-04:00
https://www.mass.gov/doc/bsea-1300761-0/download,2026-08-19T16:43:34-04:00
https://www.mass.gov/doc/bsea-1404388/download,2026-08-19T16:33:51-04:00
https://www.mass.gov/doc/bsea-1502427-0/download,2026-08-19T16:35:15-04:00
https://www.mass.gov/doc/bsea-1607923-2/download,2026-08-19T16:39:29-04:00
https://www.mass.gov/doc/bsea-1301349-0/download,2026-08-19T16:43:33-04:00
https://www.mass.gov/doc/bsea-1605714-0/download,2026-08-19T16:39:34-04:00
https://www.mass.gov/doc/sinopoli-donna-v-state-board-of-retirement-cr-15-223/download,2026-08-19T17:04:48-04:00
https://www.mass.gov/doc/bsea-1501215/download,2026-08-19T16:39:36-04:00
https://www.mass.gov/doc/bsea-1302133-1/download,2026-08-19T17:06:29-04:00
https://www.mass.gov/doc/bsea-1605042-1/download,2026-08-19T16:38:52-04:00
https://www.mass.gov/doc/bsea-1408578/download,2026-08-19T16:45:48-04:00
https://www.mass.gov/doc/bsea1300513-0/download,2026-08-19T17:06:29-04:00
https://www.mass.gov/doc/mallen-joseph-v-state-board-of-retirement-cr-10-460/download,2026-08-19T17:04:48-04:00
https://www.mass.gov/doc/bsea-1407063-0/download,2026-08-19T16:44:18-04:00
https://www.mass.gov/doc/bsea-1402607-0/download,2026-08-19T16:44:13-04:00
https://www.mass.gov/doc/bsea-1506275/download,2026-08-19T16:35:13-04:00
https://www.mass.gov/doc/bsea-1600059/download,2026-08-19T16:33:55-04:00
https://www.mass.gov/doc/siebecker-jane-v-teachers-retirement-system-cr-14-773/download,2026-08-19T17:04:48-04:00
https://www.mass.gov/doc/bsea-1302663/download,2026-08-19T16:43:31-04:00
https://www.mass.gov/doc/bsea-1611011-1/download,2026-08-19T16:38:49-04:00
https://www.mass.gov/doc/bsea-1400468-0/download,2026-08-19T16:44:13-04:00
https://www.mass.gov/doc/bsea-1609348-0/download,2026-08-19T16:38:45-04:00
https://www.mass.gov/doc/loura-august-v-taunton-retirement-board-cr-13-186/download,2026-08-19T17:47:50-04:00
https://www.mass.gov/doc/bsea-1400689-0/download,2026-08-19T16:44:15-04:00
https://www.mass.gov/doc/matter-of-toll-brothers-inc-docket-nos-dep-07-474-dep-04-476-dala-2008/download,2026-08-19T17:04:48-04:00
https://www.mass.gov/doc/bsea-1503566-0/download,2026-08-19T16:40:25-04:00
https://www.mass.gov/doc/knott-sr-james-m-docket-no-dep-07-561-dala-2008/download,2026-08-19T17:04:48-04:00
https://www.mass.gov/doc/bsea-1503625r2/download,2026-08-19T16:33:55-04:00
https://www.mass.gov/doc/bsea-1304032/download,2026-08-19T16:43:34-04:00
https://www.mass.gov/doc/corliss-landing-condominium-trust-ms-15-661/download,2026-08-19T17:04:48-04:00
https://www.mass.gov/doc/matter-of-john-grenier-jm-grenier-associates-docket-no-dep-05-1476-dala-2008/download,2026-08-19T17:04:48-04:00
https://www.mass.gov/doc/matter-of-salem-and-beverly-water-supply-board-dep-91-052-dala-2008/download,2026-08-19T17:04:48-04:00
https://www.mass.gov/doc/bsea-1609179-0/download,2026-08-19T16:39:29-04:00
https://www.mass.gov/doc/bsea-1405530/download,2026-08-19T16:33:51-04:00
https://www.mass.gov/doc/bsea-1407763-and-1502743-0/download,2026-08-19T16:44:20-04:00
https://www.mass.gov/doc/bsea-1611011-2/download,2026-08-19T16:38:49-04:00
https://www.mass.gov/doc/bsea-1606558/download,2026-08-19T16:38:47-04:00
https://www.mass.gov/doc/bsea-1302922/download,2026-08-19T16:43:33-04:00
https://www.mass.gov/doc/bsea-1601127-1/download,2026-08-19T16:33:53-04:00
https://www.mass.gov/doc/bsea-1503787-3/download,2026-08-19T16:35:19-04:00
https://www.mass.gov/doc/bsea-1506275-0/download,2026-08-19T16:35:13-04:00
https://www.mass.gov/doc/bsea-1400688-0/download,2026-08-19T16:44:18-04:00
https://www.mass.gov/doc/henry-donna-v-state-board-of-retirement-cr-14-530/download,2026-08-19T17:47:50-04:00
https://www.mass.gov/doc/board-of-registration-in-medicine-v-robert-kohn-rm-15-122/download,2026-08-19T17:04:46-04:00
https://www.mass.gov/doc/bsea-1510008/download,2026-08-19T16:38:52-04:00
https://www.mass.gov/doc/bsea-1600002r2-0/download,2026-08-19T16:39:32-04:00
https://www.mass.gov/doc/bsea-1601943-0/download,2026-08-19T16:41:13-04:00
https://www.mass.gov/doc/james-boyle-v-pittsfield-retirement-board-cr-02-587-crab-2009/download,2026-08-19T17:04:46-04:00
https://www.mass.gov/doc/bsea-1304173-0/download,2026-08-19T16:43:34-04:00
https://www.mass.gov/doc/bsea-1302663-0/download,2026-08-19T16:43:31-04:00
https://www.mass.gov/doc/matter-of-burley-street-llc-docket-no-dep-06-122-dala-2008/download,2026-08-19T17:04:46-04:00
https://www.mass.gov/doc/bsea-1403000-0/download,2026-08-19T16:33:51-04:00
https://www.mass.gov/doc/alosso-joseph-et-al-matter-of-dep-05-1845-dala-2008/download,2026-08-19T17:04:46-04:00
https://www.mass.gov/doc/bsea-1403324/download,2026-08-19T16:33:51-04:00
https://www.mass.gov/doc/bsea-150810c/download,2026-08-19T16:39:31-04:00
https://www.mass.gov/doc/bsea-1505285/download,2026-08-19T16:45:50-04:00
https://www.mass.gov/doc/belliveau-nancy-v-state-board-of-retirement-cr-13-456/download,2026-08-19T17:04:46-04:00
https://www.mass.gov/doc/filkins-rosetta-v-state-board-of-retirement-cr-11-715/download,2026-08-19T17:04:48-04:00
https://www.mass.gov/doc/bsea-1300160-0/download,2026-08-19T17:06:29-04:00
https://www.mass.gov/doc/matter-of-withington-trustee-whips-farm-trust-docket-no-dep-06-1070-dala-2008/download,2026-08-19T17:04:48-04:00
https://www.mass.gov/doc/bsea-1605247r2/download,2026-08-19T16:39:31-04:00
https://www.mass.gov/doc/bsea-1601943-1/download,2026-08-19T16:39:32-04:00
https://www.mass.gov/doc/bsea-1607922r2-0/download,2026-08-19T16:39:29-04:00
https://www.mass.gov/doc/bsea-1606853-0/download,2026-08-19T16:39:29-04:00
https://www.mass.gov/doc/bsea-1605247r2-0/download,2026-08-19T16:39:31-04:00
https://www.mass.gov/doc/bsea-1400255-1/download,2026-08-19T16:32:47-04:00
https://www.mass.gov/doc/rosario-wayne-j-v-fall-river-retirement-board-cr-13-233/download,2026-08-19T17:04:46-04:00
https://www.mass.gov/doc/bsea-1610565/download,2026-08-19T16:38:49-04:00
https://www.mass.gov/doc/bsea-1604503-0/download,2026-08-19T16:39:34-04:00
https://www.mass.gov/doc/bsea-1700442/download,2026-08-19T16:38:44-04:00
https://www.mass.gov/doc/bsea-1608291-0/download,2026-08-19T16:41:13-04:00
https://www.mass.gov/doc/bsea-1609990/download,2026-08-19T16:38:52-04:00
https://www.mass.gov/doc/fy-2004-bsea-statistics/download,2026-08-19T17:06:29-04:00
https://www.mass.gov/doc/bsea-1606409-0/download,2026-08-19T16:40:25-04:00
https://www.mass.gov/doc/manning-timothy-v-state-board-of-retirement-cr-12-325/download,2026-08-19T17:04:46-04:00
https://www.mass.gov/doc/bsea-1701925-0/download,2026-08-19T16:38:44-04:00
https://www.mass.gov/doc/bsea-1503636-1/download,2026-08-19T16:35:17-04:00
https://www.mass.gov/doc/bsea-1603589-0/download,2026-08-19T16:45:52-04:00
https://www.mass.gov/doc/bsea1504613-0/download,2026-08-19T16:41:15-04:00
https://www.mass.gov/doc/bsea-1404036-0/download,2026-08-19T16:44:18-04:00
https://www.mass.gov/doc/bsea-1600355/download,2026-08-19T16:33:55-04:00
https://www.mass.gov/doc/bsea-1503636-2/download,2026-08-19T16:35:17-04:00
https://www.mass.gov/doc/bsea-1502427-1/download,2026-08-19T17:06:29-04:00
https://www.mass.gov/doc/bsea-1504488-0/download,2026-08-19T17:06:27-04:00
https://www.mass.gov/doc/bsea-1702015-0/download,2026-08-19T16:35:21-04:00
https://www.mass.gov/doc/form-2a-disposal-system-construction-permit/download,2026-08-19T10:27:29-04:00
https://www.mass.gov/doc/bsea-1610565-0/download,2026-08-19T16:38:49-04:00
https://www.mass.gov/doc/bsea-11-1387cr-0/download,2026-08-19T16:35:17-04:00
https://www.mass.gov/doc/bsea-1700442-0/download,2026-08-19T16:38:44-04:00
https://www.mass.gov/doc/bsea-1505976-0/download,2026-08-19T16:41:15-04:00
https://www.mass.gov/doc/bsea-1505285-0/download,2026-08-19T16:45:50-04:00
https://www.mass.gov/doc/bsea-1307346-0/download,2026-08-19T16:43:34-04:00
https://www.mass.gov/doc/bsea-1601445-0/download,2026-08-19T16:45:52-04:00
https://www.mass.gov/doc/bsea-12-8636remandd2-0/download,2026-08-19T16:45:50-04:00
https://www.mass.gov/doc/bsea-1406097-0/download,2026-08-19T16:44:15-04:00
https://www.mass.gov/doc/bsea-1410881/download,2026-08-19T16:45:48-04:00
https://www.mass.gov/doc/bsea-1400006-0/download,2026-08-19T16:44:13-04:00
https://www.mass.gov/doc/bsea-1304007/download,2026-08-19T16:43:36-04:00
https://www.mass.gov/doc/bsea-1302133-2/download,2026-08-19T17:06:27-04:00
https://www.mass.gov/doc/bsea-1304007-0/download,2026-08-19T16:43:36-04:00
https://www.mass.gov/doc/bsea-1404110/download,2026-08-19T16:32:47-04:00
https://www.mass.gov/doc/bsea-1601297-0/download,2026-08-19T16:39:31-04:00
https://www.mass.gov/doc/bsea-1607164-0/download,2026-08-19T16:38:45-04:00
https://www.mass.gov/doc/bsea-1600355-0/download,2026-08-19T16:33:55-04:00
https://www.mass.gov/doc/bsea-1402591/download,2026-08-19T16:43:36-04:00
https://www.mass.gov/doc/bsea-1603808-0/download,2026-08-19T16:33:53-04:00
https://www.mass.gov/doc/bsea-1606554/download,2026-08-19T16:38:47-04:00
https://www.mass.gov/doc/fy-2003-bsea-statistics/download,2026-08-19T17:06:27-04:00
https://www.mass.gov/doc/bsea-1402087/download,2026-08-19T16:43:38-04:00
https://www.mass.gov/doc/bsea-1403404-0/download,2026-08-19T16:44:15-04:00
https://www.mass.gov/doc/bsea-1703425-0/download,2026-08-19T16:35:19-04:00
https://www.mass.gov/doc/bsea-1606568-0/download,2026-08-19T16:39:34-04:00
https://www.mass.gov/doc/bsea-1409290-and-1500006-0/download,2026-08-19T16:44:20-04:00
https://www.mass.gov/doc/bsea-1501215-0/download,2026-08-19T16:39:36-04:00
https://www.mass.gov/doc/obrien-michael-v-state-board-of-retirement-cr-14-721/download,2026-08-19T17:04:44-04:00
https://www.mass.gov/doc/matter-of-atlantic-avenue-realty-trusttheresa-l-devine-trustee-dep-06-545-dala-2008/download,2026-08-19T17:04:44-04:00
https://www.mass.gov/doc/bsea-1507279/download,2026-08-19T16:35:13-04:00
https://www.mass.gov/doc/bsea-1605247-0/download,2026-08-19T16:39:34-04:00
https://www.mass.gov/doc/dorsey-sara-v-boston-police-department-3316/download,2026-08-19T17:04:46-04:00
https://www.mass.gov/doc/holland-maria-v-boston-retirement-board-cr-13-13/download,2026-08-19T17:04:46-04:00
https://www.mass.gov/doc/simpreux-maria-v-cambridge-retirement-board-cr-14-770/download,2026-08-19T17:04:46-04:00
https://www.mass.gov/doc/ackerman-ross-v-worcester-regional-retirement-board-cr-11-405/download,2026-08-19T17:20:45-04:00
https://www.mass.gov/doc/asare-dorothy-v-taunton-retirement-board-cr-12-445/download,2026-08-19T17:04:44-04:00
https://www.mass.gov/doc/bsea-1404110-0/download,2026-08-19T16:32:47-04:00
https://www.mass.gov/doc/bsea-1605042-2/download,2026-08-19T16:41:13-04:00
https://www.mass.gov/doc/bsea-1501317-0/download,2026-08-19T16:45:52-04:00
https://www.mass.gov/doc/bsea-1404967-1/download,2026-08-19T16:44:18-04:00
https://www.mass.gov/doc/bsea-1506955-0/download,2026-08-19T16:35:13-04:00
https://www.mass.gov/doc/bsea-1410881-0/download,2026-08-19T16:45:48-04:00
https://www.mass.gov/doc/bsea-1607922/download,2026-08-19T16:39:31-04:00
https://www.mass.gov/doc/bsea-1502427-2/download,2026-08-19T16:35:15-04:00
https://www.mass.gov/doc/bsea-1602849-0/download,2026-08-19T16:41:15-04:00
https://www.mass.gov/doc/bsea-16007495-0/download,2026-08-19T16:45:52-04:00
https://www.mass.gov/doc/bsea-1601943-2/download,2026-08-19T16:41:13-04:00
https://www.mass.gov/doc/courts-dwnld-motion-to-extend-andor-amend-treatment-plan-mpc-826/download,2026-08-19T12:11:50-04:00
https://www.mass.gov/doc/bsea-1405763-0/download,2026-08-19T16:44:18-04:00
https://www.mass.gov/doc/bsea-1400521-0/download,2026-08-19T16:44:17-04:00
https://www.mass.gov/doc/bsea-1500165/download,2026-08-19T16:44:20-04:00
https://www.mass.gov/doc/board-of-registration-in-medicine-v-cynthia-provow-rm-13-510/download,2026-08-19T17:21:25-04:00
https://www.mass.gov/doc/bsea-1702629/download,2026-08-19T16:41:13-04:00
https://www.mass.gov/doc/niven-blowers-claire-v-state-board-of-retirement-cr-15-61/download,2026-08-19T17:04:44-04:00
https://www.mass.gov/doc/bsea-1612096/download,2026-08-19T16:38:52-04:00
https://www.mass.gov/doc/dewey-catherine-v-state-board-of-retirement-cr-12-58/download,2026-08-19T17:04:44-04:00
https://www.mass.gov/doc/bsea-1612096-0/download,2026-08-19T16:38:49-04:00
https://www.mass.gov/doc/bsea-1600059-0/download,2026-08-19T16:33:55-04:00
https://www.mass.gov/doc/bsea-1300562-0/download,2026-08-19T16:43:33-04:00
https://www.mass.gov/doc/foley-jr-john-p-v-milton-retirement-board-cr-15-118/download,2026-08-19T17:04:44-04:00
https://www.mass.gov/doc/bsea-1304032-0/download,2026-08-19T16:43:34-04:00
https://www.mass.gov/doc/bsea-1510008-0/download,2026-08-19T16:38:52-04:00
https://www.mass.gov/doc/bsea-1406357-0/download,2026-08-19T16:44:17-04:00
https://www.mass.gov/doc/bsea-1509319-0/download,2026-08-19T16:35:13-04:00
https://www.mass.gov/doc/bsea-1606554-0/download,2026-08-19T16:38:49-04:00
https://www.mass.gov/doc/bsea-1606558-0/download,2026-08-19T16:38:47-04:00
https://www.mass.gov/doc/bsea-1606776-0/download,2026-08-19T16:38:47-04:00
https://www.mass.gov/doc/bsea-1601536-0/download,2026-08-19T17:06:27-04:00
https://www.mass.gov/doc/taliadouros-george-v-state-board-of-retirement-cr-11-660/download,2026-08-19T17:04:44-04:00
https://www.mass.gov/doc/bsea-1605247-1/download,2026-08-19T16:40:27-04:00
https://www.mass.gov/doc/board-of-registration-in-medicine-v-john-c-nadolny-rm-16-238/download,2026-08-19T17:02:55-04:00
https://www.mass.gov/doc/collari-sharon-v-marlborough-retirement-board-cr-15-179/download,2026-08-19T17:02:55-04:00
https://www.mass.gov/doc/matter-of-great-harbor-yacht-club-inc-docket-no-dep-07-426-dala-2008/download,2026-08-19T17:04:44-04:00
https://www.mass.gov/doc/hackenson-kathryn-v-massachusetts-teachers-retirement-system-cr-14-94/download,2026-08-19T17:04:44-04:00
https://www.mass.gov/doc/bsea-1609348-1/download,2026-08-19T16:38:45-04:00
https://www.mass.gov/doc/bsea-1609990-0/download,2026-08-19T16:38:52-04:00
https://www.mass.gov/doc/holland-james-v-malden-retirement-board-cr-13-538/download,2026-08-19T17:04:44-04:00
https://www.mass.gov/doc/bsea-1402742-0/download,2026-08-19T16:44:13-04:00
https://www.mass.gov/doc/bsea-1407862/download,2026-08-19T16:44:15-04:00
https://www.mass.gov/doc/matter-of-princeton-development-inc-dep-07-47-dala-2008/download,2026-08-19T17:02:53-04:00
https://www.mass.gov/doc/bsea-1403554-1/download,2026-08-19T16:44:13-04:00
https://www.mass.gov/doc/bsea-1403852-0/download,2026-08-19T16:39:32-04:00
https://www.mass.gov/doc/bsea-1605247-2/download,2026-08-19T16:39:36-04:00
https://www.mass.gov/doc/bsea-1300160-2/download,2026-08-19T17:06:27-04:00
https://www.mass.gov/doc/bsea-1405888-0/download,2026-08-19T16:33:51-04:00
https://www.mass.gov/doc/bsea-1504291-0/download,2026-08-19T16:35:17-04:00
https://www.mass.gov/doc/bsea-1509319-1/download,2026-08-19T16:33:53-04:00
https://www.mass.gov/doc/board-of-registration-in-medicine-v-nickolas-soumelidis-md-rm-15-25-5216/download,2026-08-19T17:02:55-04:00
https://www.mass.gov/doc/bsea-1502427-3/download,2026-08-19T16:35:15-04:00
https://www.mass.gov/doc/ronald-p-anger-and-ranger-inc-docket-no-dep-05-721-dala-2008/download,2026-08-19T17:02:53-04:00
https://www.mass.gov/doc/bsea-1504488-1/download,2026-08-19T16:40:27-04:00
https://www.mass.gov/doc/burke-arleen-v-teachers-retirement-board-cr-15-428/download,2026-08-19T17:02:55-04:00
https://www.mass.gov/doc/bsea-1607922-0/download,2026-08-19T16:39:31-04:00
https://www.mass.gov/doc/bsea-1600002-0/download,2026-08-19T16:39:32-04:00
https://www.mass.gov/doc/bsea-1610551/download,2026-08-19T16:40:27-04:00
https://www.mass.gov/doc/bsea-150810c-0/download,2026-08-19T16:39:31-04:00
https://www.mass.gov/doc/bsea-1405530-0/download,2026-08-19T16:33:51-04:00
https://www.mass.gov/doc/bsea-1603447-and-160349-0/download,2026-08-19T16:39:32-04:00
https://www.mass.gov/doc/bsea-1403564/download,2026-08-19T16:44:17-04:00
https://www.mass.gov/doc/bsea-1305177-0/download,2026-08-19T16:43:36-04:00
https://www.mass.gov/doc/bsea-1606551-0/download,2026-08-19T16:40:27-04:00
https://www.mass.gov/doc/bsea-1402591-0/download,2026-08-19T16:43:38-04:00
https://www.mass.gov/doc/bsea-1309716-2/download,2026-08-19T16:44:15-04:00
https://www.mass.gov/doc/bsea-1402087-0/download,2026-08-19T16:43:38-04:00
https://www.mass.gov/doc/bsea-1404388-0/download,2026-08-19T16:33:51-04:00
https://www.mass.gov/doc/bsea-1409900-0/download,2026-08-19T16:39:34-04:00
https://www.mass.gov/doc/bsea-1508106-0/download,2026-08-19T16:45:50-04:00
https://www.mass.gov/doc/bsea-1300562-2/download,2026-08-19T16:43:33-04:00
https://www.mass.gov/doc/schlager-robert-a-matter-of-dep-06-940-dala-2008/download,2026-08-19T17:02:53-04:00
https://www.mass.gov/doc/bsea-1607800/download,2026-08-19T16:38:44-04:00
https://www.mass.gov/doc/bsea-1310012c2-0/download,2026-08-19T16:44:20-04:00
https://www.mass.gov/doc/bsea-1403110-0/download,2026-08-19T16:43:38-04:00
https://www.mass.gov/doc/bsea-1702629-0/download,2026-08-19T16:40:27-04:00
https://www.mass.gov/doc/bsea-1601127-2/download,2026-08-19T16:33:53-04:00
https://www.mass.gov/doc/bsea-1504488-2/download,2026-08-19T17:06:27-04:00
https://www.mass.gov/doc/bsea-1505232-0/download,2026-08-19T16:35:15-04:00
https://www.mass.gov/doc/bsea-1302922-0/download,2026-08-19T16:43:33-04:00
https://www.mass.gov/doc/bsea-1606556-0/download,2026-08-19T16:38:47-04:00
https://www.mass.gov/doc/bsea-1402344-0/download,2026-08-19T16:45:48-04:00
https://www.mass.gov/doc/bsea-1406696-0/download,2026-08-19T16:44:17-04:00
https://www.mass.gov/doc/bsea-1408578-0/download,2026-08-19T16:45:48-04:00
https://www.mass.gov/doc/bsea-1607800-0/download,2026-08-19T16:38:44-04:00
https://www.mass.gov/doc/matter-of-loitherstein-docket-no-hw-04-206-dala-2008/download,2026-08-19T17:02:53-04:00
https://www.mass.gov/doc/bsea-1404967-2/download,2026-08-19T16:44:18-04:00
https://www.mass.gov/doc/ibanez-antonio-v-state-board-of-retirement-cr-13-386/download,2026-08-19T17:02:53-04:00
https://www.mass.gov/doc/motion-to-reinstate-rogers-authority-mpc-828/download,2026-08-19T12:12:22-04:00
https://www.mass.gov/doc/borucki-michelle-v-state-board-of-retirement-cr-12-683/download,2026-08-19T17:02:53-04:00
https://www.mass.gov/doc/schofield-debra-v-state-board-of-retirement-cr-13-494/download,2026-08-19T17:02:53-04:00
https://www.mass.gov/doc/soldi-james-v-worcester-regional-retirement-board-cr-14-525/download,2026-08-19T17:02:53-04:00
https://www.mass.gov/doc/matter-of-north-andover-realty-corp-docket-nos-dep-07-904-dep-04-907-dala-2008/download,2026-08-19T17:02:53-04:00
https://www.mass.gov/doc/matter-of-north-washington-wharf-llc-and-beverly-wharf-llc-redevelopment-project-docket-no-dep-07-560-dala-march-24-2008/download,2026-08-19T17:02:50-04:00
https://www.mass.gov/doc/bsea-1303742-0/download,2026-08-19T16:43:31-04:00
https://www.mass.gov/doc/bsea-1407862-0/download,2026-08-19T16:44:15-04:00
https://www.mass.gov/doc/bsea-1304173/download,2026-08-19T16:43:34-04:00
https://www.mass.gov/doc/bsea-1403554-2/download,2026-08-19T17:06:27-04:00
https://www.mass.gov/doc/bsea-1609348-2/download,2026-08-19T16:38:45-04:00
https://www.mass.gov/doc/bsea-1608619-0/download,2026-08-19T16:40:27-04:00
https://www.mass.gov/doc/bsea-1605247r3-0/download,2026-08-19T16:39:29-04:00
https://www.mass.gov/doc/bsea-1500165-0/download,2026-08-19T16:44:20-04:00
https://www.mass.gov/doc/bsea-1400720-0/download,2026-08-19T16:43:38-04:00
https://www.mass.gov/doc/matter-of-robert-zeraschi-dep-06-939-dala-2008/download,2026-08-19T17:02:50-04:00
https://www.mass.gov/doc/bsea-1507279-0/download,2026-08-19T16:35:15-04:00
https://www.mass.gov/doc/bsea-170888/download,2026-08-19T16:41:17-04:00
https://www.mass.gov/doc/appendix-t-cmsp-covered-codes-3/download,2026-08-19T15:16:29-04:00
https://www.mass.gov/doc/appendix-t-cmsp-covered-codes-4/download,2026-08-19T15:15:59-04:00
https://www.mass.gov/doc/don-pending-projects/download,2026-08-19T10:15:07-04:00
https://www.mass.gov/doc/milton-lavora-v-boston-retirement-board-cr-14-19/download,2026-08-19T17:02:50-04:00
https://www.mass.gov/doc/maddox-debra-v-teachers-retirement-system-cr-15-301/download,2026-08-19T17:02:50-04:00
https://www.mass.gov/doc/bsea-16-07199-16-07761-16-08074-16-09518/download,2026-08-19T16:41:20-04:00
https://www.mass.gov/doc/bsea-1707631/download,2026-08-19T16:41:15-04:00
https://www.mass.gov/doc/bsea-1602067/download,2026-08-19T16:41:15-04:00
https://www.mass.gov/doc/bsea-1707797/download,2026-08-19T16:41:17-04:00
https://www.mass.gov/doc/bsea-1702015-1/download,2026-08-19T16:40:22-04:00
https://www.mass.gov/doc/bsea-1706923/download,2026-08-19T16:40:20-04:00
https://www.mass.gov/doc/bsea-1609348-3/download,2026-08-19T16:41:17-04:00
https://www.mass.gov/doc/volpe-marilyn-v-massachusetts-teachers-retirement-system-cr-13-147/download,2026-08-19T17:20:45-04:00
https://www.mass.gov/doc/delorme-susan-v-shrewsbury-retirement-board-cr-13-540/download,2026-08-19T17:02:50-04:00
https://www.mass.gov/doc/carpenter-maryanne-v-state-bd-of-retirement-cr-15-530/download,2026-08-19T17:02:50-04:00
https://www.mass.gov/doc/morreale-mary-v-state-bd-of-retirement-cr-15-332/download,2026-08-19T17:02:50-04:00
https://www.mass.gov/doc/deec-v-cynthia-hoyt-oc-17-034/download,2026-08-19T17:23:22-04:00
https://www.mass.gov/doc/kane-teresa-v-massachusetts-teachers-retirement-system-cr-12-80/download,2026-08-19T17:02:50-04:00
https://www.mass.gov/doc/cobb-corrine-v-state-board-of-retirement-cr-14-367/download,2026-08-19T17:02:50-04:00
https://www.mass.gov/doc/cayo-george-v-w-springfield-retirement-board-cr-15-468/download,2026-08-19T17:02:50-04:00
https://www.mass.gov/doc/oconnor-debra-v-state-board-of-retirement-cr-13-372-0/download,2026-08-19T17:02:48-04:00
https://www.mass.gov/doc/board-of-registration-in-medicine-v-sara-russell-md-rm-17-089/download,2026-08-19T17:20:45-04:00
https://www.mass.gov/doc/mcdonough-marie-v-quincy-retirement-board-cr-13-357/download,2026-08-19T17:02:48-04:00
https://www.mass.gov/doc/board-of-registration-in-medicine-v-nickolas-soumelidis-rm-15-25-amended-decision-42717/download,2026-08-19T17:02:48-04:00
https://www.mass.gov/doc/bsea-16-07199-16-07761-16-08074-16-09518-0/download,2026-08-19T16:41:20-04:00
https://www.mass.gov/doc/bsea-1706174/download,2026-08-19T16:40:22-04:00
https://www.mass.gov/doc/england-gail-v-state-board-of-retirement-cr-14-18/download,2026-08-19T17:02:48-04:00
https://www.mass.gov/doc/deec-v-carmen-correa-oc-16-548/download,2026-08-19T17:23:22-04:00
https://www.mass.gov/doc/bsea-1702809-1/download,2026-08-19T16:41:20-04:00
https://www.mass.gov/doc/bsea-1702015-2/download,2026-08-19T16:40:22-04:00
https://www.mass.gov/doc/chiles-dana-v-fair-labor-division-lb-14-439/download,2026-08-19T17:19:47-04:00
https://www.mass.gov/doc/bsea-1600388/download,2026-08-19T16:41:17-04:00
https://www.mass.gov/doc/benoit-robert-v-everett-retirement-board-cr-14-821/download,2026-08-19T17:02:48-04:00
https://www.mass.gov/doc/bsea-1610565-1/download,2026-08-19T16:41:17-04:00
https://www.mass.gov/doc/bsea-170888-0/download,2026-08-19T16:41:17-04:00
https://www.mass.gov/doc/bsea-1709036/download,2026-08-19T17:06:27-04:00
https://www.mass.gov/doc/abdelahad-claire-v-state-board-of-retirement-cr-15-292/download,2026-08-19T17:02:48-04:00
https://www.mass.gov/doc/bernier-jean-v-hampton-county-retirement-system-cr-15-555/download,2026-08-19T17:02:48-04:00
https://www.mass.gov/doc/dept-of-public-health-v-alexander-bernal-phna-16-314/download,2026-08-19T17:02:48-04:00
https://www.mass.gov/doc/dept-of-public-health-v-alexander-bernal-ruling-on-motion-for-clarification-phna-16-314/download,2026-08-19T17:02:48-04:00
https://www.mass.gov/doc/lambert-patricia-v-hampden-county-regional-retirement-board-cr-15-209/download,2026-08-19T17:20:45-04:00
https://www.mass.gov/doc/nessralla-abdu-fourstar-landscaping-and-construction-inc-v-fair-labor-division-lb-14-387-and-lb-14-388/download,2026-08-19T17:19:47-04:00
https://www.mass.gov/doc/lanni-michael-v-everett-retirement-board-cr-15-116/download,2026-08-19T17:02:48-04:00
https://www.mass.gov/doc/bsea-1706472/download,2026-08-19T16:41:20-04:00
https://www.mass.gov/doc/bsea-1702809-2/download,2026-08-19T16:41:20-04:00
https://www.mass.gov/doc/town-of-brewster-v-dept-of-agricultural-resources-ms-16-393-394-395-and-396/download,2026-08-19T17:02:46-04:00
https://www.mass.gov/doc/lauder-susan-v-massachusetts-teachers-retirement-system-cr-15-303/download,2026-08-19T17:02:46-04:00
https://www.mass.gov/doc/williams-patricia-delia-v-state-board-of-retirement-cr-12-229/download,2026-08-19T16:48:27-04:00
https://www.mass.gov/doc/bsea-1701031/download,2026-08-19T16:40:22-04:00
https://www.mass.gov/doc/bsea-1609348-4/download,2026-08-19T16:41:17-04:00
https://www.mass.gov/doc/dept-of-public-health-office-of-emergency-medical-services-v-pessini-phet-16-162/download,2026-08-19T17:02:46-04:00
https://www.mass.gov/doc/bsea-1702730/download,2026-08-19T16:40:22-04:00
https://www.mass.gov/doc/bsea-1706923-0/download,2026-08-19T16:40:22-04:00
https://www.mass.gov/doc/bsea-170888-1/download,2026-08-19T17:06:27-04:00
https://www.mass.gov/doc/bsea-1707797-0/download,2026-08-19T16:41:17-04:00
https://www.mass.gov/doc/swain-william-m-v-chicopee-retirement-board-cr-15-80/download,2026-08-19T17:02:46-04:00
https://www.mass.gov/doc/brelsford-keith-v-dept-of-veterans-services-vs-15-594/download,2026-08-19T17:20:36-04:00
https://www.mass.gov/doc/hollup-robert-v-worcester-retirement-board-cr-15-221/download,2026-08-19T17:02:46-04:00
https://www.mass.gov/doc/creedon-laura-v-lexington-retirement-board-cr-15-662/download,2026-08-19T17:21:25-04:00
https://www.mass.gov/doc/wolfson-barbara-v-massachusetts-teachers-retirement-system-cr-12-109/download,2026-08-19T17:02:46-04:00
https://www.mass.gov/doc/bsea-1709036-0/download,2026-08-19T16:40:20-04:00
https://www.mass.gov/doc/bsea-1602494/download,2026-08-19T16:45:52-04:00
https://www.mass.gov/doc/bsea-1709151/download,2026-08-19T16:40:20-04:00
https://www.mass.gov/doc/bsea-1702730-0/download,2026-08-19T16:40:22-04:00
https://www.mass.gov/doc/gibbings-keith-v-state-board-of-retirement-cr-14-108/download,2026-08-19T17:02:46-04:00
https://www.mass.gov/doc/howard-kathleen-v-state-bd-of-retirement-cr-15-322/download,2026-08-19T17:21:25-04:00
https://www.mass.gov/doc/hogan-jonathan-v-state-board-of-retirement-cr-16-243/download,2026-08-19T17:21:25-04:00
https://www.mass.gov/doc/rodriguez-miguel-v-springfield-retirement-board-cr-15-216/download,2026-08-19T17:01:41-04:00
https://www.mass.gov/doc/mcneil-spencer-v-fair-labor-division-lb-16-211/download,2026-08-19T17:20:36-04:00
https://www.mass.gov/doc/bsea-1610565-2/download,2026-08-19T16:41:17-04:00
https://www.mass.gov/doc/macgeachy-john-v-state-board-of-retirement-cr-13-403-16-220/download,2026-08-19T17:01:41-04:00
https://www.mass.gov/doc/bsea-1602067-0/download,2026-08-19T16:41:15-04:00
https://www.mass.gov/doc/kennefick-stephen-v-massachusetts-teachers-retirement-system-cr-12-317/download,2026-08-19T17:01:41-04:00
https://www.mass.gov/doc/board-of-registration-in-medicine-v-robert-b-shepherd-rm-16-350/download,2026-08-19T17:01:41-04:00
https://www.mass.gov/doc/bsea-1600388-0/download,2026-08-19T16:41:17-04:00
https://www.mass.gov/doc/bsea-1706472-0/download,2026-08-19T16:41:20-04:00
https://www.mass.gov/doc/board-of-registration-in-medicine-v-tyrone-s-cushing-rm-16-249/download,2026-08-19T17:01:41-04:00
https://www.mass.gov/doc/bsea-1709151-0/download,2026-08-19T16:40:20-04:00
https://www.mass.gov/doc/volpe-marilyn-v-massachusetts-teachers-retirement-system-cr-13-147-motion-to-compel-the-production-of-documents/download,2026-08-19T17:21:25-04:00
https://www.mass.gov/doc/hallen-cheryl-v-state-board-of-retirement-cr-14-572/download,2026-08-19T17:02:46-04:00
https://www.mass.gov/doc/bsea-1707097/download,2026-08-19T16:40:25-04:00
https://www.mass.gov/doc/bsea-1706174-0/download,2026-08-19T16:40:22-04:00
https://www.mass.gov/doc/bsea-1701031-0/download,2026-08-19T16:40:22-04:00
https://www.mass.gov/doc/bsea-1702306/download,2026-08-19T17:06:27-04:00
https://www.mass.gov/doc/deec-v-sterlin-sanchez-oc-16-485/download,2026-08-19T17:23:20-04:00
https://www.mass.gov/doc/bsea-1602494-0/download,2026-08-19T16:40:25-04:00
https://www.mass.gov/doc/mbugua-margaret-v-dept-of-public-health-phna-15-398/download,2026-08-19T17:02:46-04:00
https://www.mass.gov/doc/bsea-1707097-0/download,2026-08-19T16:40:25-04:00
https://www.mass.gov/doc/bsea-1707631-0/download,2026-08-19T16:41:15-04:00
https://www.mass.gov/doc/gale-matthew-v-state-bd-of-retirement-cr-13-205/download,2026-08-19T17:02:46-04:00
https://www.mass.gov/doc/board-of-registration-in-medicine-v-richard-s-fraser-rm-13-224/download,2026-08-19T17:21:25-04:00
https://www.mass.gov/doc/board-of-registration-in-medicine-v-ronald-nasif-rm-16-163/download,2026-08-19T17:21:25-04:00
https://www.mass.gov/doc/bsea-1702306-0/download,2026-08-19T17:00:47-04:00
https://www.mass.gov/doc/randall-george-v-franklin-county-retirement-board-cr-12-277/download,2026-08-19T17:01:41-04:00
https://www.mass.gov/doc/freeman-merilee-v-state-board-of-retirement-cr-13-551/download,2026-08-19T17:01:41-04:00
https://www.mass.gov/doc/mason-patricia-v-massachusetts-retirement-system-cr-16-200/download,2026-08-19T17:01:41-04:00
https://www.mass.gov/doc/welch-george-franklin-v-department-of-veterans-services-vs-17-290/download,2026-08-19T17:20:38-04:00
https://www.mass.gov/doc/poirier-paul-v-new-bedford-retirement-board-cr-15-503/download,2026-08-19T17:01:41-04:00
https://www.mass.gov/doc/mcconnell-maria-v-department-of-veterans-services-vs-16-275/download,2026-08-19T17:20:38-04:00
https://www.mass.gov/doc/loomis-leslie-v-massachusetts-teachers-retirement-system-cr-15-269/download,2026-08-19T17:01:39-04:00
https://www.mass.gov/doc/flanagan-gail-v-massachusetts-teachers-retirement-system-cr-15-650/download,2026-08-19T17:01:39-04:00
https://www.mass.gov/doc/faggioli-deborah-v-fall-river-retirement-board-cr-14-296/download,2026-08-19T17:01:39-04:00
https://www.mass.gov/doc/deec-v-santizo-elvia-oc-17-087/download,2026-08-19T17:23:20-04:00
https://www.mass.gov/doc/callahan-kathleen-v-revere-retirement-board-cr-12-523/download,2026-08-19T17:01:39-04:00
https://www.mass.gov/doc/brunell-jean-v-massachusetts-teachers-retirement-system-cr-15-764/download,2026-08-19T17:01:39-04:00
https://www.mass.gov/doc/bell-elizabeth-v-franklin-regional-retirement-board-cr-15-600/download,2026-08-19T17:01:39-04:00
https://www.mass.gov/doc/hopkins-francine-v-bristol-county-retirement-system-cr-15-470/download,2026-08-19T17:01:39-04:00
https://www.mass.gov/doc/reardon-eugene-f-iii-v-public-employee-retirement-administration-commission-cr-15-91/download,2026-08-19T17:21:25-04:00
https://www.mass.gov/doc/deec-v-reyes-oc-17-086/download,2026-08-19T17:23:20-04:00
https://www.mass.gov/doc/andrade-joseph-v-state-bd-of-retirement-cr-13-104/download,2026-08-19T17:01:39-04:00
https://www.mass.gov/doc/nelson-leonard-v-state-board-of-retirement-cr-15-10/download,2026-08-19T17:21:25-04:00
https://www.mass.gov/doc/fitzpatrick-james-h-v-chelsea-retirement-system-cr-16-216/download,2026-08-19T17:21:25-04:00
https://www.mass.gov/doc/board-of-registration-in-medicine-v-pomerantz-arthur-rm-16-483/download,2026-08-19T17:01:39-04:00
https://www.mass.gov/doc/koerber-angela-v-somerville-retirement-bd-cr-15-66/download,2026-08-19T17:01:39-04:00
https://www.mass.gov/doc/bsea-1511135/download,2026-08-19T17:00:47-04:00
https://www.mass.gov/doc/bsea-1511135-0/download,2026-08-19T17:00:12-04:00
https://www.mass.gov/doc/bsea-1702306r2/download,2026-08-19T16:40:20-04:00
https://www.mass.gov/doc/bsea-1702306r2-0/download,2026-08-19T16:40:20-04:00
https://www.mass.gov/doc/bsea-1710189/download,2026-08-19T17:00:12-04:00
https://www.mass.gov/doc/bsea-1710189-0/download,2026-08-19T17:00:47-04:00
https://www.mass.gov/doc/contrino-anthony-v-westfield-retirement-board-cr-15-212/download,2026-08-19T17:43:50-04:00
https://www.mass.gov/doc/carroll-laurence-v-massachusetts-teachers-retirement-board-cr-15-8/download,2026-08-19T17:43:50-04:00
https://www.mass.gov/doc/costello-gordon-kathleen-v-state-board-of-retirement-cr-15-331/download,2026-08-19T17:43:50-04:00
https://www.mass.gov/doc/berman-phyllis-v-state-board-of-retirement-cr-13-549/download,2026-08-19T17:43:50-04:00
https://www.mass.gov/doc/perez-nancy-v-massachusetts-teachers-retirement-system-cr-15-155/download,2026-08-19T17:42:49-04:00
https://www.mass.gov/doc/strong-joseph-v-worcester-regional-retirement-system-cr-15-597/download,2026-08-19T17:42:46-04:00
https://www.mass.gov/doc/romano-beth-v-massachusetts-teachers-retirement-system-cr-15-260/download,2026-08-19T17:42:46-04:00
https://www.mass.gov/doc/desire-marie-rose-bernadette-v-massachusetts-teachers-retirement-system-cr-14-200/download,2026-08-19T17:43:50-04:00
https://www.mass.gov/doc/wilds-sumner-stacy-v-dept-of-public-health-phna-15-300/download,2026-08-19T17:42:46-04:00
https://www.mass.gov/doc/oconnor-debra-v-state-board-of-retirement-cr-13-372/download,2026-08-19T17:42:49-04:00
https://www.mass.gov/doc/bsea-17-10814/download,2026-08-19T16:40:20-04:00
https://www.mass.gov/doc/bsea-18-00182/download,2026-08-19T16:40:20-04:00
https://www.mass.gov/doc/bsea-17-10699/download,2026-08-19T16:40:20-04:00
https://www.mass.gov/doc/bsea-17-07353/download,2026-08-19T16:40:20-04:00
https://www.mass.gov/doc/bsea-18-00970/download,2026-08-19T16:39:36-04:00
https://www.mass.gov/doc/bsea-17-2306r4/download,2026-08-19T16:39:36-04:00
https://www.mass.gov/doc/bsea-18-00903/download,2026-08-19T16:39:36-04:00
https://www.mass.gov/doc/martin-susan-v-state-bd-of-retirement-docket-no-cr-09-1065/download,2026-08-19T17:42:49-04:00
https://www.mass.gov/doc/forbes-peter-v-state-bd-of-retirement-docket-no-cr-13-146/download,2026-08-19T17:42:50-04:00
https://www.mass.gov/doc/stoneham-retirement-bd-v-public-employee-retirement-administration-commission-docket-no-cr-12-548/download,2026-08-19T17:42:46-04:00
https://www.mass.gov/doc/sprague-christine-v-state-bd-of-retirement-docket-no-cr-10-790/download,2026-08-19T17:42:46-04:00
https://www.mass.gov/doc/perrault-nancy-v-massachusetts-teachers-retirement-system-docket-no-cr-15-32/download,2026-08-19T17:42:49-04:00
https://www.mass.gov/doc/pierre-louis-serge-v-state-bd-of-retirement-docket-no-cr-10-20/download,2026-08-19T17:47:53-04:00
https://www.mass.gov/doc/rose-stephen-v-massachusetts-teachers-retirement-system-docket-no-cr-16-43/download,2026-08-19T17:42:46-04:00
https://www.mass.gov/doc/deec-v-barbas-docket-no-oc-15-556/download,2026-08-19T17:47:53-04:00
https://www.mass.gov/doc/mcdonough-thomas-v-state-bd-of-retirement-docket-no-cr-15-98/download,2026-08-19T17:47:50-04:00
https://www.mass.gov/doc/roberts-susan-v-state-bd-of-retirement-docket-no-cr-15-297/download,2026-08-19T17:42:46-04:00
https://www.mass.gov/doc/reyes-marytza-v-state-bd-of-retirement-docket-no-cr-13-598/download,2026-08-19T17:47:53-04:00
https://www.mass.gov/doc/santos-jamie-v-fair-labor-division-lb-16-361/download,2026-08-19T17:47:51-04:00
https://www.mass.gov/doc/stevens-d-lyn-v-massachusetts-teachers-retirement-system-docket-no-cr-13-332/download,2026-08-19T17:42:46-04:00
https://www.mass.gov/doc/clement-john-v-essex-county-regional-retirement-system-docket-no-cr-14-184/download,2026-08-19T17:43:50-04:00
https://www.mass.gov/doc/dept-of-public-health-v-tilahun-wubishet-docket-no-ph-17-148/download,2026-08-19T17:46:32-04:00
https://www.mass.gov/doc/murphy-aidan-v-dept-of-veterans-services-docket-no-vs-17-056/download,2026-08-19T17:47:53-04:00
https://www.mass.gov/doc/carr-john-v-brockton-retirement-bd-docket-no-cr-07-1033/download,2026-08-19T17:43:50-04:00
https://www.mass.gov/doc/clement-john-v-essex-county-regional-retirement-system-docket-nos-cr-14-184-cr-13-294-order-denying-motion-for-reconsideration/download,2026-08-19T17:47:53-04:00
https://www.mass.gov/doc/curtin-craig-v-state-bd-of-retirement-docket-no-cr-13-317/download,2026-08-19T17:43:50-04:00
https://www.mass.gov/doc/martin-v-state-bd-of-retirement-docket-no-cr-09-1065/download,2026-08-19T17:42:49-04:00
https://www.mass.gov/doc/mendonsa-anthony-v-state-bd-of-retirement-docket-no-cr-12-595/download,2026-08-19T17:47:53-04:00
https://www.mass.gov/doc/bd-of-registration-in-medicine-v-winterer-jorg-docket-no-rm-17-1004/download,2026-08-19T17:47:53-04:00
https://www.mass.gov/doc/clement-marie-v-state-bd-of-retirement-docket-no-cr-15-299/download,2026-08-19T17:43:50-04:00
https://www.mass.gov/doc/deec-v-boodakian-dori-docket-no-oc-17-151/download,2026-08-19T17:47:53-04:00
https://www.mass.gov/doc/deec-v-lentini-laurie-docket-no-oc-15-656/download,2026-08-19T17:47:53-04:00
https://www.mass.gov/doc/welch-george-franklin-jr-v-dept-of-veterans-services-docket-no-vs-17-290-decision-on-motion-on-reconsideration/download,2026-08-19T17:47:51-04:00
https://www.mass.gov/doc/bsea-1708888/download,2026-08-19T16:39:36-04:00
https://www.mass.gov/doc/bsea-1707648/download,2026-08-19T16:40:25-04:00
https://www.mass.gov/doc/bsea-1707353-1804291/download,2026-08-19T16:41:20-04:00
https://www.mass.gov/doc/loitherstein-matter-of-docket-no-hw-04-206-dala-2008/download,2026-08-19T17:42:49-04:00
https://www.mass.gov/doc/matter-of-north-washington-wharf-llc-and-beverly-wharf-llc-wharf-project-docket-no-dep-07-477-dala-2008/download,2026-08-19T17:47:51-04:00
https://www.mass.gov/doc/servicemember-cases/download,2026-08-19T08:31:02-04:00
https://www.mass.gov/doc/tax-lien-cases/download,2026-08-19T08:31:41-04:00
https://www.mass.gov/doc/morris-ronald-v-department-of-veterans-services/download,2026-08-19T17:42:49-04:00
https://www.mass.gov/doc/mccaw-karen-v-massachusetts-teachers-retirement-system-docket-no-cr-15-423/download,2026-08-19T17:47:50-04:00
https://www.mass.gov/doc/byrne-lori-v-massachusetts-teachers-retirement-system-docket-no-cr-15-609/download,2026-08-19T17:01:37-04:00
https://www.mass.gov/doc/dept-of-public-health-office-of-emergency-medical-services-v-stepien-jason-docket-no-phet-17-830/download,2026-08-19T17:01:37-04:00
https://www.mass.gov/doc/lukasik-v-massachusetts-teachers-retirement-system-docket-no-cr-15-668/download,2026-08-19T17:01:37-04:00
https://www.mass.gov/doc/massai-denise-v-state-bd-of-retirement-docket-no-cr-16-6/download,2026-08-19T17:01:37-04:00
https://www.mass.gov/doc/oconnor-terence-v-state-bd-of-retirement-docket-no-cr-14-268/download,2026-08-19T17:01:37-04:00
https://www.mass.gov/doc/bd-of-registration-in-medicine-v-provow-cynthia-docket-no-rm-13-510-ruling-on-motion-on-reconsideration/download,2026-08-19T17:01:37-04:00
https://www.mass.gov/doc/bsea-1802999/download,2026-08-19T16:40:25-04:00
https://www.mass.gov/doc/bsea-1803736/download,2026-08-19T16:40:25-04:00
https://www.mass.gov/doc/bsea-1800619/download,2026-08-19T16:40:25-04:00
https://www.mass.gov/doc/mulvey-craig-v-chicopee-retirement-board-cr-16-55/download,2026-08-19T17:42:49-04:00
https://www.mass.gov/doc/sharp-thomas-v-franklin-regional-retirement-board-cr-16-4/download,2026-08-19T17:42:46-04:00
https://www.mass.gov/doc/killough-jr-richard-v-massachusetts-teachers-retirement-system-cr-16-441/download,2026-08-19T17:42:49-04:00
https://www.mass.gov/doc/sibley-michael-v-franklin-regional-retirement-system-cr-15-54/download,2026-08-19T17:42:46-04:00
https://www.mass.gov/doc/dept-of-public-health-v-ghunney-william-phna-16-306/download,2026-08-19T17:43:50-04:00
https://www.mass.gov/doc/foley-michael-v-springfield-retirement-system-cr-16-222/download,2026-08-19T17:42:50-04:00
https://www.mass.gov/doc/bsea-1803977/download,2026-08-19T16:40:25-04:00
https://www.mass.gov/doc/bsea-1708888r2/download,2026-08-19T16:40:25-04:00
https://www.mass.gov/doc/bsea-1804284/download,2026-08-19T16:40:25-04:00
https://www.mass.gov/doc/bsea-1804287/download,2026-08-19T16:41:21-04:00
https://www.mass.gov/doc/bsea-1805239/download,2026-08-19T16:40:22-04:00
https://www.mass.gov/doc/bsea-1805218/download,2026-08-19T16:40:25-04:00
https://www.mass.gov/doc/bsea-1803791/download,2026-08-19T16:40:25-04:00
https://www.mass.gov/doc/bsea-1801409/download,2026-08-19T16:41:21-04:00
https://www.mass.gov/doc/bsea-1805127/download,2026-08-19T16:41:21-04:00
https://www.mass.gov/doc/00-0912/download,2026-08-19T16:57:21-04:00
https://www.mass.gov/doc/00-1620/download,2026-08-19T16:57:23-04:00
https://www.mass.gov/doc/00-1896/download,2026-08-19T16:57:23-04:00
https://www.mass.gov/doc/00-2222/download,2026-08-19T16:57:23-04:00
https://www.mass.gov/doc/00-2712/download,2026-08-19T16:57:23-04:00
https://www.mass.gov/doc/00-3511/download,2026-08-19T16:57:23-04:00
https://www.mass.gov/doc/00-3577/download,2026-08-19T16:57:23-04:00
https://www.mass.gov/doc/00-3591/download,2026-08-19T16:57:23-04:00
https://www.mass.gov/doc/00-3759/download,2026-08-19T16:57:23-04:00
https://www.mass.gov/doc/01-0462/download,2026-08-19T16:56:30-04:00
https://www.mass.gov/doc/01-0627/download,2026-08-19T16:56:30-04:00
https://www.mass.gov/doc/01-0682/download,2026-08-19T16:56:30-04:00
https://www.mass.gov/doc/01-0805/download,2026-08-19T16:56:30-04:00
https://www.mass.gov/doc/01-0846-02-1876/download,2026-08-19T16:56:30-04:00
https://www.mass.gov/doc/01-1004/download,2026-08-19T16:56:30-04:00
https://www.mass.gov/doc/01-1100/download,2026-08-19T16:57:23-04:00
https://www.mass.gov/doc/01-1222/download,2026-08-19T16:56:30-04:00
https://www.mass.gov/doc/01-1370/download,2026-08-19T16:56:30-04:00
https://www.mass.gov/doc/01-1374/download,2026-08-19T16:56:30-04:00
https://www.mass.gov/doc/01-1853/download,2026-08-19T16:57:23-04:00
https://www.mass.gov/doc/01-1878/download,2026-08-19T16:57:26-04:00
https://www.mass.gov/doc/01-2155/download,2026-08-19T16:57:26-04:00
https://www.mass.gov/doc/01-2301/download,2026-08-19T16:57:21-04:00
https://www.mass.gov/doc/01-2466/download,2026-08-19T16:58:36-04:00
https://www.mass.gov/doc/01-3218/download,2026-08-19T16:57:26-04:00
https://www.mass.gov/doc/01-3228/download,2026-08-19T16:58:36-04:00
https://www.mass.gov/doc/01-3375/download,2026-08-19T16:58:36-04:00
https://www.mass.gov/doc/01-3447/download,2026-08-19T16:58:36-04:00
https://www.mass.gov/doc/01-3465/download,2026-08-19T16:58:36-04:00
https://www.mass.gov/doc/01-3505/download,2026-08-19T16:57:26-04:00
https://www.mass.gov/doc/01-3582/download,2026-08-19T16:57:26-04:00
https://www.mass.gov/doc/01-3847/download,2026-08-19T16:57:26-04:00
https://www.mass.gov/doc/01-3852/download,2026-08-19T16:57:26-04:00
https://www.mass.gov/doc/01-3941/download,2026-08-19T16:57:26-04:00
https://www.mass.gov/doc/01-3945/download,2026-08-19T16:57:26-04:00
https://www.mass.gov/doc/01-4302/download,2026-08-19T16:57:26-04:00
https://www.mass.gov/doc/01-4513/download,2026-08-19T16:57:18-04:00
https://www.mass.gov/doc/01-4555/download,2026-08-19T16:55:44-04:00
https://www.mass.gov/doc/01-4734/download,2026-08-19T16:55:44-04:00
https://www.mass.gov/doc/01-5104/download,2026-08-19T16:55:44-04:00
https://www.mass.gov/doc/01-5126/download,2026-08-19T16:57:21-04:00
https://www.mass.gov/doc/01-5284/download,2026-08-19T16:57:21-04:00
https://www.mass.gov/doc/01-5381/download,2026-08-19T16:56:21-04:00
https://www.mass.gov/doc/01-5383/download,2026-08-19T16:56:30-04:00
https://www.mass.gov/doc/02-0276/download,2026-08-19T16:56:27-04:00
https://www.mass.gov/doc/02-0630/download,2026-08-19T16:56:27-04:00
https://www.mass.gov/doc/02-0640/download,2026-08-19T16:56:27-04:00
https://www.mass.gov/doc/02-0650/download,2026-08-19T16:56:27-04:00
https://www.mass.gov/doc/02-0735/download,2026-08-19T16:56:27-04:00
https://www.mass.gov/doc/02-1327/download,2026-08-19T16:56:27-04:00
https://www.mass.gov/doc/02-1337/download,2026-08-19T16:56:27-04:00
https://www.mass.gov/doc/02-1490/download,2026-08-19T16:56:27-04:00
https://www.mass.gov/doc/02-1497/download,2026-08-19T16:56:27-04:00
https://www.mass.gov/doc/02-1776/download,2026-08-19T16:56:27-04:00
https://www.mass.gov/doc/02-1798/download,2026-08-19T16:56:25-04:00
https://www.mass.gov/doc/02-1855/download,2026-08-19T16:56:25-04:00
https://www.mass.gov/doc/02-2066/download,2026-08-19T16:56:25-04:00
https://www.mass.gov/doc/02-2374/download,2026-08-19T16:56:25-04:00
https://www.mass.gov/doc/02-2554/download,2026-08-19T16:56:25-04:00
https://www.mass.gov/doc/02-2613/download,2026-08-19T16:56:25-04:00
https://www.mass.gov/doc/02-2627/download,2026-08-19T16:56:25-04:00
https://www.mass.gov/doc/02-2722/download,2026-08-19T16:56:25-04:00
https://www.mass.gov/doc/02-2918/download,2026-08-19T16:56:25-04:00
https://www.mass.gov/doc/02-3063/download,2026-08-19T16:56:25-04:00
https://www.mass.gov/doc/02-3337/download,2026-08-19T16:56:23-04:00
https://www.mass.gov/doc/02-3458/download,2026-08-19T16:56:23-04:00
https://www.mass.gov/doc/02-3722/download,2026-08-19T16:56:23-04:00
https://www.mass.gov/doc/02-3761/download,2026-08-19T16:56:23-04:00
https://www.mass.gov/doc/02-3847/download,2026-08-19T16:56:23-04:00
https://www.mass.gov/doc/02-4068-02-4109/download,2026-08-19T16:55:38-04:00
https://www.mass.gov/doc/02-4203/download,2026-08-19T16:55:44-04:00
https://www.mass.gov/doc/02-4739/download,2026-08-19T16:55:44-04:00
https://www.mass.gov/doc/03-0044/download,2026-08-19T16:55:44-04:00
https://www.mass.gov/doc/03-0126/download,2026-08-19T16:55:44-04:00
https://www.mass.gov/doc/03-0307/download,2026-08-19T16:55:44-04:00
https://www.mass.gov/doc/03-0340/download,2026-08-19T16:55:44-04:00
https://www.mass.gov/doc/03-0357/download,2026-08-19T16:55:44-04:00
https://www.mass.gov/doc/03-0391/download,2026-08-19T16:55:43-04:00
https://www.mass.gov/doc/03-0539/download,2026-08-19T16:55:43-04:00
https://www.mass.gov/doc/03-0542/download,2026-08-19T16:55:43-04:00
https://www.mass.gov/doc/03-1154/download,2026-08-19T16:55:43-04:00
https://www.mass.gov/doc/03-1193/download,2026-08-19T16:55:43-04:00
https://www.mass.gov/doc/03-1373/download,2026-08-19T16:55:43-04:00
https://www.mass.gov/doc/03-1385/download,2026-08-19T16:55:43-04:00
https://www.mass.gov/doc/03-1471/download,2026-08-19T16:55:43-04:00
https://www.mass.gov/doc/03-1839/download,2026-08-19T16:55:43-04:00
https://www.mass.gov/doc/03-1917-03-1919/download,2026-08-19T16:55:43-04:00
https://www.mass.gov/doc/03-2013/download,2026-08-19T16:55:42-04:00
https://www.mass.gov/doc/03-2062/download,2026-08-19T16:55:42-04:00
https://www.mass.gov/doc/03-2223/download,2026-08-19T16:55:42-04:00
https://www.mass.gov/doc/03-2424/download,2026-08-19T16:55:42-04:00
https://www.mass.gov/doc/03-2446/download,2026-08-19T16:55:42-04:00
https://www.mass.gov/doc/03-2465/download,2026-08-19T16:55:42-04:00
https://www.mass.gov/doc/03-2469-04-1447/download,2026-08-19T16:55:42-04:00
https://www.mass.gov/doc/03-2542/download,2026-08-19T16:55:42-04:00
https://www.mass.gov/doc/03-2617/download,2026-08-19T16:55:42-04:00
https://www.mass.gov/doc/03-2627/download,2026-08-19T16:55:42-04:00
https://www.mass.gov/doc/03-2637/download,2026-08-19T16:55:40-04:00
https://www.mass.gov/doc/03-2817/download,2026-08-19T16:55:40-04:00
https://www.mass.gov/doc/03-2903/download,2026-08-19T16:55:40-04:00
https://www.mass.gov/doc/03-2915/download,2026-08-19T16:55:40-04:00
https://www.mass.gov/doc/03-3381/download,2026-08-19T16:54:53-04:00
https://www.mass.gov/doc/03-3237/download,2026-08-19T16:54:53-04:00
https://www.mass.gov/doc/03-3422/download,2026-08-19T16:54:53-04:00
https://www.mass.gov/doc/03-3557/download,2026-08-19T16:54:53-04:00
https://www.mass.gov/doc/03-3629/download,2026-08-19T16:54:53-04:00
https://www.mass.gov/doc/03-3728/download,2026-08-19T16:54:53-04:00
https://www.mass.gov/doc/03-4007/download,2026-08-19T16:54:53-04:00
https://www.mass.gov/doc/03-4037/download,2026-08-19T16:54:53-04:00
https://www.mass.gov/doc/03-4093/download,2026-08-19T16:54:53-04:00
https://www.mass.gov/doc/03-4311/download,2026-08-19T16:54:55-04:00
https://www.mass.gov/doc/03-4323/download,2026-08-19T16:54:55-04:00
https://www.mass.gov/doc/03-4447/download,2026-08-19T16:54:55-04:00
https://www.mass.gov/doc/03-4709/download,2026-08-19T16:54:55-04:00
https://www.mass.gov/doc/03-4733/download,2026-08-19T16:54:55-04:00
https://www.mass.gov/doc/03-4823/download,2026-08-19T16:54:55-04:00
https://www.mass.gov/doc/03-5069/download,2026-08-19T16:54:55-04:00
https://www.mass.gov/doc/03-5108/download,2026-08-19T16:54:55-04:00
https://www.mass.gov/doc/03-5677/download,2026-08-19T16:54:55-04:00
https://www.mass.gov/doc/04-0093a/download,2026-08-19T16:54:55-04:00
https://www.mass.gov/doc/04-0093b/download,2026-08-19T16:54:57-04:00
https://www.mass.gov/doc/04-0312/download,2026-08-19T16:54:57-04:00
https://www.mass.gov/doc/04-0314/download,2026-08-19T16:54:57-04:00
https://www.mass.gov/doc/04-0557/download,2026-08-19T16:54:57-04:00
https://www.mass.gov/doc/04-0560/download,2026-08-19T16:54:57-04:00
https://www.mass.gov/doc/04-0706/download,2026-08-19T16:54:57-04:00
https://www.mass.gov/doc/04-0896/download,2026-08-19T16:54:57-04:00
https://www.mass.gov/doc/04-0927/download,2026-08-19T16:54:53-04:00
https://www.mass.gov/doc/04-1098/download,2026-08-19T16:55:00-04:00
https://www.mass.gov/doc/04-1509/download,2026-08-19T16:55:00-04:00
https://www.mass.gov/doc/04-1791-03-3932/download,2026-08-19T16:55:00-04:00
https://www.mass.gov/doc/04-1916/download,2026-08-19T16:55:00-04:00
https://www.mass.gov/doc/04-1976/download,2026-08-19T16:52:21-04:00
https://www.mass.gov/doc/04-2566/download,2026-08-19T16:52:21-04:00
https://www.mass.gov/doc/04-2729/download,2026-08-19T16:52:21-04:00
https://www.mass.gov/doc/04-2990/download,2026-08-19T16:52:21-04:00
https://www.mass.gov/doc/04-3057/download,2026-08-19T16:52:21-04:00
https://www.mass.gov/doc/04-3100-05-0340/download,2026-08-19T16:52:21-04:00
https://www.mass.gov/doc/04-3122/download,2026-08-19T16:52:21-04:00
https://www.mass.gov/doc/04-3258/download,2026-08-19T16:52:21-04:00
https://www.mass.gov/doc/04-3458-04-4310/download,2026-08-19T16:52:21-04:00
https://www.mass.gov/doc/04-3493/download,2026-08-19T16:52:23-04:00
https://www.mass.gov/doc/04-3810/download,2026-08-19T16:52:23-04:00
https://www.mass.gov/doc/04-3900/download,2026-08-19T16:52:23-04:00
https://www.mass.gov/doc/04-3982/download,2026-08-19T16:52:23-04:00
https://www.mass.gov/doc/04-4364/download,2026-08-19T16:52:23-04:00
https://www.mass.gov/doc/04-4524/download,2026-08-19T16:52:23-04:00
https://www.mass.gov/doc/04-4706/download,2026-08-19T16:52:23-04:00
https://www.mass.gov/doc/04-4760/download,2026-08-19T16:52:23-04:00
https://www.mass.gov/doc/04-4998/download,2026-08-19T16:52:23-04:00
https://www.mass.gov/doc/04-5076/download,2026-08-19T16:52:23-04:00
https://www.mass.gov/doc/04-5381/download,2026-08-19T16:52:26-04:00
https://www.mass.gov/doc/04-5591/download,2026-08-19T16:52:26-04:00
https://www.mass.gov/doc/05-0108/download,2026-08-19T16:52:26-04:00
https://www.mass.gov/doc/05-0621/download,2026-08-19T16:52:26-04:00
https://www.mass.gov/doc/05-0799/download,2026-08-19T16:52:26-04:00
https://www.mass.gov/doc/05-0972/download,2026-08-19T16:52:26-04:00
https://www.mass.gov/doc/05-1705/download,2026-08-19T16:52:26-04:00
https://www.mass.gov/doc/05-2109/download,2026-08-19T16:52:26-04:00
https://www.mass.gov/doc/05-2342/download,2026-08-19T16:52:26-04:00
https://www.mass.gov/doc/05-2682/download,2026-08-19T16:52:26-04:00
https://www.mass.gov/doc/05-2725/download,2026-08-19T16:52:21-04:00
https://www.mass.gov/doc/05-2920/download,2026-08-19T16:51:05-04:00
https://www.mass.gov/doc/05-2963/download,2026-08-19T16:51:07-04:00
https://www.mass.gov/doc/05-2967/download,2026-08-19T16:51:07-04:00
https://www.mass.gov/doc/05-3115-05-4356/download,2026-08-19T16:51:07-04:00
https://www.mass.gov/doc/05-3397/download,2026-08-19T16:51:07-04:00
https://www.mass.gov/doc/05-3476/download,2026-08-19T16:51:07-04:00
https://www.mass.gov/doc/05-3623/download,2026-08-19T16:51:07-04:00
https://www.mass.gov/doc/05-3840/download,2026-08-19T16:51:07-04:00
https://www.mass.gov/doc/05-4316/download,2026-08-19T16:51:07-04:00
https://www.mass.gov/doc/05-4488/download,2026-08-19T16:51:07-04:00
https://www.mass.gov/doc/05-4594/download,2026-08-19T16:51:07-04:00
https://www.mass.gov/doc/05-4726-05-4827/download,2026-08-19T16:51:09-04:00
https://www.mass.gov/doc/05-4878/download,2026-08-19T16:51:09-04:00
https://www.mass.gov/doc/05-4913/download,2026-08-19T16:51:09-04:00
https://www.mass.gov/doc/05-4944/download,2026-08-19T16:51:09-04:00
https://www.mass.gov/doc/05-4960/download,2026-08-19T16:51:09-04:00
https://www.mass.gov/doc/05-5383/download,2026-08-19T16:51:09-04:00
https://www.mass.gov/doc/05-5493/download,2026-08-19T16:51:09-04:00
https://www.mass.gov/doc/05-5926/download,2026-08-19T16:51:09-04:00
https://www.mass.gov/doc/05-5930/download,2026-08-19T16:51:09-04:00
https://www.mass.gov/doc/05-6127/download,2026-08-19T16:51:09-04:00
https://www.mass.gov/doc/06-0034/download,2026-08-19T16:51:10-04:00
https://www.mass.gov/doc/06-0214/download,2026-08-19T16:51:10-04:00
https://www.mass.gov/doc/06-0501-06-0808/download,2026-08-19T16:51:10-04:00
https://www.mass.gov/doc/06-0890/download,2026-08-19T16:51:10-04:00
https://www.mass.gov/doc/06-1157/download,2026-08-19T16:51:10-04:00
https://www.mass.gov/doc/06-1175/download,2026-08-19T16:51:10-04:00
https://www.mass.gov/doc/06-1302/download,2026-08-19T16:51:10-04:00
https://www.mass.gov/doc/06-1557/download,2026-08-19T16:51:10-04:00
https://www.mass.gov/doc/06-2007/download,2026-08-19T16:51:10-04:00
https://www.mass.gov/doc/06-2145/download,2026-08-19T16:51:10-04:00
https://www.mass.gov/doc/06-2169/download,2026-08-19T16:55:00-04:00
https://www.mass.gov/doc/06-2295/download,2026-08-19T16:52:30-04:00
https://www.mass.gov/doc/06-2301/download,2026-08-19T16:55:00-04:00
https://www.mass.gov/doc/06-2596/download,2026-08-19T16:52:30-04:00
https://www.mass.gov/doc/06-2597/download,2026-08-19T16:52:30-04:00
https://www.mass.gov/doc/06-2895/download,2026-08-19T16:52:30-04:00
https://www.mass.gov/doc/06-2927/download,2026-08-19T16:52:30-04:00
https://www.mass.gov/doc/06-3101/download,2026-08-19T16:55:00-04:00
https://www.mass.gov/doc/06-3158/download,2026-08-19T16:55:40-04:00
https://www.mass.gov/doc/06-3610/download,2026-08-19T16:55:40-04:00
https://www.mass.gov/doc/06-3836/download,2026-08-19T16:55:00-04:00
https://www.mass.gov/doc/06-3954/download,2026-08-19T16:55:40-04:00
https://www.mass.gov/doc/06-3983/download,2026-08-19T16:55:00-04:00
https://www.mass.gov/doc/06-4208/download,2026-08-19T16:54:57-04:00
https://www.mass.gov/doc/06-4240/download,2026-08-19T16:52:28-04:00
https://www.mass.gov/doc/06-4695/download,2026-08-19T16:52:30-04:00
https://www.mass.gov/doc/06-4721/download,2026-08-19T16:52:30-04:00
https://www.mass.gov/doc/06-4908-06-5863/download,2026-08-19T16:51:11-04:00
https://www.mass.gov/doc/06-4948/download,2026-08-19T16:51:11-04:00
https://www.mass.gov/doc/06-4949/download,2026-08-19T16:51:11-04:00
https://www.mass.gov/doc/06-5946-06-5993/download,2026-08-19T16:51:11-04:00
https://www.mass.gov/doc/06-6583/download,2026-08-19T16:51:11-04:00
https://www.mass.gov/doc/07-0082/download,2026-08-19T16:51:11-04:00
https://www.mass.gov/doc/07-0155/download,2026-08-19T16:51:11-04:00
https://www.mass.gov/doc/07-0521/download,2026-08-19T16:51:11-04:00
https://www.mass.gov/doc/07-0850/download,2026-08-19T16:52:30-04:00
https://www.mass.gov/doc/07-0962/download,2026-08-19T16:52:30-04:00
https://www.mass.gov/doc/07-0982/download,2026-08-19T16:52:30-04:00
https://www.mass.gov/doc/07-1052/download,2026-08-19T16:52:28-04:00
https://www.mass.gov/doc/07-1194/download,2026-08-19T16:51:11-04:00
https://www.mass.gov/doc/07-1386/download,2026-08-19T16:51:11-04:00
https://www.mass.gov/doc/07-1421/download,2026-08-19T16:51:05-04:00
https://www.mass.gov/doc/07-1507/download,2026-08-19T16:52:28-04:00
https://www.mass.gov/doc/07-1579/download,2026-08-19T16:52:28-04:00
https://www.mass.gov/doc/07-2103/download,2026-08-19T16:52:28-04:00
https://www.mass.gov/doc/07-2137/download,2026-08-19T16:52:28-04:00
https://www.mass.gov/doc/07-2259-07-3796/download,2026-08-19T16:52:28-04:00
https://www.mass.gov/doc/07-2282/download,2026-08-19T16:52:28-04:00
https://www.mass.gov/doc/07-2419/download,2026-08-19T16:52:28-04:00
https://www.mass.gov/doc/07-2498/download,2026-08-19T16:52:28-04:00
https://www.mass.gov/doc/07-2789/download,2026-08-19T16:55:00-04:00
https://www.mass.gov/doc/07-3141/download,2026-08-19T16:54:59-04:00
https://www.mass.gov/doc/07-3517/download,2026-08-19T16:54:59-04:00
https://www.mass.gov/doc/07-3716/download,2026-08-19T16:54:59-04:00
https://www.mass.gov/doc/07-3824/download,2026-08-19T16:54:59-04:00
https://www.mass.gov/doc/07-3829/download,2026-08-19T16:54:59-04:00
https://www.mass.gov/doc/07-4082/download,2026-08-19T16:54:59-04:00
https://www.mass.gov/doc/07-4615/download,2026-08-19T16:54:59-04:00
https://www.mass.gov/doc/07-4642/download,2026-08-19T16:54:59-04:00
https://www.mass.gov/doc/07-4675/download,2026-08-19T16:54:59-04:00
https://www.mass.gov/doc/07-4676/download,2026-08-19T16:54:59-04:00
https://www.mass.gov/doc/07-5365/download,2026-08-19T16:54:57-04:00
https://www.mass.gov/doc/07-5436/download,2026-08-19T16:54:57-04:00
https://www.mass.gov/doc/07-5592/download,2026-08-19T16:55:40-04:00
https://www.mass.gov/doc/07-5701/download,2026-08-19T16:55:40-04:00
https://www.mass.gov/doc/07-6361/download,2026-08-19T16:55:40-04:00
https://www.mass.gov/doc/07-6662/download,2026-08-19T16:55:38-04:00
https://www.mass.gov/doc/07-6717/download,2026-08-19T16:55:38-04:00
https://www.mass.gov/doc/07-6945/download,2026-08-19T16:55:38-04:00
https://www.mass.gov/doc/07-7139/download,2026-08-19T16:55:38-04:00
https://www.mass.gov/doc/07-7201/download,2026-08-19T16:55:38-04:00
https://www.mass.gov/doc/07-7260/download,2026-08-19T16:55:38-04:00
https://www.mass.gov/doc/07-7534/download,2026-08-19T16:55:38-04:00
https://www.mass.gov/doc/08-0055/download,2026-08-19T16:55:38-04:00
https://www.mass.gov/doc/08-0673/download,2026-08-19T16:55:38-04:00
https://www.mass.gov/doc/08-0723/download,2026-08-19T16:56:23-04:00
https://www.mass.gov/doc/08-0880/download,2026-08-19T16:56:23-04:00
https://www.mass.gov/doc/08-0925/download,2026-08-19T16:56:23-04:00
https://www.mass.gov/doc/08-0998/download,2026-08-19T16:56:23-04:00
https://www.mass.gov/doc/08-1853/download,2026-08-19T16:56:23-04:00
https://www.mass.gov/doc/08-2206/download,2026-08-19T16:56:21-04:00
https://www.mass.gov/doc/08-2415/download,2026-08-19T16:56:21-04:00
https://www.mass.gov/doc/08-2564-08-4033-1/download,2026-08-19T16:56:21-04:00
https://www.mass.gov/doc/08-2564-08-4033-2/download,2026-08-19T16:56:21-04:00
https://www.mass.gov/doc/08-2892/download,2026-08-19T16:56:21-04:00
https://www.mass.gov/doc/08-3061/download,2026-08-19T16:56:21-04:00
https://www.mass.gov/doc/08-3070/download,2026-08-19T16:56:21-04:00
https://www.mass.gov/doc/08-3309/download,2026-08-19T16:56:21-04:00
https://www.mass.gov/doc/08-3479-08-4805/download,2026-08-19T16:56:21-04:00
https://www.mass.gov/doc/08-3552/download,2026-08-19T16:57:21-04:00
https://www.mass.gov/doc/08-3722/download,2026-08-19T16:57:21-04:00
https://www.mass.gov/doc/08-3766/download,2026-08-19T16:57:21-04:00
https://www.mass.gov/doc/08-3965/download,2026-08-19T16:57:21-04:00
https://www.mass.gov/doc/08-4385/download,2026-08-19T16:57:21-04:00
https://www.mass.gov/doc/08-4427/download,2026-08-19T16:57:21-04:00
https://www.mass.gov/doc/08-4524/download,2026-08-19T16:57:19-04:00
https://www.mass.gov/doc/08-4603/download,2026-08-19T16:57:19-04:00
https://www.mass.gov/doc/08-4873/download,2026-08-19T16:57:19-04:00
https://www.mass.gov/doc/08-4981/download,2026-08-19T16:57:19-04:00
https://www.mass.gov/doc/08-5330/download,2026-08-19T16:57:19-04:00
https://www.mass.gov/doc/08-5330c-compliance-decision/download,2026-08-19T16:57:19-04:00
https://www.mass.gov/doc/08-5499/download,2026-08-19T16:57:19-04:00
https://www.mass.gov/doc/08-5616/download,2026-08-19T16:57:19-04:00
https://www.mass.gov/doc/08-5707/download,2026-08-19T16:57:19-04:00
https://www.mass.gov/doc/08-6241-compliance-decision/download,2026-08-19T16:57:19-04:00
https://www.mass.gov/doc/08-6241/download,2026-08-19T16:57:18-04:00
https://www.mass.gov/doc/08-7013/download,2026-08-19T16:57:18-04:00
https://www.mass.gov/doc/08-7180/download,2026-08-19T16:57:18-04:00
https://www.mass.gov/doc/08-7534/download,2026-08-19T16:57:18-04:00
https://www.mass.gov/doc/08-7930/download,2026-08-19T16:57:18-04:00
https://www.mass.gov/doc/08-8046/download,2026-08-19T16:57:18-04:00
https://www.mass.gov/doc/09-0139/download,2026-08-19T16:57:18-04:00
https://www.mass.gov/doc/09-0291/download,2026-08-19T16:57:18-04:00
https://www.mass.gov/doc/09-0294/download,2026-08-19T16:57:18-04:00
https://www.mass.gov/doc/09-0295/download,2026-08-19T16:58:36-04:00
https://www.mass.gov/doc/09-0818/download,2026-08-19T16:58:36-04:00
https://www.mass.gov/doc/09-1007/download,2026-08-19T16:58:36-04:00
https://www.mass.gov/doc/09-1334/download,2026-08-19T16:58:36-04:00
https://www.mass.gov/doc/09-1335/download,2026-08-19T16:58:36-04:00
https://www.mass.gov/doc/09-1566/download,2026-08-19T16:58:39-04:00
https://www.mass.gov/doc/09-1718/download,2026-08-19T16:58:39-04:00
https://www.mass.gov/doc/09-1946/download,2026-08-19T16:58:39-04:00
https://www.mass.gov/doc/09-1986/download,2026-08-19T16:58:39-04:00
https://www.mass.gov/doc/09-2049/download,2026-08-19T16:58:39-04:00
https://www.mass.gov/doc/09-2167-09-2209/download,2026-08-19T16:58:39-04:00
https://www.mass.gov/doc/09-2368-09-2395/download,2026-08-19T16:58:39-04:00
https://www.mass.gov/doc/09-2610/download,2026-08-19T16:58:39-04:00
https://www.mass.gov/doc/09-2740/download,2026-08-19T16:58:39-04:00
https://www.mass.gov/doc/09-2797/download,2026-08-19T16:58:39-04:00
https://www.mass.gov/doc/09-3109/download,2026-08-19T16:58:41-04:00
https://www.mass.gov/doc/09-3121/download,2026-08-19T16:58:41-04:00
https://www.mass.gov/doc/09-3175/download,2026-08-19T16:58:41-04:00
https://www.mass.gov/doc/09-3554/download,2026-08-19T16:58:41-04:00
https://www.mass.gov/doc/09-4100/download,2026-08-19T16:58:41-04:00
https://www.mass.gov/doc/09-4456/download,2026-08-19T16:58:41-04:00
https://www.mass.gov/doc/09-4922/download,2026-08-19T16:58:41-04:00
https://www.mass.gov/doc/09-4968/download,2026-08-19T16:58:41-04:00
https://www.mass.gov/doc/09-5043/download,2026-08-19T16:58:41-04:00
https://www.mass.gov/doc/09-5294/download,2026-08-19T16:58:41-04:00
https://www.mass.gov/doc/09-5853/download,2026-08-19T16:58:42-04:00
https://www.mass.gov/doc/09-5858/download,2026-08-19T16:58:42-04:00
https://www.mass.gov/doc/09-6002/download,2026-08-19T17:00:12-04:00
https://www.mass.gov/doc/09-6375/download,2026-08-19T17:00:12-04:00
https://www.mass.gov/doc/09-6466/download,2026-08-19T16:58:42-04:00
https://www.mass.gov/doc/09-6506/download,2026-08-19T16:58:42-04:00
https://www.mass.gov/doc/09-6759/download,2026-08-19T16:58:42-04:00
https://www.mass.gov/doc/09-6759-2/download,2026-08-19T16:58:42-04:00
https://www.mass.gov/doc/09-6858/download,2026-08-19T17:00:12-04:00
https://www.mass.gov/doc/09-6961/download,2026-08-19T17:00:12-04:00
https://www.mass.gov/doc/09-6962/download,2026-08-19T17:00:12-04:00
https://www.mass.gov/doc/09-7357/download,2026-08-19T17:00:12-04:00
https://www.mass.gov/doc/09-7499/download,2026-08-19T17:00:12-04:00
https://www.mass.gov/doc/09-7579/download,2026-08-19T17:00:12-04:00
https://www.mass.gov/doc/09-7928-10-0262/download,2026-08-19T17:00:12-04:00
https://www.mass.gov/doc/09-7983/download,2026-08-19T17:00:12-04:00
https://www.mass.gov/doc/09-8323/download,2026-08-19T16:58:42-04:00
https://www.mass.gov/doc/adams-v-massachusetts-teachers-retirement-system-docket-no-cr-13-211/download,2026-08-19T17:01:36-04:00
https://www.mass.gov/doc/correia-v-state-board-of-retirement-docket-no-cr-12-682/download,2026-08-19T17:01:36-04:00
https://www.mass.gov/doc/deec-v-frechette-docket-no-oc-18-0175/download,2026-08-19T17:23:22-04:00
https://www.mass.gov/doc/deec-v-jha-docket-no-oc-17-870-recommended-decision/download,2026-08-19T17:23:22-04:00
https://www.mass.gov/doc/osborn-v-pittsfield-retirement-board-docket-no-cr-16-446/download,2026-08-19T17:01:36-04:00
https://www.mass.gov/doc/pellin-v-franklin-regional-retirement-board-docket-no-cr-16-125/download,2026-08-19T17:01:34-04:00
https://www.mass.gov/doc/britton-v-dept-of-veterans-services-docket-no-vs-15-203-decision-on-motion-for-reconsideration/download,2026-08-19T17:01:34-04:00
https://www.mass.gov/doc/cedarquist-v-bristol-county-retirement-system-docket-no-cr-15-232/download,2026-08-19T17:01:34-04:00
https://www.mass.gov/doc/clark-lynn-v-massachusetts-teachers-retirement-system-docket-no-cr-13-437/download,2026-08-19T17:01:34-04:00
https://www.mass.gov/doc/fletcher-v-state-board-of-retirement-docket-no-cr-14-246/download,2026-08-19T17:01:34-04:00
https://www.mass.gov/doc/rockett-v-massachusetts-teachers-retirement-system-docket-no-cr-14-824/download,2026-08-19T17:01:34-04:00
https://www.mass.gov/doc/aliano-v-somerville-retirement-board-docket-no-cr-13-284/download,2026-08-19T17:01:34-04:00
https://www.mass.gov/doc/board-of-registration-in-medicine-v-little-docket-no-rm-17-935-ruling-on-motion-to-compel-discovery/download,2026-08-19T17:01:34-04:00
https://www.mass.gov/doc/clark-robert-v-norwood-retirement-board-docket-no-cr-15-536/download,2026-08-19T17:01:34-04:00
https://www.mass.gov/doc/harris-v-boston-retirement-system-docket-no-cr-16-487/download,2026-08-19T17:01:34-04:00
https://www.mass.gov/doc/08-0305/download,2026-08-19T16:51:05-04:00
https://www.mass.gov/doc/08-0443/download,2026-08-19T16:51:05-04:00
https://www.mass.gov/doc/08-0785/download,2026-08-19T16:51:05-04:00
https://www.mass.gov/doc/08-0998-0/download,2026-08-19T16:51:05-04:00
https://www.mass.gov/doc/08-0998-08-1317-08-1316/download,2026-08-19T16:51:05-04:00
https://www.mass.gov/doc/08-1326/download,2026-08-19T16:51:05-04:00
https://www.mass.gov/doc/08-1670/download,2026-08-19T16:51:05-04:00
https://www.mass.gov/doc/08-1670-2/download,2026-08-19T16:51:05-04:00
https://www.mass.gov/doc/08-2284/download,2026-08-19T16:49:58-04:00
https://www.mass.gov/doc/08-3193/download,2026-08-19T16:49:58-04:00
https://www.mass.gov/doc/08-3378/download,2026-08-19T16:49:58-04:00
https://www.mass.gov/doc/08-3410/download,2026-08-19T16:49:58-04:00
https://www.mass.gov/doc/08-3479-08-4805-0/download,2026-08-19T16:49:58-04:00
https://www.mass.gov/doc/08-3551/download,2026-08-19T16:49:58-04:00
https://www.mass.gov/doc/08-3766-0/download,2026-08-19T16:49:58-04:00
https://www.mass.gov/doc/08-4524-0/download,2026-08-19T16:49:58-04:00
https://www.mass.gov/doc/08-5330-0/download,2026-08-19T16:49:58-04:00
https://www.mass.gov/doc/08-6047/download,2026-08-19T16:49:58-04:00
https://www.mass.gov/doc/08-6414/download,2026-08-19T16:49:56-04:00
https://www.mass.gov/doc/08-6594/download,2026-08-19T16:49:56-04:00
https://www.mass.gov/doc/08-6726/download,2026-08-19T16:49:56-04:00
https://www.mass.gov/doc/07-0082-0/download,2026-08-19T16:49:56-04:00
https://www.mass.gov/doc/07-0623/download,2026-08-19T16:49:56-04:00
https://www.mass.gov/doc/07-0756/download,2026-08-19T16:49:56-04:00
https://www.mass.gov/doc/07-0962-0/download,2026-08-19T16:49:56-04:00
https://www.mass.gov/doc/07-1190/download,2026-08-19T16:49:56-04:00
https://www.mass.gov/doc/07-1284/download,2026-08-19T16:49:56-04:00
https://www.mass.gov/doc/07-1364/download,2026-08-19T16:49:56-04:00
https://www.mass.gov/doc/07-2412/download,2026-08-19T16:49:54-04:00
https://www.mass.gov/doc/07-2419-0/download,2026-08-19T16:49:54-04:00
https://www.mass.gov/doc/07-2528/download,2026-08-19T16:49:54-04:00
https://www.mass.gov/doc/07-2789-0/download,2026-08-19T16:49:54-04:00
https://www.mass.gov/doc/07-2866/download,2026-08-19T16:49:54-04:00
https://www.mass.gov/doc/07-2902/download,2026-08-19T16:49:54-04:00
https://www.mass.gov/doc/07-2902-2/download,2026-08-19T16:49:54-04:00
https://www.mass.gov/doc/07-4987/download,2026-08-19T16:49:54-04:00
https://www.mass.gov/doc/07-4997/download,2026-08-19T16:49:54-04:00
https://www.mass.gov/doc/07-5365-0/download,2026-08-19T16:49:54-04:00
https://www.mass.gov/doc/07-6134/download,2026-08-19T16:49:53-04:00
https://www.mass.gov/doc/07-6134-2/download,2026-08-19T16:49:53-04:00
https://www.mass.gov/doc/07-6968/download,2026-08-19T16:49:53-04:00
https://www.mass.gov/doc/07-6970/download,2026-08-19T16:49:53-04:00
https://www.mass.gov/doc/07-7324/download,2026-08-19T16:49:53-04:00
https://www.mass.gov/doc/07-7534-0/download,2026-08-19T16:49:53-04:00
https://www.mass.gov/doc/05-1581/download,2026-08-19T16:49:53-04:00
https://www.mass.gov/doc/05-4126/download,2026-08-19T16:49:53-04:00
https://www.mass.gov/doc/05-4247/download,2026-08-19T16:49:53-04:00
https://www.mass.gov/doc/05-4878-0/download,2026-08-19T16:49:53-04:00
https://www.mass.gov/doc/05-4878-2/download,2026-08-19T16:49:51-04:00
https://www.mass.gov/doc/05-5383-0/download,2026-08-19T16:49:51-04:00
https://www.mass.gov/doc/05-5469/download,2026-08-19T16:49:51-04:00
https://www.mass.gov/doc/05-5493-0/download,2026-08-19T16:49:51-04:00
https://www.mass.gov/doc/06-0256/download,2026-08-19T16:49:51-04:00
https://www.mass.gov/doc/06-0390/download,2026-08-19T16:49:51-04:00
https://www.mass.gov/doc/06-1157c/download,2026-08-19T16:49:51-04:00
https://www.mass.gov/doc/06-1175-0/download,2026-08-19T16:49:51-04:00
https://www.mass.gov/doc/06-1342/download,2026-08-19T16:49:51-04:00
https://www.mass.gov/doc/06-2300/download,2026-08-19T16:49:51-04:00
https://www.mass.gov/doc/06-2557/download,2026-08-19T16:49:12-04:00
https://www.mass.gov/doc/06-2584/download,2026-08-19T16:49:12-04:00
https://www.mass.gov/doc/06-2597-0/download,2026-08-19T16:49:12-04:00
https://www.mass.gov/doc/06-3571/download,2026-08-19T16:49:12-04:00
https://www.mass.gov/doc/06-3912/download,2026-08-19T16:49:12-04:00
https://www.mass.gov/doc/06-4908/download,2026-08-19T16:49:12-04:00
https://www.mass.gov/doc/06-5261/download,2026-08-19T16:49:12-04:00
https://www.mass.gov/doc/06-5402/download,2026-08-19T16:49:12-04:00
https://www.mass.gov/doc/06-5994/download,2026-08-19T16:49:12-04:00
https://www.mass.gov/doc/06-6153/download,2026-08-19T16:49:12-04:00
https://www.mass.gov/doc/06-6459/download,2026-08-19T16:49:10-04:00
https://www.mass.gov/doc/06-6508/download,2026-08-19T16:49:10-04:00
https://www.mass.gov/doc/06-6508-2/download,2026-08-19T16:49:10-04:00
https://www.mass.gov/doc/06-6508-3/download,2026-08-19T16:49:10-04:00
https://www.mass.gov/doc/06-6508-4/download,2026-08-19T16:49:10-04:00
https://www.mass.gov/doc/06-6542/download,2026-08-19T16:49:10-04:00
https://www.mass.gov/doc/03-0033/download,2026-08-19T16:49:10-04:00
https://www.mass.gov/doc/03-0307-0/download,2026-08-19T16:49:10-04:00
https://www.mass.gov/doc/03-0357-0/download,2026-08-19T16:49:10-04:00
https://www.mass.gov/doc/03-0536/download,2026-08-19T16:49:10-04:00
https://www.mass.gov/doc/03-0860/download,2026-08-19T16:49:08-04:00
https://www.mass.gov/doc/03-1154-0/download,2026-08-19T16:49:08-04:00
https://www.mass.gov/doc/03-1385-0/download,2026-08-19T16:49:08-04:00
https://www.mass.gov/doc/03-1785/download,2026-08-19T16:49:08-04:00
https://www.mass.gov/doc/03-2013-0/download,2026-08-19T16:49:08-04:00
https://www.mass.gov/doc/03-2117/download,2026-08-19T16:49:08-04:00
https://www.mass.gov/doc/03-2722/download,2026-08-19T16:49:08-04:00
https://www.mass.gov/doc/03-3836/download,2026-08-19T16:49:08-04:00
https://www.mass.gov/doc/03-4007-0/download,2026-08-19T16:49:08-04:00
https://www.mass.gov/doc/03-5516/download,2026-08-19T16:49:08-04:00
https://www.mass.gov/doc/03-5677-0/download,2026-08-19T16:49:06-04:00
https://www.mass.gov/doc/04-0093/download,2026-08-19T16:49:06-04:00
https://www.mass.gov/doc/04-0312-0/download,2026-08-19T16:49:06-04:00
https://www.mass.gov/doc/04-0359/download,2026-08-19T16:49:06-04:00
https://www.mass.gov/doc/04-0898/download,2026-08-19T16:49:06-04:00
https://www.mass.gov/doc/04-1448/download,2026-08-19T16:49:06-04:00
https://www.mass.gov/doc/04-2506a/download,2026-08-19T16:49:06-04:00
https://www.mass.gov/doc/04-2506b/download,2026-08-19T16:49:06-04:00
https://www.mass.gov/doc/04-2630/download,2026-08-19T16:49:06-04:00
https://www.mass.gov/doc/04-2633/download,2026-08-19T16:49:06-04:00
https://www.mass.gov/doc/04-3458/download,2026-08-19T16:49:05-04:00
https://www.mass.gov/doc/04-3543/download,2026-08-19T16:49:05-04:00
https://www.mass.gov/doc/04-3807/download,2026-08-19T16:49:05-04:00
https://www.mass.gov/doc/04-4201/download,2026-08-19T16:49:05-04:00
https://www.mass.gov/doc/04-4917/download,2026-08-19T16:49:05-04:00
https://www.mass.gov/doc/00-0265/download,2026-08-19T16:49:05-04:00
https://www.mass.gov/doc/00-0701/download,2026-08-19T16:49:05-04:00
https://www.mass.gov/doc/00-0771/download,2026-08-19T16:49:05-04:00
https://www.mass.gov/doc/00-2574/download,2026-08-19T16:49:05-04:00
https://www.mass.gov/doc/01-1094/download,2026-08-19T16:49:05-04:00
https://www.mass.gov/doc/01-2461/download,2026-08-19T16:53:27-04:00
https://www.mass.gov/doc/01-2623/download,2026-08-19T16:53:27-04:00
https://www.mass.gov/doc/01-3941-0/download,2026-08-19T16:53:27-04:00
https://www.mass.gov/doc/01-4954/download,2026-08-19T16:53:27-04:00
https://www.mass.gov/doc/02-0038/download,2026-08-19T16:53:27-04:00
https://www.mass.gov/doc/02-0310/download,2026-08-19T16:53:27-04:00
https://www.mass.gov/doc/02-0567/download,2026-08-19T16:53:27-04:00
https://www.mass.gov/doc/02-0865/download,2026-08-19T16:53:27-04:00
https://www.mass.gov/doc/02-0978/download,2026-08-19T16:53:27-04:00
https://www.mass.gov/doc/02-0983/download,2026-08-19T16:53:27-04:00
https://www.mass.gov/doc/02-1147/download,2026-08-19T16:53:29-04:00
https://www.mass.gov/doc/02-1327-0/download,2026-08-19T16:53:29-04:00
https://www.mass.gov/doc/02-1497-0/download,2026-08-19T16:53:30-04:00
https://www.mass.gov/doc/02-1842/download,2026-08-19T16:53:30-04:00
https://www.mass.gov/doc/02-2374-0/download,2026-08-19T16:53:29-04:00
https://www.mass.gov/doc/02-2462/download,2026-08-19T16:53:29-04:00
https://www.mass.gov/doc/02-2722-0/download,2026-08-19T16:53:29-04:00
https://www.mass.gov/doc/02-2828/download,2026-08-19T16:53:29-04:00
https://www.mass.gov/doc/02-2885/download,2026-08-19T16:53:29-04:00
https://www.mass.gov/doc/02-3197/download,2026-08-19T16:53:29-04:00
https://www.mass.gov/doc/02-3458-0/download,2026-08-19T16:53:29-04:00
https://www.mass.gov/doc/02-3525/download,2026-08-19T16:53:29-04:00
https://www.mass.gov/doc/02-3804/download,2026-08-19T16:53:30-04:00
https://www.mass.gov/doc/02-3886/download,2026-08-19T16:53:30-04:00
https://www.mass.gov/doc/02-3997/download,2026-08-19T16:53:30-04:00
https://www.mass.gov/doc/02-4323/download,2026-08-19T16:53:30-04:00
https://www.mass.gov/doc/02-4324/download,2026-08-19T16:53:30-04:00
https://www.mass.gov/doc/02-4553/download,2026-08-19T16:53:30-04:00
https://www.mass.gov/doc/02-4659/download,2026-08-19T16:53:30-04:00
https://www.mass.gov/doc/02-4739-0/download,2026-08-19T16:53:30-04:00
https://www.mass.gov/doc/02-4739-1/download,2026-08-19T16:53:32-04:00
https://www.mass.gov/doc/02-4839/download,2026-08-19T16:53:32-04:00
https://www.mass.gov/doc/lynn-v-essex-regional-retirement-bd-docket-no-cr-14-550/download,2026-08-19T16:48:28-04:00
https://www.mass.gov/doc/pare-doherty-v-state-bd-of-retirement-docket-no-cr-17-829/download,2026-08-19T16:48:28-04:00
https://www.mass.gov/doc/santerre-v-massachusetts-teachers-retirement-system-docket-no-cr-12-281/download,2026-08-19T16:48:28-04:00
https://www.mass.gov/doc/fernandes-v-state-bd-of-retirement-docket-no-cr-17-942/download,2026-08-19T16:48:28-04:00
https://www.mass.gov/doc/fernandes-v-state-bd-of-retirement-docket-no-cr-17-942-order-denying-petitioners-motion-for-reconsideration/download,2026-08-19T16:48:28-04:00
https://www.mass.gov/doc/henderson-v-boston-retirement-system-docket-no-cr-15-466-decision/download,2026-08-19T16:48:28-04:00
https://www.mass.gov/doc/deec-v-carvajal-rojas-docket-no-oc-17-754/download,2026-08-19T17:23:22-04:00
https://www.mass.gov/doc/schedule-tds-taxpayer-disclosure-statement/download,2026-08-19T16:17:34-04:00
https://www.mass.gov/doc/farricker-v-massachusetts-teachers-retirement-system-docket-no-cr-16-492/download,2026-08-19T16:48:28-04:00
https://www.mass.gov/doc/lovering-v-massachusetts-teachers-retirement-system-docket-no-cr-13-435/download,2026-08-19T16:48:28-04:00
https://www.mass.gov/doc/rusch-v-massachusetts-teachers-retirement-system-docket-no-cr-14-174/download,2026-08-19T16:48:27-04:00
https://www.mass.gov/doc/savage-v-city-of-springfield-docket-no-cs-18-0151/download,2026-08-19T16:48:27-04:00
https://www.mass.gov/doc/marathas-v-dukes-county-retirement-system-docket-no-cr-17-096/download,2026-08-19T16:48:27-04:00
https://www.mass.gov/doc/benoit-v-boston-retirement-bd-docket-no-cr-16-426/download,2026-08-19T16:48:27-04:00
https://www.mass.gov/doc/brace-v-worcester-retirement-bd-docket-no-cr-16-561/download,2026-08-19T16:48:27-04:00
https://www.mass.gov/doc/adams-william-v-massachusetts-teachers-retirement-system-docket-no-cr-16-90/download,2026-08-19T16:48:27-04:00
https://www.mass.gov/doc/carlson-v-massachusetts-teachers-retirement-system-docket-no-cr-17-160/download,2026-08-19T16:48:27-04:00
https://www.mass.gov/doc/smith-marybeth-v-gloucester-retirement-bd-docket-no-cr-13-249/download,2026-08-19T16:48:27-04:00
https://www.mass.gov/doc/bsea-1906261/download,2026-08-19T16:40:25-04:00
https://www.mass.gov/doc/board-of-registration-in-medicine-v-nelson-paula-rm-18-0550-order-of-default-recommended-decision/download,2026-08-19T16:42:26-04:00
https://www.mass.gov/doc/board-of-registration-in-medicine-v-owens-christopher-rm-17-840-recommended-decision/download,2026-08-19T16:42:26-04:00
https://www.mass.gov/doc/deec-v-schofield-brenda-oc-18-0455/download,2026-08-19T17:23:20-04:00
https://www.mass.gov/doc/lawlor-melanson-milledge-and-stewart-v-state-board-of-retirement-cr-16-514/download,2026-08-19T16:42:26-04:00
https://www.mass.gov/doc/belanger-michael-v-massachusetts-teachers-retirement-system-cr-16-120/download,2026-08-19T16:42:26-04:00
https://www.mass.gov/doc/civetti-richard-v-plymouth-retirement-board-cr-16-411/download,2026-08-19T16:42:26-04:00
https://www.mass.gov/doc/delinsky-kim-v-massachusetts-teachers-retirement-system-cr-16-596/download,2026-08-19T16:42:26-04:00
https://www.mass.gov/doc/trevallion-lance-v-hampden-county-retirement-board-cr-17-282/download,2026-08-19T16:42:26-04:00
https://www.mass.gov/doc/astacio-luis-v-springfield-retirement-board-cr-17-521/download,2026-08-19T16:42:26-04:00
https://www.mass.gov/doc/milton-wendy-v-massachusetts-teachers-retirement-system-cr-16-513/download,2026-08-19T16:42:26-04:00
https://www.mass.gov/doc/dv-toolkit-strangulation-worksheet/download,2026-08-19T10:54:43-04:00
https://www.mass.gov/doc/recommended-mou-for-partnering-agencies/download,2026-08-19T10:52:37-04:00
https://www.mass.gov/doc/brownlee-charles-v-state-board-of-retirement-cr-14-449/download,2026-08-19T16:42:28-04:00
https://www.mass.gov/doc/cook-v-northampton-retirement-board-cr-13-262/download,2026-08-19T16:42:28-04:00
https://www.mass.gov/doc/england-maureen-v-state-board-of-retirement-cr-17-653/download,2026-08-19T16:42:28-04:00
https://www.mass.gov/doc/mandel-sandra-v-state-board-of-retirement-cr-12-509/download,2026-08-19T16:42:28-04:00
https://www.mass.gov/doc/martins-joseph-v-state-board-of-retirement-cr-16-14/download,2026-08-19T16:42:28-04:00
https://www.mass.gov/doc/prevey-roger-v-berkshire-county-retirement-system-cr-16-576/download,2026-08-19T16:42:28-04:00
https://www.mass.gov/doc/sawin-richard-v-state-board-of-retirement-cr-16-18/download,2026-08-19T16:42:28-04:00
https://www.mass.gov/doc/croteau-john-v-fair-labor-division-lb-16-174-lb-16-175-decision-with-tentative-modified-penalty/download,2026-08-19T16:37:29-04:00
https://www.mass.gov/doc/deec-v-strawberry-child-care-oc-18-0549/download,2026-08-19T17:23:20-04:00
https://www.mass.gov/doc/lewis-jane-kenworthy-v-state-board-of-retirement-cr-16-146/download,2026-08-19T16:37:29-04:00
https://www.mass.gov/doc/powers-m-louise-v-massachusetts-teachers-retirement-system-cr-16-181/download,2026-08-19T16:37:29-04:00
https://www.mass.gov/doc/terenzini-carter-v-worcester-regional-retirement-board-cr-16-56/download,2026-08-19T16:37:29-04:00
https://www.mass.gov/doc/cowen-joseph-e-v-dept-of-veterans-services-vs-18-0359/download,2026-08-19T16:37:29-04:00
https://www.mass.gov/doc/biundo-michael-v-massachusetts-teachers-retirement-system-cr-15-416-cr-15-417/download,2026-08-19T16:37:29-04:00
https://www.mass.gov/doc/stanton-steven-v-quincy-board-of-retirement-cr-18-0121/download,2026-08-19T17:49:01-04:00
https://www.mass.gov/doc/auer-jr-daniel-s-v-state-board-of-retirement-cr-18-0247/download,2026-08-19T16:37:29-04:00
https://www.mass.gov/doc/considine-patricia-v-somerville-retirement-board-cr-16-45/download,2026-08-19T16:37:29-04:00
https://www.mass.gov/doc/judd-francis-j-v-cambridge-retirement-board-cr-14-415/download,2026-08-19T16:22:22-04:00
https://www.mass.gov/doc/auer-daniel-s-jr-v-state-board-of-retirement-cr-18-0247/download,2026-08-19T16:22:22-04:00
https://www.mass.gov/doc/dept-of-conservation-and-recreation-v-j-and-k-ventures-llc-dcr-18-0648/download,2026-08-19T16:22:22-04:00
https://www.mass.gov/doc/simmons-v-brockton-retirement-bd-docket-no-cr-15-551/download,2026-08-19T16:22:22-04:00
https://www.mass.gov/doc/board-of-registration-in-medicine-v-hoang-pham-rm-17-1003/download,2026-08-19T16:22:22-04:00
https://www.mass.gov/doc/heikkinen-andrea-and-john-moccia-concrete-construction-llc-v-office-of-the-attorney-general-fair-labor-and-business-practices-division-lb-18-0516/download,2026-08-19T16:22:22-04:00
https://www.mass.gov/doc/chichester-richard-j-v-state-board-of-retirement-cr-18-0480/download,2026-08-19T16:22:22-04:00
https://www.mass.gov/doc/deec-v-us-tkd-education-inc-oc-17-795/download,2026-08-19T17:23:22-04:00
https://www.mass.gov/doc/mahmood-khalid-and-swat-food-corp-dba-new-york-fried-chicken-v-fair-labor-division-lb-18-0038-lb-18-0039/download,2026-08-19T16:22:22-04:00
https://www.mass.gov/doc/fortin-denise-v-state-board-of-retirement-cr-16-65/download,2026-08-19T17:20:45-04:00
https://www.mass.gov/doc/tomasczewski-phillip-v-state-board-of-retirement-cb-16-431/download,2026-08-19T16:22:22-04:00
https://www.mass.gov/doc/board-of-registration-in-medicine-v-anna-d-steiner-md-rm-19-0187/download,2026-08-19T16:22:22-04:00
https://www.mass.gov/doc/miscellaneous-cases/download,2026-08-19T08:32:16-04:00
https://www.mass.gov/doc/in-the-matter-of-enrollment-in-retirement-plus-and-62-individual-appeals-cr-21-369/download,2026-08-19T17:24:16-04:00
https://www.mass.gov/doc/enrollment-in-retirement-plus-10521-cr-21-369/download,2026-08-19T17:24:16-04:00
https://www.mass.gov/doc/enrollment-in-retirement-plus-93022-cr-21-369/download,2026-08-19T17:24:16-04:00
https://www.mass.gov/doc/welsh-v-worcester-regional-retirement-system-cr-20-0396/download,2026-08-19T17:22:25-04:00
https://www.mass.gov/doc/enrollment-in-retirement-plus-41823/download,2026-08-19T17:24:16-04:00
https://www.mass.gov/doc/board-of-review-decision-0075-5228-76/download,2026-08-19T14:35:31-04:00
https://www.mass.gov/doc/enrollment-in-retirement-plus-5823/download,2026-08-19T17:24:16-04:00
https://www.mass.gov/doc/pelletier-v-mtrs-cr-19-301/download,2026-08-19T17:24:16-04:00
https://www.mass.gov/doc/enrollment-in-retirement-plus-93022/download,2026-08-19T17:24:16-04:00
https://www.mass.gov/doc/enrollment-in-retirement-plus-10521/download,2026-08-19T17:24:16-04:00
https://www.mass.gov/doc/shailor-v-bristol-county-retirement-board-cr-20-0343/download,2026-08-19T17:26:40-04:00
https://www.mass.gov/doc/mcgarry-v-bristol-county-ret-bd-cr-20-409/download,2026-08-19T17:26:40-04:00
https://www.mass.gov/doc/larose-v-state-bd-of-ret-cr-20-357/download,2026-08-19T17:18:13-04:00
https://www.mass.gov/doc/blakeslee-haggan-v-state-bd-of-ret-cr-19-409-471/download,2026-08-19T17:19:39-04:00
https://www.mass.gov/doc/reilly-v-state-bd-of-ret-cr-21-0103/download,2026-08-19T17:26:40-04:00
https://www.mass.gov/doc/shor-v-state-bd-of-ret-cr-21-0331/download,2026-08-19T17:26:40-04:00
https://www.mass.gov/doc/kidd-v-state-bd-of-ret-cr-21-0313/download,2026-08-19T17:26:42-04:00
https://www.mass.gov/doc/natale-v-mtrs-cr-14-520/download,2026-08-19T17:26:42-04:00
https://www.mass.gov/doc/sapozhnikov-v-fair-labor-division-lb-19-046-0457/download,2026-08-19T17:19:45-04:00
https://www.mass.gov/doc/dept-of-agricultural-resources-v-big-fluffy-dog-rescue-ms-15-016/download,2026-08-19T17:21:30-04:00
https://www.mass.gov/doc/caldieri-v-mtrs-cr-14-299/download,2026-08-19T17:26:40-04:00
https://www.mass.gov/doc/amado-v-fair-labor-division-lb-22-592order-of-dismissal-11323/download,2026-08-19T17:19:45-04:00
https://www.mass.gov/doc/rochester-bituminous-v-fair-labor-division-lb-22-005order-on-motion-to-vacate-dismissal-5923/download,2026-08-19T17:19:45-04:00
https://www.mass.gov/doc/andino-v-fair-labor-division-lb-21-572order-of-dismissal-12122/download,2026-08-19T17:19:45-04:00
https://www.mass.gov/doc/garcia-v-fair-labor-division-lb-22-271/download,2026-08-19T17:19:45-04:00
https://www.mass.gov/doc/rochester-bituminous-v-fair-labor-division-lb-22-005order-10422/download,2026-08-19T17:19:45-04:00
https://www.mass.gov/doc/rochester-bituminous-v-fair-labor-division-lb-22-005order-on-motion-for-summary-dismissal-102522/download,2026-08-19T17:19:45-04:00
https://www.mass.gov/doc/degiacomo-v-sbr-cr-20-116/download,2026-08-19T17:26:40-04:00
https://www.mass.gov/doc/florio-v-mtrs-cr-18-509/download,2026-08-19T17:26:40-04:00
https://www.mass.gov/doc/leporati-v-framingham-ret-sys-cr-19-007/download,2026-08-19T17:26:40-04:00
https://www.mass.gov/doc/moran-v-brockton-ret-bd-cr-20-332/download,2026-08-19T17:26:40-04:00
https://www.mass.gov/doc/murphy-j-v-sbr-cr-20-386/download,2026-08-19T17:20:38-04:00
https://www.mass.gov/doc/stanton-v-state-bd-of-ret-cr-18-399/download,2026-08-19T17:26:40-04:00
https://www.mass.gov/doc/willette-v-state-bd-of-ret-cr-20-282/download,2026-08-19T17:26:02-04:00
https://www.mass.gov/doc/gloucester-ret-bd-v-perac-cr-21-217order-of-dismissal/download,2026-08-19T17:26:02-04:00
https://www.mass.gov/doc/internicola-v-saugus-ret-bd-cr-20-385/download,2026-08-19T17:26:02-04:00
https://www.mass.gov/doc/johnson-a-v-state-bd-of-ret-cr-18-586/download,2026-08-19T17:13:16-04:00
https://www.mass.gov/doc/lowrey-v-state-bd-of-ret-cr-19-202/download,2026-08-19T17:26:02-04:00
https://www.mass.gov/doc/mckeen-v-mtrs-cr-19-179/download,2026-08-19T17:26:02-04:00
https://www.mass.gov/doc/mtrs-v-blue-hills-et-al-cr-19-226/download,2026-08-19T17:26:02-04:00
https://www.mass.gov/doc/rowley-v-everett-ret-bd-cr-19-579/download,2026-08-19T17:26:02-04:00
https://www.mass.gov/doc/sarapas-v-plymouth-cty-ret-sys-cr-19-616/download,2026-08-19T17:26:02-04:00
https://www.mass.gov/doc/smith-m-v-gloucester-ret-bd-cr-19-493/download,2026-08-19T17:20:40-04:00
https://www.mass.gov/doc/twohig-v-braintree-ret-bd-cr-18-505/download,2026-08-19T17:26:02-04:00
https://www.mass.gov/doc/white-v-state-ret-bd-cr-22-095/download,2026-08-19T17:26:02-04:00
https://www.mass.gov/doc/jt-travers-v-winchester-ret-bd-cr-21-0080/download,2026-08-19T17:26:02-04:00
https://www.mass.gov/doc/bistany-v-lawrence-bd-of-ret-cr-17-04/download,2026-08-19T17:26:02-04:00
https://www.mass.gov/doc/mystic-valley-regional-school-v-state-bd-of-ret-cr-20-0243-order-of-summary-decision/download,2026-08-19T17:26:02-04:00
https://www.mass.gov/doc/perry-and-murphy-v-plymouth-county-ret-ass-cr-20-132/download,2026-08-19T17:26:02-04:00
https://www.mass.gov/doc/connor-v-plymouth-county-ret-ass-cr-20-0142/download,2026-08-19T17:26:02-04:00
https://www.mass.gov/doc/mckenna-v-plymouth-county-ret-bd-cr-20-0126/download,2026-08-19T17:26:02-04:00
https://www.mass.gov/doc/gouck-v-state-bd-of-ret-cr-19-0311/download,2026-08-19T17:26:02-04:00
https://www.mass.gov/doc/list-of-certified-tpis/download,2026-08-19T11:24:42-04:00
https://www.mass.gov/doc/bowen-sanford-v-mtrs-cr-18-0387/download,2026-08-19T17:26:02-04:00
https://www.mass.gov/doc/derr-v-state-bd-of-ret-cr-21-0337/download,2026-08-19T17:25:59-04:00
https://www.mass.gov/doc/fitzgerald-v-state-bd-of-ret-cr-20-0225/download,2026-08-19T17:25:59-04:00
https://www.mass.gov/doc/kretchmar-v-hampdon-cty-ret-bd-cr-21-0419/download,2026-08-19T17:25:59-04:00
https://www.mass.gov/doc/kretchmar-v-hampdon-cty-ret-bd-cr-21-0419-order-on-motion-to-reconsider/download,2026-08-19T17:25:59-04:00
https://www.mass.gov/doc/briley-v-perac-cr-20-0244/download,2026-08-19T17:25:59-04:00
https://www.mass.gov/doc/kelly-v-mtrs-cr-19-137/download,2026-08-19T17:24:13-04:00
https://www.mass.gov/doc/dph-v-mailloux-phet-22-0589/download,2026-08-19T17:21:30-04:00
https://www.mass.gov/doc/issm-v-fair-labor-division-lb-22-0167/download,2026-08-19T17:19:47-04:00
https://www.mass.gov/doc/majestic-painting-v-fair-labor-division-lb-22-471-475/download,2026-08-19T17:20:45-04:00
https://www.mass.gov/doc/roufail-v-fair-labor-division-lb-21-406-409/download,2026-08-19T17:20:36-04:00
https://www.mass.gov/doc/scs-building-maintenance-v-fair-labor-division/download,2026-08-19T17:25:59-04:00
https://www.mass.gov/doc/sullivan-j-v-brockton-ret-bd-cr-19-0623/download,2026-08-19T17:20:40-04:00
https://www.mass.gov/doc/zanetti-v-boston-ret-sys-cr-21-0176/download,2026-08-19T17:25:59-04:00
https://www.mass.gov/doc/baumann-v-state-bd-of-ret-cr-21-0626/download,2026-08-19T17:25:59-04:00
https://www.mass.gov/doc/skinner-v-mtrs-cr-20-0225/download,2026-08-19T17:25:59-04:00
https://www.mass.gov/doc/crofford-bik-v-mtrs-cr-22-0583/download,2026-08-19T17:25:59-04:00
https://www.mass.gov/doc/cummings-v-gloucester-ret-bd-cr-20-0322/download,2026-08-19T17:25:57-04:00
https://www.mass.gov/doc/dph-v-potter-phet-22-0077/download,2026-08-19T17:21:28-04:00
https://www.mass.gov/doc/ac-v-dppc-dppc-22-0154/download,2026-08-19T17:21:28-04:00
https://www.mass.gov/doc/deforitis-v-taunton-ret-bd-cr-19-52/download,2026-08-19T17:25:57-04:00
https://www.mass.gov/doc/groot-v-wakefield-ret-bd-cr-20-0259/download,2026-08-19T17:25:57-04:00
https://www.mass.gov/doc/yoke-v-ncrs-cr-21-0543/download,2026-08-19T17:20:45-04:00
https://www.mass.gov/doc/izzo-v-mtrs-cr-21-019/download,2026-08-19T17:25:57-04:00
https://www.mass.gov/doc/campbell-v-crb-cr-21-0041/download,2026-08-19T17:25:57-04:00
https://www.mass.gov/doc/horahan-v-sbr-cr-21-0549/download,2026-08-19T17:25:57-04:00
https://www.mass.gov/doc/melillo-v-mtrs-cr-21-0550/download,2026-08-19T17:25:57-04:00
https://www.mass.gov/doc/walsh-k-v-sbr-cr-21-0681/download,2026-08-19T17:20:40-04:00
https://www.mass.gov/doc/levin-v-mtrs-cr-20-030/download,2026-08-19T17:25:57-04:00
https://www.mass.gov/doc/english-drivers-manual/download,2026-08-19T10:59:45-04:00
https://www.mass.gov/doc/narcuzi-v-mtrs-cr-21-0064/download,2026-08-19T17:25:57-04:00
https://www.mass.gov/doc/trask-v-mtrs-cr-21-0256/download,2026-08-19T17:25:57-04:00
https://www.mass.gov/doc/board-of-review-decision-0076-9507-76/download,2026-08-19T14:35:34-04:00
https://www.mass.gov/doc/legrice-v-fair-labor-division-lb-22-0254/download,2026-08-19T17:19:47-04:00
https://www.mass.gov/doc/mello-v-mtrs-cr-19-0003/download,2026-08-19T17:25:57-04:00
https://www.mass.gov/doc/saffie-v-state-bd-of-ret-cr-21-0020/download,2026-08-19T17:25:57-04:00
https://www.mass.gov/doc/linehan-v-state-bd-of-ret-cr-21-0395/download,2026-08-19T17:25:57-04:00
https://www.mass.gov/doc/brown-v-mpaers-et-al-cr-20-0426/download,2026-08-19T17:25:57-04:00
https://www.mass.gov/doc/dph-v-pessini-phet-16-162/download,2026-08-19T17:21:28-04:00
https://www.mass.gov/doc/dph-v-stebbins-phet-17-878/download,2026-08-19T17:21:28-04:00
https://www.mass.gov/doc/walsh-j-v-perac-rrb-cr-21-0135/download,2026-08-19T17:20:40-04:00
https://www.mass.gov/doc/cohen-vaccari-v-state-bd-of-ret-21-0142-0269/download,2026-08-19T17:25:57-04:00
https://www.mass.gov/doc/gregory-v-mtrs-cr-19-0590-591/download,2026-08-19T17:25:57-04:00
https://www.mass.gov/doc/garcia-v-state-bd-of-ret-cr-21-0085/download,2026-08-19T17:25:57-04:00
https://www.mass.gov/doc/dph-v-westgate-phet-22-0618/download,2026-08-19T17:21:30-04:00
https://www.mass.gov/doc/roy-v-sbr-cr-19-0543/download,2026-08-19T17:25:57-04:00
https://www.mass.gov/doc/obrien-v-sbr-cr-19-0632/download,2026-08-19T17:25:57-04:00
https://www.mass.gov/doc/watson-v-sbr-cr-21-0105/download,2026-08-19T17:25:57-04:00
https://www.mass.gov/doc/carriero-v-nbrb-cr-21-0355/download,2026-08-19T17:25:07-04:00
https://www.mass.gov/doc/sagendorph-v-hcrrb-cr-21-631-22-117/download,2026-08-19T17:19:45-04:00
https://www.mass.gov/doc/dph-v-steele-phet-22-0615/download,2026-08-19T17:21:30-04:00
https://www.mass.gov/doc/sw-v-dppc-dppc-22-0043/download,2026-08-19T17:21:28-04:00
https://www.mass.gov/doc/dph-v-walsh-phet-23-0269/download,2026-08-19T17:21:30-04:00
https://www.mass.gov/doc/board-of-review-decision-0076-8840-38/download,2026-08-19T14:35:32-04:00
https://www.mass.gov/doc/welsch-v-mcrs-cr-20-0679/download,2026-08-19T17:25:07-04:00
https://www.mass.gov/doc/reid-r-v-prb-cr-21-0302/download,2026-08-19T17:25:07-04:00
https://www.mass.gov/doc/enrollment-in-retirement-plus-8723/download,2026-08-19T17:24:16-04:00
https://www.mass.gov/doc/jacques-v-attleboro-ret-bd-cr-17-667/download,2026-08-19T17:25:07-04:00
https://www.mass.gov/doc/carron-v-fair-labor-division-lb-20-0437/download,2026-08-19T17:19:45-04:00
https://www.mass.gov/doc/ns-v-dppc-dppc-22-0536/download,2026-08-19T19:32:09-04:00
https://www.mass.gov/doc/burke-v-sbr-cr-19-0394/download,2026-08-19T17:25:07-04:00
https://www.mass.gov/doc/rinfret-cronin-v-mbr-cr-20-0296/download,2026-08-19T17:25:07-04:00
https://www.mass.gov/doc/murphy-k-v-frb-cr-20-0453/download,2026-08-19T17:21:34-04:00
https://www.mass.gov/doc/dragon-pizza-v-fair-labor-division-lb-22-0551-553/download,2026-08-19T17:19:47-04:00
https://www.mass.gov/doc/newsome-travers-v-dvs-vs-22-0358-359/download,2026-08-19T17:20:36-04:00
https://www.mass.gov/doc/dept-of-agricultural-resources-v-we-grow-microgreens-ms-23-0254/download,2026-08-19T17:21:30-04:00
https://www.mass.gov/doc/enrollment-in-retirement-plus-83023/download,2026-08-19T17:24:16-04:00
https://www.mass.gov/doc/enrollment-in-retirement-plus-830232/download,2026-08-19T17:24:17-04:00
https://www.mass.gov/doc/mello-v-eovs-dvs-vs-21-0028/download,2026-08-19T17:20:36-04:00
https://www.mass.gov/doc/dome-v-mcrs-cr-22-0007/download,2026-08-19T17:25:05-04:00
https://www.mass.gov/doc/exarhopoulos-v-mcrs-perac-cr-21-0211/download,2026-08-19T17:25:05-04:00
https://www.mass.gov/doc/galofaro-v-mcrs-cr-21-0207/download,2026-08-19T17:25:05-04:00
https://www.mass.gov/doc/purcell-cialdea-v-wrrs-cr-20-0383-0411/download,2026-08-19T17:25:05-04:00
https://www.mass.gov/doc/coppage-v-sbr-cr-22-0081/download,2026-08-19T17:25:05-04:00
https://www.mass.gov/doc/rumbolt-v-mtrs-cr-21-0057/download,2026-08-19T17:25:05-04:00
https://www.mass.gov/doc/mckinney-v-sbr-cr-17-230-868/download,2026-08-19T17:25:05-04:00
https://www.mass.gov/doc/lapalme-v-worcester-reg-ret-bd-cr-19-0461/download,2026-08-19T17:25:05-04:00
https://www.mass.gov/doc/philpot-v-sbr-cr-21-0379/download,2026-08-19T17:25:05-04:00
https://www.mass.gov/doc/rogers-k-v-state-bd-or-ret-cr-20-0216/download,2026-08-19T17:15:26-04:00
https://www.mass.gov/doc/long-a-v-sbr-cr-20-0440-21-0287/download,2026-08-19T17:20:42-04:00
https://www.mass.gov/doc/gallagher-s-v-sbr-cr-20-0448/download,2026-08-19T17:12:25-04:00
https://www.mass.gov/doc/jameson-v-lrb-cr-21-0109/download,2026-08-19T17:25:05-04:00
https://www.mass.gov/doc/bridgewater-v-eohhs-rs-00-668/download,2026-08-19T17:18:16-04:00
https://www.mass.gov/doc/blythe-v-eovs-vs-23-0384/download,2026-08-19T17:20:38-04:00
https://www.mass.gov/doc/dollar-tree-v-fair-labor-division-lb-22-0039-0040/download,2026-08-19T17:19:47-04:00
https://www.mass.gov/doc/idea-painting-company-v-fair-labor-division-lb-23-0327-0437/download,2026-08-19T17:20:36-04:00
https://www.mass.gov/doc/bradford-v-mtrs-cr-21-0336/download,2026-08-19T17:25:05-04:00
https://www.mass.gov/doc/wakefield-ret-bd-v-mtrs-cr-22-573/download,2026-08-19T17:25:05-04:00
https://www.mass.gov/doc/burnes-v-state-bd-of-ret-cr-21-0084/download,2026-08-19T17:25:05-04:00
https://www.mass.gov/doc/lichwell-v-worcester-reg-ret-sys-cr-21-0275/download,2026-08-19T17:25:04-04:00
https://www.mass.gov/doc/board-of-review-decision-0077-0401-16/download,2026-08-19T14:35:35-04:00
https://www.mass.gov/doc/board-of-review-decision-0077-1478-06/download,2026-08-19T14:35:35-04:00
https://www.mass.gov/doc/ss-v-dppc-dppc-22-0537/download,2026-08-19T17:21:28-04:00
https://www.mass.gov/doc/hoppensteadt-v-mtrs-cr-22-0582/download,2026-08-19T17:25:04-04:00
https://www.mass.gov/doc/hartung-v-mtrs-cr-22-0194-195/download,2026-08-19T17:25:04-04:00
https://www.mass.gov/doc/sydney-v-mrb-cr-20-0194/download,2026-08-19T17:25:04-04:00
https://www.mass.gov/doc/costanzo-v-brr-cr-21-038/download,2026-08-19T17:25:04-04:00
https://www.mass.gov/doc/jl-v-dppc-dppc-22-0415/download,2026-08-19T17:21:28-04:00
https://www.mass.gov/doc/valiant-v-mtrs-cr-20-330-20-427/download,2026-08-19T17:25:04-04:00
https://www.mass.gov/doc/mcdonald-v-ncrb-cr-20-0403/download,2026-08-19T17:25:04-04:00
https://www.mass.gov/doc/revere-ret-bd-milinazzo-v-perac-cr-21-0159-23-0521/download,2026-08-19T17:25:04-04:00
https://www.mass.gov/doc/mcdonough-j-v-frrs-cr-21-0188/download,2026-08-19T17:20:40-04:00
https://www.mass.gov/doc/tuminelli-v-sbr-cr-21-0335/download,2026-08-19T17:25:04-04:00
https://www.mass.gov/doc/rawinski-v-sbr-cr-22-0023/download,2026-08-19T17:25:04-04:00
https://www.mass.gov/doc/johnson-me-v-mtrs-cr-15-482-483/download,2026-08-19T17:13:16-04:00
https://www.mass.gov/doc/lutz-v-mtrs-cr-21-0075/download,2026-08-19T17:25:01-04:00
https://www.mass.gov/doc/lak-v-sbr-cr-21-0384/download,2026-08-19T17:25:01-04:00
https://www.mass.gov/doc/glasheen-v-sbr-cr-21-0553/download,2026-08-19T17:25:01-04:00
https://www.mass.gov/doc/traynor-v-grb-cr-20-0281/download,2026-08-19T17:25:01-04:00
https://www.mass.gov/doc/brimberry-v-eovs-vs-10-0122/download,2026-08-19T17:20:36-04:00
https://www.mass.gov/doc/bugler-v-lrb-cr-19-0557/download,2026-08-19T17:25:01-04:00
https://www.mass.gov/doc/florentine-v-sbr-cr-21-0236/download,2026-08-19T17:25:01-04:00
https://www.mass.gov/doc/zhang-v-mcrb-cr-21-0357-544/download,2026-08-19T17:25:01-04:00
https://www.mass.gov/doc/barnes-v-errs-cr-21-469/download,2026-08-19T17:25:01-04:00
https://www.mass.gov/doc/feffer-v-mtrs-cr-23-159/download,2026-08-19T17:25:01-04:00
https://www.mass.gov/doc/dohan-v-sbr-cr-22-0104/download,2026-08-19T17:25:01-04:00
https://www.mass.gov/doc/whooley-v-mcrs-cr-22-0207/download,2026-08-19T17:24:20-04:00
https://www.mass.gov/doc/dm-v-pcra-et-al-cr-17-291/download,2026-08-19T17:24:20-04:00
https://www.mass.gov/doc/fazzio-v-mtrs-cr-21-0294/download,2026-08-19T17:24:20-04:00
https://www.mass.gov/doc/holbrook-v-mtrs-cr-20-0147/download,2026-08-19T17:24:20-04:00
https://www.mass.gov/doc/mcleod-v-mrs-cr-22-625/download,2026-08-19T17:24:20-04:00
https://www.mass.gov/doc/dillon-v-mcrs-cr-21-330/download,2026-08-19T17:24:20-04:00
https://www.mass.gov/doc/quinn-v-mtrs-cr-21-0098/download,2026-08-19T17:24:20-04:00
https://www.mass.gov/doc/wilson-v-mrb-cr-17-104/download,2026-08-19T17:24:20-04:00
https://www.mass.gov/doc/deec-v-jarominski-oc-22-0329/download,2026-08-19T17:21:28-04:00
https://www.mass.gov/doc/deec-v-aguilar-oc-23-0251/download,2026-08-19T17:21:28-04:00
https://www.mass.gov/doc/magarian-v-lrb-cr-22-0088/download,2026-08-19T17:23:20-04:00
https://www.mass.gov/doc/grant-v-sbr-cr-22-0542/download,2026-08-19T17:24:19-04:00
https://www.mass.gov/doc/fillmore-v-mtrs-23-0358/download,2026-08-19T17:24:13-04:00
https://www.mass.gov/doc/walsh-t-v-mrb-cr-19-517/download,2026-08-19T17:20:40-04:00
https://www.mass.gov/doc/baptiste-v-bcrb-et-al-cr-20-0001/download,2026-08-19T17:19:42-04:00
https://www.mass.gov/doc/coe-v-sbr-cr-20-0007/download,2026-08-19T17:24:19-04:00
https://www.mass.gov/doc/fletcher-v-sbr-cr-20-0491/download,2026-08-19T17:24:19-04:00
https://www.mass.gov/doc/favazza-v-mtrs-cr-21-0150/download,2026-08-19T17:24:19-04:00
https://www.mass.gov/doc/gibson-rock-v-brb-cr-21-0180/download,2026-08-19T17:24:19-04:00
https://www.mass.gov/doc/ryan-m-v-wakefield-ret-bd-cr-21-0230/download,2026-08-19T17:13:19-04:00
https://www.mass.gov/doc/bodreau-v-wrs-cr-21-0283/download,2026-08-19T17:24:19-04:00
https://www.mass.gov/doc/gonglik-v-wrs-cr-21-425/download,2026-08-19T17:24:19-04:00
https://www.mass.gov/doc/gorman-v-mtrs-cr-22-0347/download,2026-08-19T17:24:19-04:00
https://www.mass.gov/doc/hughes-v-mrb-cr-21-0073/download,2026-08-19T17:24:19-04:00
https://www.mass.gov/doc/ahern-v-sbr-cr-22-0098/download,2026-08-19T17:24:17-04:00
https://www.mass.gov/doc/menard-v-mtrs-cr-22-0341/download,2026-08-19T17:24:17-04:00
https://www.mass.gov/doc/huber-v-sbr-cr-21-577/download,2026-08-19T17:24:17-04:00
https://www.mass.gov/doc/rogers-r-v-worcester-ret-bd-cr-22-0164/download,2026-08-19T17:15:28-04:00
https://www.mass.gov/doc/rhude-v-bcrb-cr-22-0244/download,2026-08-19T17:24:17-04:00
https://www.mass.gov/doc/smith-e-v-sbr-cr-22-0375/download,2026-08-19T17:20:40-04:00
https://www.mass.gov/doc/ducomb-v-mtrs-cr-23-0111/download,2026-08-19T17:24:17-04:00
https://www.mass.gov/doc/oteri-v-mtrs-cr-21-0365/download,2026-08-19T17:24:17-04:00
https://www.mass.gov/doc/stowell-v-mtrs-cr-22-0065/download,2026-08-19T17:24:17-04:00
https://www.mass.gov/doc/emerson-e-v-sbr-cr-22-0312/download,2026-08-19T17:24:17-04:00
https://www.mass.gov/doc/rose-v-brs-cr-22-0405/download,2026-08-19T17:24:17-04:00
https://www.mass.gov/doc/batista-contracting-et-al-v-fair-labor-division-lb-23-0364/download,2026-08-19T17:19:47-04:00
https://www.mass.gov/doc/raymond-v-mtrs-cr-12-49-62/download,2026-08-19T17:24:13-04:00
https://www.mass.gov/doc/miller-v-n-attleboro-ret-bd-cr-21-0099/download,2026-08-19T17:24:13-04:00
https://www.mass.gov/doc/sullivan-p-v-mtrs-cr-21-0200/download,2026-08-19T17:20:40-04:00
https://www.mass.gov/doc/duprey-v-sbr-cr-21-0209/download,2026-08-19T17:24:13-04:00
https://www.mass.gov/doc/rodriguez-v-sbr-cr-21-0366/download,2026-08-19T17:24:13-04:00
https://www.mass.gov/doc/flynn-v-sbr-cr-21-0653/download,2026-08-19T17:24:13-04:00
https://www.mass.gov/doc/zelten-v-sbr-cr-22-0457/download,2026-08-19T17:24:13-04:00
https://www.mass.gov/doc/murphy-y-v-sbr-cr-23-0302/download,2026-08-19T17:20:38-04:00
https://www.mass.gov/doc/perry-v-mcrs-cr-20-0172/download,2026-08-19T17:24:13-04:00
https://www.mass.gov/doc/bertonassi-v-mcrs-cr-20-0252/download,2026-08-19T17:24:13-04:00
https://www.mass.gov/doc/antonelli-v-sbr-cr-20-0341/download,2026-08-19T17:23:26-04:00
https://www.mass.gov/doc/times-v-sbr-cr-21-0290/download,2026-08-19T17:23:26-04:00
https://www.mass.gov/doc/vigneaus-v-errb-cr-21-0413/download,2026-08-19T17:23:26-04:00
https://www.mass.gov/doc/gross-v-mtrs-cr-22-0156/download,2026-08-19T17:23:26-04:00
https://www.mass.gov/doc/fox-v-frrs-cr-23-0238/download,2026-08-19T17:23:26-04:00
https://www.mass.gov/doc/spencer-v-mtrs-cr-23-0305/download,2026-08-19T17:23:26-04:00
https://www.mass.gov/doc/bsea-mediation-manual-chinese/download,2026-08-19T17:23:24-04:00
https://www.mass.gov/doc/conway-v-perac-cr-22-0439/download,2026-08-19T17:23:26-04:00
https://www.mass.gov/doc/cincotta-v-sbr-cr-22-028/download,2026-08-19T17:23:26-04:00
https://www.mass.gov/doc/racow-v-wrb-cr-20-0492/download,2026-08-19T17:23:24-04:00
https://www.mass.gov/doc/dph-v-dejardin-ph-23-0281/download,2026-08-19T17:21:30-04:00
https://www.mass.gov/doc/mcdonough-t-v-sbr-cr-15-098/download,2026-08-19T17:20:40-04:00
https://www.mass.gov/doc/pina-v-sbr-cr-21-0387/download,2026-08-19T17:23:24-04:00
https://www.mass.gov/doc/gallagher-h-v-mtrs-cr-22-0257/download,2026-08-19T17:12:25-04:00
https://www.mass.gov/doc/moore-v-brs-cr-23-0053/download,2026-08-19T17:23:24-04:00
https://www.mass.gov/doc/dph-v-aresnault-phet-23-0462/download,2026-08-19T17:21:30-04:00
https://www.mass.gov/doc/pope-nursing-home-v-eohhs-rs-00-444-others/download,2026-08-19T17:18:17-04:00
https://www.mass.gov/doc/scott-v-sbr-cr-22-0072/download,2026-08-19T17:23:24-04:00
https://www.mass.gov/doc/tomeo-v-sbr-cr-22-0189/download,2026-08-19T17:23:24-04:00
https://www.mass.gov/doc/guilford-health-mgmt-v-eohhs-rs-99-104-others/download,2026-08-19T17:20:42-04:00
https://www.mass.gov/doc/sea-view-v-eohhs-rs-17-651/download,2026-08-19T17:18:17-04:00
https://www.mass.gov/doc/macaleese-v-brs-cr-21-0134/download,2026-08-19T17:23:24-04:00
https://www.mass.gov/doc/tillinghast-v-sbr-cr-22-0223/download,2026-08-19T17:23:24-04:00
https://www.mass.gov/doc/city-compost-v-fair-labor-division-lb-23-0038/download,2026-08-19T17:20:36-04:00
https://www.mass.gov/doc/long-r-v-sbr-cr-21-0616/download,2026-08-19T17:20:42-04:00
https://www.mass.gov/doc/cali-v-wrb-cr-21-0664/download,2026-08-19T17:23:24-04:00
https://www.mass.gov/doc/melchionda-v-mtrs-cr-21-0674/download,2026-08-19T17:23:24-04:00
https://www.mass.gov/doc/burlingame-v-wrrs-cr-22-0130/download,2026-08-19T17:23:22-04:00
https://www.mass.gov/doc/solazzo-v-nrb-cr-22-0177/download,2026-08-19T17:18:16-04:00
https://www.mass.gov/doc/av-seals-labor-group-v-fair-labor-division-lb-23-0622/download,2026-08-19T17:19:47-04:00
https://www.mass.gov/doc/dph-v-landry-ph-23-0408/download,2026-08-19T19:33:31-04:00
https://www.mass.gov/doc/pano-v-mtrs-cr-21-0022/download,2026-08-19T17:23:22-04:00
https://www.mass.gov/doc/carr-b-v-mtrs-cr-21-0060/download,2026-08-19T17:13:16-04:00
https://www.mass.gov/doc/jason-j-v-rrb-cr-22-0360/download,2026-08-19T17:23:22-04:00
https://www.mass.gov/doc/cassidy-v-sbr-cr-21-0400/download,2026-08-19T17:23:18-04:00
https://www.mass.gov/doc/tierney-v-sbr-cr-21-0495/download,2026-08-19T17:23:20-04:00
https://www.mass.gov/doc/fournier-v-sbr-cr-22-0311/download,2026-08-19T17:23:20-04:00
https://www.mass.gov/doc/mcguire-d-v-sbr-cr-22-0374/download,2026-08-19T17:20:38-04:00
https://www.mass.gov/doc/mccann-v-mtrs-cr-22-0424/download,2026-08-19T17:23:20-04:00
https://www.mass.gov/doc/racca-v-brb-cr-23-0103/download,2026-08-19T17:23:20-04:00
https://www.mass.gov/doc/hannon-v-essex-ret-board-et-al-cr-20-0303/download,2026-08-19T17:23:18-04:00
https://www.mass.gov/doc/mcguire-p-v-sbr-cr-22-0175/download,2026-08-19T17:20:38-04:00
https://www.mass.gov/doc/dept-of-agricultural-resources-v-whitmore-ms-23-0319/download,2026-08-19T19:22:10-04:00
https://www.mass.gov/doc/giampietro-v-sbr-cr-22-0382/download,2026-08-19T17:23:18-04:00
https://www.mass.gov/doc/yoke-v-ncrb-cr-21-0543/download,2026-08-19T17:23:18-04:00
https://www.mass.gov/doc/griffin-v-sbr-20-0207-crab/download,2026-08-19T17:23:18-04:00
https://www.mass.gov/doc/griffin-v-sbr-20-0390-crab/download,2026-08-19T17:23:18-04:00
https://www.mass.gov/doc/fonseca-v-mtrs-12-164-crab/download,2026-08-19T17:23:18-04:00
https://www.mass.gov/doc/marytza-v-sbr-13-598-crab/download,2026-08-19T17:23:18-04:00
https://www.mass.gov/doc/pellin-v-frrb-16-0125-crab/download,2026-08-19T17:23:18-04:00
https://www.mass.gov/doc/delsolio-v-sbr-22-0192-crab/download,2026-08-19T17:22:27-04:00
https://www.mass.gov/doc/florentine-v-sbr-cr-21-0236-crab/download,2026-08-19T17:22:27-04:00
https://www.mass.gov/doc/quinn-v-mtrs-cr-21-0098-crab/download,2026-08-19T17:22:27-04:00
https://www.mass.gov/doc/simonds-v-mtrs-23-0140-2-crab/download,2026-08-19T17:22:27-04:00
https://www.mass.gov/doc/dwyer-v-mtrs-cr-23-0459-2-crab/download,2026-08-19T17:22:27-04:00
https://www.mass.gov/doc/pananos-v-mtrs-cr-16-527-crab/download,2026-08-19T17:22:27-04:00
https://www.mass.gov/doc/marley-v-mtrs-cr-20-0103-crab/download,2026-08-19T17:22:27-04:00
https://www.mass.gov/doc/clark-v-nrb-cr-15-536-crab/download,2026-08-19T17:22:27-04:00
https://www.mass.gov/doc/jackson-v-sbr-14-0294-crab/download,2026-08-19T17:22:25-04:00
https://www.mass.gov/doc/welsh-v-worcester-regional-retirement-system-cr-20-0396-crab/download,2026-08-19T17:22:25-04:00
https://www.mass.gov/doc/briggs-v-wrrs-cr-20-384-crab/download,2026-08-19T17:22:23-04:00
https://www.mass.gov/doc/popp-v-sbr-17-848-crab/download,2026-08-19T17:22:25-04:00
https://www.mass.gov/doc/white-v-somerville-ret-bd-cr-22-0095-crab/download,2026-08-19T17:22:25-04:00
https://www.mass.gov/doc/r-willette-m-heuston-v-somerville-ret-bd-cr-20-282-20-381-crab/download,2026-08-19T17:22:25-04:00
https://www.mass.gov/doc/gale-v-sbr-cr-13-205-crab/download,2026-08-19T17:22:25-04:00
https://www.mass.gov/doc/obrien-v-mtrs-cr-18-0630-crab/download,2026-08-19T17:22:25-04:00
https://www.mass.gov/doc/perac-v-barnstable-cty-ret-bd-parkka-cr-17-394-21-0155-crab/download,2026-08-19T17:22:25-04:00
https://www.mass.gov/doc/stanton-v-state-bd-of-ret-cr-18-399-crab/download,2026-08-19T17:22:23-04:00
https://www.mass.gov/doc/hardoon-v-sbr-cr-13-071-crab/download,2026-08-19T17:22:25-04:00
https://www.mass.gov/doc/hallen-v-wrb-cr-14-572-crab/download,2026-08-19T17:22:23-04:00
https://www.mass.gov/doc/benoit-v-erb-14-0821-crab/download,2026-08-19T17:22:23-04:00
https://www.mass.gov/doc/mystic-valley-regional-school-v-sbr-cr-20-0243-crab/download,2026-08-19T17:22:23-04:00
https://www.mass.gov/doc/desautel-v-sbr-cr-18-0080-crab/download,2026-08-19T17:22:23-04:00
https://www.mass.gov/doc/siddle-v-mtrs-cr-16-0385-crab/download,2026-08-19T17:22:23-04:00
https://www.mass.gov/doc/downey-v-mcrs-cr-15-550-crab/download,2026-08-19T17:22:23-04:00
https://www.mass.gov/doc/pereira-v-sbr-frrs-cr-16-558-crab/download,2026-08-19T17:22:23-04:00
https://www.mass.gov/doc/sibley-v-frrb-cr-15-054-crab/download,2026-08-19T17:22:23-04:00
https://www.mass.gov/doc/oxford-v-lrb-cr-18-0005-crab/download,2026-08-19T17:22:20-04:00
https://www.mass.gov/doc/palermo-v-sbr-cr-19-0360-crab/download,2026-08-19T17:22:20-04:00
https://www.mass.gov/doc/perry-and-murphy-v-plymouth-county-ret-ass-cr-20-132-133-crab/download,2026-08-19T17:22:20-04:00
https://www.mass.gov/doc/kelly-v-brb-cr-13-202-crab/download,2026-08-19T17:22:20-04:00
https://www.mass.gov/doc/sanko-v-wrrb-cr-12-659-crab/download,2026-08-19T17:22:20-04:00
https://www.mass.gov/doc/williams-v-prb-cr-15-461-crab/download,2026-08-19T17:22:20-04:00
https://www.mass.gov/doc/strong-v-wrrs-cr-15-597-crab/download,2026-08-19T17:22:20-04:00
https://www.mass.gov/doc/barbosa-v-mcrb-cr-15-501-crab/download,2026-08-19T17:22:20-04:00
https://www.mass.gov/doc/brown-v-brs-cr-16-051-crab/download,2026-08-19T17:22:20-04:00
https://www.mass.gov/doc/perez-v-mtrs-cr-15-155-crab/download,2026-08-19T17:22:20-04:00
https://www.mass.gov/doc/shea-v-mrb-cr-14-0185-crab/download,2026-08-19T17:22:18-04:00
https://www.mass.gov/doc/tomaszewski-v-sbr-cr-16-0431-crab/download,2026-08-19T17:22:18-04:00
https://www.mass.gov/doc/fuller-v-eovs-vs-23-0309/download,2026-08-19T17:20:38-04:00
https://www.mass.gov/doc/mcguire-c-v-sbr-cr-15-533/download,2026-08-19T17:20:38-04:00
https://www.mass.gov/doc/fontaine-v-mtrs-cr-21-0670/download,2026-08-19T17:22:18-04:00
https://www.mass.gov/doc/bennett-v-mtrs-cr-21-0185/download,2026-08-19T17:22:18-04:00
https://www.mass.gov/doc/board-of-review-decision-0082-1786-03/download,2026-08-19T14:35:26-04:00
https://www.mass.gov/doc/times-v-sbr-cr-21-0290-crab/download,2026-08-19T17:19:41-04:00
https://www.mass.gov/doc/mulvey-v-chicopee-ret-bd-cr-16-055-crab/download,2026-08-19T17:14:37-04:00
https://www.mass.gov/doc/mclaughlin-v-chelsea-ret-bd-cr-11-731/download,2026-08-19T17:22:18-04:00
https://www.mass.gov/doc/pavlicek-v-mtrs-cr-21-0056/download,2026-08-19T17:22:18-04:00
https://www.mass.gov/doc/goulet-v-sbr-cr-22-0151/download,2026-08-19T17:22:18-04:00
https://www.mass.gov/doc/degirolamo-v-mtrs-cr-22-0367/download,2026-08-19T17:22:18-04:00
https://www.mass.gov/doc/horan-v-sbr-cr-19-0413/download,2026-08-19T17:22:18-04:00
https://www.mass.gov/doc/lafland-v-mtrs-cr-20-0431/download,2026-08-19T17:22:18-04:00
https://www.mass.gov/doc/defigueiredo-v-sbr-cr-21-0186/download,2026-08-19T17:21:34-04:00
https://www.mass.gov/doc/fragata-v-mtrs-23-0263/download,2026-08-19T17:21:34-04:00
https://www.mass.gov/doc/carlson-v-bos-ret-sys-23-0193-crab/download,2026-08-19T17:21:34-04:00
https://www.mass.gov/doc/chu-v-bos-ret-sys-23-0016-crab/download,2026-08-19T17:21:34-04:00
https://www.mass.gov/doc/conlin-v-bos-ret-sys-23-0030-crab/download,2026-08-19T17:21:34-04:00
https://www.mass.gov/doc/do-nguyen-v-bos-ret-sys-23-0042-crab/download,2026-08-19T17:21:34-04:00
https://www.mass.gov/doc/franty-v-bos-ret-sys-23-0043-crab/download,2026-08-19T17:21:34-04:00
https://www.mass.gov/doc/hall-v-bos-ret-sys-21-0124-crab/download,2026-08-19T17:21:33-04:00
https://www.mass.gov/doc/moreno-v-bos-ret-sys-23-0105-crab/download,2026-08-19T17:21:33-04:00
https://www.mass.gov/doc/roussin-v-bos-ret-sys-23-0028-crab/download,2026-08-19T17:21:33-04:00
https://www.mass.gov/doc/sands-v-bos-ret-sys-23-0924-crab/download,2026-08-19T17:21:33-04:00
https://www.mass.gov/doc/venditti-v-bos-ret-sys-23-0419-crab/download,2026-08-19T17:21:33-04:00
https://www.mass.gov/doc/rivera-v-bos-ret-sys-23-0173-crab/download,2026-08-19T17:21:33-04:00
https://www.mass.gov/doc/price-v-bos-ret-sys-23-0029-crab/download,2026-08-19T17:21:33-04:00
https://www.mass.gov/doc/khan-v-sbr-14-524-crab/download,2026-08-19T17:21:33-04:00
https://www.mass.gov/doc/kidd-v-sbr-21-0313-crab/download,2026-08-19T17:21:33-04:00
https://www.mass.gov/doc/mwra-v-perac-19-320-crab/download,2026-08-19T17:21:33-04:00
https://www.mass.gov/doc/linda-manor-v-eohhs-rs-00-490/download,2026-08-19T17:20:45-04:00
https://www.mass.gov/doc/lr-v-dua-det-24-0116/download,2026-08-19T17:20:38-04:00
https://www.mass.gov/doc/greenwood-v-sbr-cr-22-006/download,2026-08-19T17:20:42-04:00
https://www.mass.gov/doc/gingerella-v-sbr-cr-21-0625/download,2026-08-19T17:20:42-04:00
https://www.mass.gov/doc/hayter-v-sbr-cr-21-0052/download,2026-08-19T17:20:42-04:00
https://www.mass.gov/doc/blatus-v-mtrs-cr-22-0300/download,2026-08-19T17:21:30-04:00
https://www.mass.gov/doc/rosemarie-r-v-amesbury-ret-sys-cr-22-0590/download,2026-08-19T17:20:42-04:00
https://www.mass.gov/doc/city-of-methuen-v-methuen-ret-sys-cr-23-0420-order-of-dismissal/download,2026-08-19T17:20:42-04:00
https://www.mass.gov/doc/schalow-baker-v-fair-labor-division-lb-24-0101-order-of-dismissal0/download,2026-08-19T17:20:36-04:00
https://www.mass.gov/doc/finn-v-mtrs-cr-20-0434/download,2026-08-19T17:19:45-04:00
https://www.mass.gov/doc/hyde-v-mtrs-cr-22-0148/download,2026-08-19T17:19:42-04:00
https://www.mass.gov/doc/deec-v-sanchez-correa-oc-22-44-601/download,2026-08-19T17:19:42-04:00
https://www.mass.gov/doc/ballinger-v-pcrb-cr-23-0551/download,2026-08-19T17:19:42-04:00
https://www.mass.gov/doc/denaro-v-hrb-cr-22-0495/download,2026-08-19T17:19:42-04:00
https://www.mass.gov/doc/bowdridge-v-sbr-cr-22-0377/download,2026-08-19T17:19:42-04:00
https://www.mass.gov/doc/peters-v-mtrs-cr-22-0306/download,2026-08-19T17:19:42-04:00
https://www.mass.gov/doc/rodgers-v-mtrs-cr-21-0292/download,2026-08-19T17:19:42-04:00
https://www.mass.gov/doc/gustafson-v-mtrs-cr-20-0405/download,2026-08-19T17:19:42-04:00
https://www.mass.gov/doc/bartini-v-brcb-cr-22-0018/download,2026-08-19T17:19:42-04:00
https://www.mass.gov/doc/hamm-moylan-v-mtrs-cr-22-0243/download,2026-08-19T17:19:41-04:00
https://www.mass.gov/doc/drake-v-mtrs-cr-23-0119/download,2026-08-19T17:19:41-04:00
https://www.mass.gov/doc/brien-v-sbr-cr-23-0126/download,2026-08-19T17:19:41-04:00
https://www.mass.gov/doc/banks-v-sbr-24-0068-crab/download,2026-08-19T17:19:41-04:00
https://www.mass.gov/doc/galofaro-v-mcrs-perac-21-0207-crab/download,2026-08-19T17:19:41-04:00
https://www.mass.gov/doc/hamm-v-sbr-17-0886-crab/download,2026-08-19T17:19:41-04:00
https://www.mass.gov/doc/meola-v-essex-ret-bd-16-412/download,2026-08-19T17:19:41-04:00
https://www.mass.gov/doc/hicks-v-sbr-cr-21-0377/download,2026-08-19T17:19:41-04:00
https://www.mass.gov/doc/dulit-v-sbr-cr-23-0357/download,2026-08-19T17:19:41-04:00
https://www.mass.gov/doc/underwood-v-boston-ret-bd-cr-21-0353/download,2026-08-19T17:19:39-04:00
https://www.mass.gov/doc/bolomey-v-boston-ret-sysm-cr-22-0028/download,2026-08-19T17:19:39-04:00
https://www.mass.gov/doc/gerrish-v-sbr-cr-22-0188/download,2026-08-19T17:19:39-04:00
https://www.mass.gov/doc/kukkula-v-fitchburg-ret-sys-cr-23-0213/download,2026-08-19T17:19:39-04:00
https://www.mass.gov/doc/urena-v-sbr-cr-24-0365/download,2026-08-19T17:19:39-04:00
https://www.mass.gov/doc/kane-v-wrrb-cr-14-052-crabdecision-on-motion-to-reconsider/download,2026-08-19T17:16:08-04:00
https://www.mass.gov/doc/hogan-v-mtrs-cr-15-567-crab/download,2026-08-19T17:16:08-04:00
https://www.mass.gov/doc/lukasik-v-mtrs-cr-15-688-crab/download,2026-08-19T17:16:08-04:00
https://www.mass.gov/doc/board-of-review-decision-0082-2376-38/download,2026-08-19T14:35:29-04:00
https://www.mass.gov/doc/mckinnon-v-sbr-cr-22-0225/download,2026-08-19T17:19:39-04:00
https://www.mass.gov/doc/boston-best-construction-llc-v-fair-labor-division-lb-24-0016/download,2026-08-19T17:19:39-04:00
https://www.mass.gov/doc/dph-v-weston-phet-23-0318/download,2026-08-19T17:19:39-04:00
https://www.mass.gov/doc/cmj-v-dppc-dppc-23-0143/download,2026-08-19T17:18:17-04:00
https://www.mass.gov/doc/boston-language-institute-inc-v-fair-labor-division-lb-19-0288/download,2026-08-19T17:19:39-04:00
https://www.mass.gov/doc/michaud-v-eovs-vs-23-0698/download,2026-08-19T17:18:17-04:00
https://www.mass.gov/doc/mtrs-v-clinton-ret-bd-18-0438-crab/download,2026-08-19T17:18:17-04:00
https://www.mass.gov/doc/mtrs-v-waltham-ret-bd-18-0307-crab/download,2026-08-19T17:18:17-04:00
https://www.mass.gov/doc/mtrs-v-stoneham-ret-bd-18-0324-crab/download,2026-08-19T17:18:17-04:00
https://www.mass.gov/doc/shailor-v-bristol-county-retirement-board-cr-21-0343/download,2026-08-19T17:18:16-04:00
https://www.mass.gov/doc/forsberg-v-mtrs-cr-21-0571/download,2026-08-19T17:18:16-04:00
https://www.mass.gov/doc/ryan-l-v-state-bd-of-ret-cr-22-0038/download,2026-08-19T17:13:19-04:00
https://www.mass.gov/doc/small-v-sbr-cr-22-0113/download,2026-08-19T17:18:16-04:00
https://www.mass.gov/doc/worcester-reg-ret-sys-v-middlesex-cty-ret-sys-perac-cr-23-0006/download,2026-08-19T17:18:16-04:00
https://www.mass.gov/doc/lennon-v-sbr-cr-23-0121/download,2026-08-19T17:18:16-04:00
https://www.mass.gov/doc/peterson-v-sbr-cr-23-0122/download,2026-08-19T17:18:16-04:00
https://www.mass.gov/doc/dibaro-v-sbr-perac-cr-23-0279/download,2026-08-19T17:18:16-04:00
https://www.mass.gov/doc/cliggott-v-mtrs-cr-23-0342/download,2026-08-19T17:18:16-04:00
https://www.mass.gov/doc/baratta-v-brs-cr-23-0216/download,2026-08-19T17:18:15-04:00
https://www.mass.gov/doc/fillmore-v-mtrs-23-0358-order-on-motion-for-reconsideration/download,2026-08-19T17:18:15-04:00
https://www.mass.gov/doc/pilgrim-rehab-v-eohhs-rs-00-493/download,2026-08-19T17:18:15-04:00
https://www.mass.gov/doc/mtrs-v-clinton-ret-bd-18-0438-craborder-on-mtn-to-stay/download,2026-08-19T17:18:15-04:00
https://www.mass.gov/doc/mtrs-v-stoneham-ret-bd-18-0324-crab-order-on-mtn-to-stay/download,2026-08-19T17:18:15-04:00
https://www.mass.gov/doc/mtrs-v-waltham-ret-bd-18-0307-crab-order-on-mtn-to-stay/download,2026-08-19T17:18:15-04:00
https://www.mass.gov/doc/ketchum-v-mtrs-cr-19-0614/download,2026-08-19T17:18:15-04:00
https://www.mass.gov/doc/elwell-v-eovs-vs-21-0565/download,2026-08-19T17:18:15-04:00
https://www.mass.gov/doc/sorrentino-v-sbr-19-0118-crab/download,2026-08-19T17:18:15-04:00
https://www.mass.gov/doc/pereira-v-new-bedford-ret-bd-16-450-crab/download,2026-08-19T17:18:15-04:00
https://www.mass.gov/doc/sorrentino-v-sbr-cr-19-0118/download,2026-08-19T17:18:13-04:00
https://www.mass.gov/doc/desrosiers-v-worceseter-reg-ret-sys-18-0596-crab/download,2026-08-19T17:18:13-04:00
https://www.mass.gov/doc/larose-v-state-bd-of-ret-20-0357-crab/download,2026-08-19T17:18:13-04:00
https://www.mass.gov/doc/young-v-boston-ret-sys-19-0024-crab/download,2026-08-19T17:18:13-04:00
https://www.mass.gov/doc/board-of-review-decision-0082-2936-91/download,2026-08-19T14:35:31-04:00
https://www.mass.gov/doc/dph-v-fortier-phet-24-0081/download,2026-08-19T17:18:13-04:00
https://www.mass.gov/doc/horizon-inter-trade-inc-et-al-v-fair-labor-division-lb-22-0554-558/download,2026-08-19T17:18:13-04:00
https://www.mass.gov/doc/sardagnola-v-state-bd-ret-cr-19-0564/download,2026-08-19T17:18:13-04:00
https://www.mass.gov/doc/hurwitz-v-state-bd-ret-cr-20-0642/download,2026-08-19T17:18:13-04:00
https://www.mass.gov/doc/thompson-v-mcrs-cr-18-0676/download,2026-08-19T17:18:13-04:00
https://www.mass.gov/doc/bonica-broz-v-sbr-cr-21-0561-578/download,2026-08-19T17:18:11-04:00
https://www.mass.gov/doc/mitchell-v-state-bd-ret-cr-23-0330/download,2026-08-19T17:18:11-04:00
https://www.mass.gov/doc/ormond-v-greenfield-ret-bd-cr-23-0412/download,2026-08-19T17:18:11-04:00
https://www.mass.gov/doc/mattei-v-state-bd-ret-cr-23-0428/download,2026-08-19T17:18:11-04:00
https://www.mass.gov/doc/honan-v-state-bd-ret-cr-23-0606/download,2026-08-19T17:18:11-04:00
https://www.mass.gov/doc/mtrs-v-arlington-ret-bd-cr-23-0261/download,2026-08-19T17:18:11-04:00
https://www.mass.gov/doc/irvin-v-boston-ret-sys-cr-24-0472/download,2026-08-19T17:18:11-04:00
https://www.mass.gov/doc/tait-v-mtrs-cr-22-0029/download,2026-08-19T17:18:11-04:00
https://www.mass.gov/doc/simonds-v-mtrs-cr-23-0140/download,2026-08-19T17:18:11-04:00
https://www.mass.gov/doc/sullivan-m-v-mtrs-cr-23-0371/download,2026-08-19T17:13:19-04:00
https://www.mass.gov/doc/dwyer-v-mtrs-cr-23-0459/download,2026-08-19T17:18:11-04:00
https://www.mass.gov/doc/mealey-v-mtrs-cr-22-0215/download,2026-08-19T17:17:11-04:00
https://www.mass.gov/doc/garg-v-sbr-cr-22-0584-order-of-dismissal/download,2026-08-19T17:17:11-04:00
https://www.mass.gov/doc/pamela-p-v-mtrs-cr-23-0178/download,2026-08-19T17:17:11-04:00
https://www.mass.gov/doc/selden-v-bos-ret-sys-cr-23-0354/download,2026-08-19T17:17:11-04:00
https://www.mass.gov/doc/ortiz-v-perac-cr-23-0481/download,2026-08-19T17:17:11-04:00
https://www.mass.gov/doc/gilson-v-mtrs-cr-23-0617/download,2026-08-19T17:17:11-04:00
https://www.mass.gov/doc/fallon-v-sbr-cr-24-0062-0063/download,2026-08-19T17:17:11-04:00
https://www.mass.gov/doc/snyder-v-mtrs-cr-24-0553-order-of-dismissal/download,2026-08-19T17:17:11-04:00
https://www.mass.gov/doc/guinan-v-bos-ret-sys-mtrs-cr-24-0559-order-of-dismissal/download,2026-08-19T17:17:09-04:00
https://www.mass.gov/doc/board-of-review-decision-0082-2439-77/download,2026-08-19T14:35:29-04:00
https://www.mass.gov/doc/solem-v-sbr-cr-21-0061/download,2026-08-19T17:17:09-04:00
https://www.mass.gov/doc/lyons-v-mid-cty-ret-sys-et-al-cr-21-0401/download,2026-08-19T17:17:09-04:00
https://www.mass.gov/doc/campbell-v-mtrs-cr-22-0137-138/download,2026-08-19T17:17:09-04:00
https://www.mass.gov/doc/board-of-review-decision-0082-1997-64/download,2026-08-19T14:35:27-04:00
https://www.mass.gov/doc/dph-v-landry-ph-23-0408-revocation/download,2026-08-19T17:17:09-04:00
https://www.mass.gov/doc/dph-v-landry-ph-22-0414-23-0133/download,2026-08-19T17:17:09-04:00
https://www.mass.gov/doc/dph-v-amello-phet-18-0041/download,2026-08-19T17:17:09-04:00
https://www.mass.gov/doc/dubuc-v-attleboro-ret-bd-cr-21-0687/download,2026-08-19T17:17:09-04:00
https://www.mass.gov/doc/smith-l-v-springfield-ret-bd-cr-22-0163/download,2026-08-19T17:17:09-04:00
https://www.mass.gov/doc/markos-v-haverhill-ret-bd-cr-21-0579/download,2026-08-19T17:17:09-04:00
https://www.mass.gov/doc/board-of-review-decision-0082-2251-06/download,2026-08-19T14:35:29-04:00
https://www.mass.gov/doc/murphy-m-v-sbr-cr-17-1021crab/download,2026-08-19T17:17:07-04:00
https://www.mass.gov/doc/rd-v-dua-det-22-0335/download,2026-08-19T17:17:07-04:00
https://www.mass.gov/doc/neville-h-v-dppc-dppc-23-0132/download,2026-08-19T17:17:07-04:00
https://www.mass.gov/doc/mr-home-v-fair-labor-division-lb-24-0511/download,2026-08-19T17:17:07-04:00
https://www.mass.gov/doc/stuart-v-mtrs-cr-19-0555/download,2026-08-19T17:17:07-04:00
https://www.mass.gov/doc/martyna-v-dukes-cty-ret-sys-cr-23-0306/download,2026-08-19T17:17:07-04:00
https://www.mass.gov/doc/king-v-mtrs-cr-24-0532/download,2026-08-19T17:17:07-04:00
https://www.mass.gov/doc/kershaw-v-dukes-cty-ret-bd-cr-16-082/download,2026-08-19T17:17:07-04:00
https://www.mass.gov/doc/king-v-boston-ret-bd-cr-18-0401/download,2026-08-19T17:17:07-04:00
https://www.mass.gov/doc/carr-d-v-hampden-cty-ret-bd-cr-22-0317/download,2026-08-19T17:13:16-04:00
https://www.mass.gov/doc/st-james-v-bos-ret-sys-cr-23-0021-revised-decision/download,2026-08-19T17:17:07-04:00
https://www.mass.gov/doc/concierge-services-v-fair-labor-division-lb-24-0079/download,2026-08-19T17:17:05-04:00
https://www.mass.gov/doc/hines-v-dukes-cty-ret-sys-cr-18-0357/download,2026-08-19T17:17:05-04:00
https://www.mass.gov/doc/celona-v-mtrs-cr-23-0395/download,2026-08-19T17:17:05-04:00
https://www.mass.gov/doc/woodward-v-sbr-cr-22-0501/download,2026-08-19T17:17:05-04:00
https://www.mass.gov/doc/daniele-v-worcester-reg-ret-sys-cr-23-0004/download,2026-08-19T17:17:05-04:00
https://www.mass.gov/doc/eduardo-v-boston-ret-sys-17-892-944/download,2026-08-19T17:17:05-04:00
https://www.mass.gov/doc/drake-v-mtrs-23-0119-crab/download,2026-08-19T17:14:37-04:00
https://www.mass.gov/doc/brien-v-sbr-23-0126-crab/download,2026-08-19T17:14:37-04:00
https://www.mass.gov/doc/dibaro-v-sbr-23-0279-crab/download,2026-08-19T17:14:37-04:00
https://www.mass.gov/doc/kephart-v-revere-ret-bd-cr-23-0455/download,2026-08-19T17:17:05-04:00
https://www.mass.gov/doc/oconnor-m-v-state-bd-of-ret-cr-23-0609/download,2026-08-19T17:13:19-04:00
https://www.mass.gov/doc/capeless-v-mtrs-cr-24-0243/download,2026-08-19T17:17:05-04:00
https://www.mass.gov/doc/metro-v-newton-ret-bd-cr-20-0237-crab/download,2026-08-19T17:17:05-04:00
https://www.mass.gov/doc/simonelli-v-malden-ret-bd-cr-16-224-crab/download,2026-08-19T17:17:05-04:00
https://www.mass.gov/doc/st-laurent-v-sbr-cr-22-0279/download,2026-08-19T17:17:03-04:00
https://www.mass.gov/doc/board-of-review-decision-0082-1978-40/download,2026-08-19T14:35:27-04:00
https://www.mass.gov/doc/deec-v-miranda-oc-24-0046/download,2026-08-19T17:17:03-04:00
https://www.mass.gov/doc/deec-v-gupta-oc-23-0396/download,2026-08-19T17:15:23-04:00
https://www.mass.gov/doc/deec-v-waller-oc-23-0266/download,2026-08-19T17:14:41-04:00
https://www.mass.gov/doc/reed-r-v-sbr-cr-22-0253/download,2026-08-19T17:17:03-04:00
https://www.mass.gov/doc/carey-v-state-bd-of-ret-cr-22-0570/download,2026-08-19T17:17:03-04:00
https://www.mass.gov/doc/bouchard-v-mtrs-cr-22-0585/download,2026-08-19T17:17:03-04:00
https://www.mass.gov/doc/quinn-harrahy-cr-23-0313/download,2026-08-19T17:17:03-04:00
https://www.mass.gov/doc/kane-v-wellesley-ret-bd-perac-cr-23-0508/download,2026-08-19T17:17:03-04:00
https://www.mass.gov/doc/young-v-boston-ret-sys-19-0024-crab-order-on-mtn-to-reconsider/download,2026-08-19T17:17:03-04:00
https://www.mass.gov/doc/george-g-v-boston-ret-sys-cr-23-0366/download,2026-08-19T17:17:03-04:00
https://www.mass.gov/doc/daley-horgan-v-state-bd-ret-cr-22-0227/download,2026-08-19T17:17:03-04:00
https://www.mass.gov/doc/bsea-2500461-1/download,2026-08-19T17:18:49-04:00
https://www.mass.gov/doc/siegal-v-mtrs-cr-24-0077/download,2026-08-19T17:16:08-04:00
https://www.mass.gov/doc/deec-v-cruz-oc-19-0125/download,2026-08-19T17:16:08-04:00
https://www.mass.gov/doc/poirier-v-new-bedford-ret-bd-cr-18-0075/download,2026-08-19T17:16:02-04:00
https://www.mass.gov/doc/mercadante-v-sbr-cr-17-887-crab/download,2026-08-19T17:14:37-04:00
https://www.mass.gov/doc/nasuti-v-saugus-ret-bd-cr-93-491-crab/download,2026-08-19T17:16:08-04:00
https://www.mass.gov/doc/macahado-v-eovs-vs-21-0238/download,2026-08-19T20:32:33-04:00
https://www.mass.gov/doc/covino-v-massport-emp-ret-sys-cr-23-0496/download,2026-08-19T17:16:08-04:00
https://www.mass.gov/doc/wood-v-worcester-reg-ret-sys-cr-23-0219/download,2026-08-19T17:16:08-04:00
https://www.mass.gov/doc/fitzpatrick-v-mtrs-cr-17-204/download,2026-08-19T17:16:08-04:00
https://www.mass.gov/doc/lamptey-v-sbr-cr-24-0028/download,2026-08-19T20:31:08-04:00
https://www.mass.gov/doc/currant-v-sbr-cr-23-0700/download,2026-08-19T20:10:03-04:00
https://www.mass.gov/doc/chen-v-state-bd-ret-cr-23-0614/download,2026-08-19T20:04:44-04:00
https://www.mass.gov/doc/kingman-v-state-bd-ret-cr-23-0507/download,2026-08-19T20:29:44-04:00
https://www.mass.gov/doc/beaudette-v-state-bd-ret-cr-23-0361/download,2026-08-19T19:58:30-04:00
https://www.mass.gov/doc/bartorelli-v-plymouth-cty-ret-ass-cr-22-0303/download,2026-08-19T19:57:52-04:00
https://www.mass.gov/doc/thompson-v-mtrs-cr-22-0202/download,2026-08-19T20:54:59-04:00
https://www.mass.gov/doc/dutton-v-mtrs-cr-23-0049/download,2026-08-19T20:17:32-04:00
https://www.mass.gov/doc/amaral-v-state-bd-of-ret-cr-23-0184/download,2026-08-19T19:55:32-04:00
https://www.mass.gov/doc/jean-v-state-bd-of-ret-cr-23-0312/download,2026-08-19T20:26:13-04:00
https://www.mass.gov/doc/st-jean-v-lowell-ret-bd-cr-23-0340/download,2026-08-19T20:52:55-04:00
https://www.mass.gov/doc/chalmers-v-state-bd-of-ret-cr-24-0320/download,2026-08-19T20:04:11-04:00
https://www.mass.gov/doc/hill-v-mtrs-cr-24-0370/download,2026-08-19T20:25:00-04:00
https://www.mass.gov/doc/borger-green-v-mtrs-cr-24-0692/download,2026-08-19T19:59:49-04:00
https://www.mass.gov/doc/croteau-john-v-fair-labor-division-lb-16-174-lb-16-175-final-decision-sep-2020/download,2026-08-19T17:16:05-04:00
https://www.mass.gov/doc/revisions-for-chapter-16-of-the-pddg-dated-january-3-2025/download,2026-08-19T09:46:37-04:00
https://www.mass.gov/doc/board-of-review-decision-0082-1587-97/download,2026-08-19T14:35:25-04:00
https://www.mass.gov/doc/board-of-review-decision-0077-0685-10/download,2026-08-19T14:35:35-04:00
https://www.mass.gov/doc/daehne-v-eovs-vs-11-0390/download,2026-08-19T20:10:43-04:00
https://www.mass.gov/doc/drummond-v-eovs-vs-16-0437/download,2026-08-19T20:16:35-04:00
https://www.mass.gov/doc/obara-v-eovs-vs-15-0575/download,2026-08-19T20:40:10-04:00
https://www.mass.gov/doc/dph-v-mccauliff-phet-20-0389/download,2026-08-19T20:15:19-04:00
https://www.mass.gov/doc/dph-v-ellis-phet-20-0250/download,2026-08-19T17:16:05-04:00
https://www.mass.gov/doc/dph-v-swaine-phet-21-0627/download,2026-08-19T17:16:03-04:00
https://www.mass.gov/doc/kenney-v-boston-ret-sys-cr-21-0255/download,2026-08-19T20:28:55-04:00
https://www.mass.gov/doc/salamone-v-state-bd-of-ret-cr-22-0153/download,2026-08-19T20:48:43-04:00
https://www.mass.gov/doc/macneil-v-mtrs-cr-24-0616/download,2026-08-19T20:33:40-04:00
https://www.mass.gov/doc/callaghan-v-mtrs-cr-24-0644/download,2026-08-19T20:01:14-04:00
https://www.mass.gov/doc/prequalification-committee-meeting-agenda-1825/download,2026-08-19T09:45:50-04:00
https://www.mass.gov/doc/eliot-bridge-preservation-project-faqs/download,2026-08-19T09:44:36-04:00
https://www.mass.gov/doc/massdot-hearing-handout-great-barrington-11525/download,2026-08-19T11:12:10-04:00
https://www.mass.gov/doc/massdot-hearing-handout-revere-11525/download,2026-08-19T09:43:18-04:00
https://www.mass.gov/doc/massdot-hearing-handout-revere-11525-spanish/download,2026-08-19T09:42:16-04:00
https://www.mass.gov/doc/massdot-hearing-handout-revere-11525-portuguese/download,2026-08-19T09:41:29-04:00
https://www.mass.gov/doc/massdot-hearing-handout-revere-11525-arabic/download,2026-08-19T09:40:43-04:00
https://www.mass.gov/doc/massdot-hearing-presentation-revere-11525/download,2026-08-19T09:21:05-04:00
https://www.mass.gov/doc/massdot-hearing-handout-revere-11525-simplified-chinese/download,2026-08-19T09:20:03-04:00
https://www.mass.gov/doc/massdot-hearing-handout-revere-11525-traditional-chinese/download,2026-08-19T09:22:44-04:00
https://www.mass.gov/doc/accessible-bus-stops-in-the-presence-of-bike-lanes-final-report/download,2026-08-19T13:25:15-04:00
https://www.mass.gov/doc/accessible-bus-stops-in-the-presence-of-bike-lanes-final-cut-sheet/download,2026-08-19T11:24:09-04:00
https://www.mass.gov/doc/morrissey-boulevard-commission-meeting-6-presentation-traditional-chinese/download,2026-08-19T09:24:02-04:00
https://www.mass.gov/doc/morrissey-boulevard-commission-meeting-6-presentation-haitian-creole/download,2026-08-19T09:29:26-04:00
https://www.mass.gov/doc/morrissey-boulevard-commission-meeting-6-presentation-vietnamese/download,2026-08-19T09:33:41-04:00
https://www.mass.gov/doc/morrissey-boulevard-commission-meeting-6-presentation-cape-verdean/download,2026-08-19T09:36:59-04:00
https://www.mass.gov/doc/morrissey-boulevard-commission-meeting-6-presentation-simplified-chinese/download,2026-08-19T09:27:11-04:00
https://www.mass.gov/doc/board-of-review-decision-0082-1987-47/download,2026-08-19T14:35:27-04:00
https://www.mass.gov/doc/board-of-review-decision-0082-1611-50/download,2026-08-19T14:35:25-04:00
https://www.mass.gov/doc/mccullough-v-state-bd-of-ret-cr-22-0434/download,2026-08-19T17:16:03-04:00
https://www.mass.gov/doc/blais-v-mtrs-cr-24-0714/download,2026-08-19T17:16:03-04:00
https://www.mass.gov/doc/crosby-k-v-mtrs-cr-24-0704/download,2026-08-19T17:12:27-04:00
https://www.mass.gov/doc/garofalo-v-mtrs-cr-24-0257/download,2026-08-19T17:16:03-04:00
https://www.mass.gov/doc/skelley-haney-v-mtrs-cr-24-0251/download,2026-08-19T17:16:03-04:00
https://www.mass.gov/doc/dubois-v-mtrs-cr-24-0033/download,2026-08-19T17:16:03-04:00
https://www.mass.gov/doc/martin-v-mtrs-cr-24-0017/download,2026-08-19T17:16:02-04:00
https://www.mass.gov/doc/raposa-v-new-bedford-ret-bd-cr-21-0358/download,2026-08-19T17:16:02-04:00
https://www.mass.gov/doc/hicks-v-sbr-cr-21-0254-crab/download,2026-08-19T17:14:40-04:00
https://www.mass.gov/doc/dudley-v-leominster-ret-bd-cr-18-0627-cr-19-0039-crab/download,2026-08-19T17:14:37-04:00
https://www.mass.gov/doc/massdot-meeting-flyer-beverly-12925/download,2026-08-19T13:55:47-04:00
https://www.mass.gov/doc/massdot-meeting-flyer-beverly-12925-albanian/download,2026-08-19T13:55:47-04:00
https://www.mass.gov/doc/massdot-meeting-flyer-beverly-12925-portuguese/download,2026-08-19T13:55:47-04:00
https://www.mass.gov/doc/massdot-meeting-flyer-beverly-12925-spanish/download,2026-08-19T13:55:47-04:00
https://www.mass.gov/doc/massdot-meeting-notice-beverly-12925/download,2026-08-19T13:50:54-04:00
https://www.mass.gov/doc/massdot-meeting-notice-beverly-12925-portuguese/download,2026-08-19T13:50:54-04:00
https://www.mass.gov/doc/massdot-meeting-notice-beverly-12925-albanian/download,2026-08-19T13:50:54-04:00
https://www.mass.gov/doc/ciavola-v-lowell-ret-bd-cr-13-380-crab/download,2026-08-19T17:16:02-04:00
https://www.mass.gov/doc/hanover-v-state-bd-of-ret-cr-12-575-crab/download,2026-08-19T17:16:02-04:00
https://www.mass.gov/doc/2022-birth-report-0/download,2026-08-19T14:30:40-04:00
https://www.mass.gov/doc/smart-green-solar-v-fair-labor-division-lb-25-0584-586/download,2026-08-19T17:15:21-04:00
https://www.mass.gov/doc/bono-v-state-board-of-ret-cr-24-0612/download,2026-08-19T17:15:23-04:00
https://www.mass.gov/doc/rodrigues-v-perac-cr-15-606/download,2026-08-19T17:15:21-04:00
https://www.mass.gov/doc/fitzpatrick-v-mtrs-cr-17-204-0/download,2026-08-19T17:15:21-04:00
https://www.mass.gov/doc/perez-v-state-bd-of-ret-cr-23-0265/download,2026-08-19T17:15:21-04:00
https://www.mass.gov/doc/town-of-natick-v-natick-ret-bd-cr-23-0468/download,2026-08-19T17:14:41-04:00
https://www.mass.gov/doc/cervone-v-fair-labor-division-lb-24-0369/download,2026-08-19T17:14:41-04:00
https://www.mass.gov/doc/massdot-meeting-flyer-athol-21925/download,2026-08-19T13:55:47-04:00
https://www.mass.gov/doc/massdot-meeting-flyer-auburn-22725/download,2026-08-19T13:55:47-04:00
https://www.mass.gov/doc/massdot-meeting-flyer-topsfield-3425/download,2026-08-19T13:55:47-04:00
https://www.mass.gov/doc/massdot-hearing-flyer-dedham-3525/download,2026-08-19T13:55:47-04:00
https://www.mass.gov/doc/donaldson-v-mtrs-cr-25-0018/download,2026-08-19T17:15:21-04:00
https://www.mass.gov/doc/godfrey-v-state-bd-of-ret-cr-16-0562/download,2026-08-19T17:14:41-04:00
https://www.mass.gov/doc/massdot-hearing-flyer-holden-22025/download,2026-08-19T13:55:47-04:00
https://www.mass.gov/doc/mcmorrow-v-mtrs-cr-22-0627/download,2026-08-19T17:14:41-04:00
https://www.mass.gov/doc/morais-et-al-v-new-bedford-ret-bd-cr-24-0109-161-400/download,2026-08-19T17:14:41-04:00
https://www.mass.gov/doc/salem-nail-bar-v-fair-labor-division-lb-22-0441-0445-tentative-decision/download,2026-08-19T17:14:37-04:00
https://www.mass.gov/doc/sacco-v-eovs-vs-22-0246/download,2026-08-19T17:14:41-04:00
https://www.mass.gov/doc/massdot-pim-flyer-charlton-oxford-032525/download,2026-08-19T14:01:41-04:00
https://www.mass.gov/doc/meeting-flyer-maffa-waymystic-avenue-bridge-february-2025/download,2026-08-19T14:01:41-04:00
https://www.mass.gov/doc/collins-v-norwood-ret-bd-cr-24-0710/download,2026-08-19T17:15:21-04:00
https://www.mass.gov/doc/monson-thrift-store-v-fair-labor-division-lb-24-0640/download,2026-08-19T17:15:21-04:00
https://www.mass.gov/doc/clement-v-age/download,2026-08-19T17:16:02-04:00
https://www.mass.gov/doc/ss-v-dppc-dppc-24-0274/download,2026-08-19T17:15:21-04:00
https://www.mass.gov/doc/massdot-hearing-flyer-bellingham-32025/download,2026-08-19T14:01:41-04:00
https://www.mass.gov/doc/francis-f-v-amesbury-ret-sys-cr-23-0323/download,2026-08-19T17:15:21-04:00
https://www.mass.gov/doc/clifford-v-mtrs-cr-24-0013/download,2026-08-19T17:15:21-04:00
https://www.mass.gov/doc/newton-corner-long-term-planning-study-public-meeting-2-flyer/download,2026-08-19T15:55:41-04:00
https://www.mass.gov/doc/newton-corner-long-term-planning-study-public-meeting-2-spanish-flyer/download,2026-08-19T15:56:29-04:00
https://www.mass.gov/doc/newton-corner-long-term-planning-study-public-meeting-2-portuguese-flyer/download,2026-08-19T15:57:03-04:00
https://www.mass.gov/doc/paschal-v-state-bd-of-ret-cr-24-0238/download,2026-08-19T17:14:41-04:00
https://www.mass.gov/doc/newton-corner-long-term-planning-study-public-meeting-2-chinese-flyer/download,2026-08-19T15:57:35-04:00
https://www.mass.gov/doc/massdot-meeting-flyer-worcester-3525/download,2026-08-19T14:01:41-04:00
https://www.mass.gov/doc/board-of-review-decision-0083-6984-19/download,2026-08-19T14:35:37-04:00
https://www.mass.gov/doc/performance-year-3-deliverables-and-due-dates-updated-08052026/download,2026-08-19T09:39:30-04:00
https://www.mass.gov/doc/massdot-hearing-flyer-brockton-22525/download,2026-08-19T14:01:41-04:00
https://www.mass.gov/doc/gouck-v-state-bd-of-ret-cr-19-0311-0/download,2026-08-19T17:16:02-04:00
https://www.mass.gov/doc/kretchmer-v-hampshire-cnty-reg-bd-cr-21-0419/download,2026-08-19T17:16:02-04:00
https://www.mass.gov/doc/gadarowski-v-state-bd-of-ret-cr-24-0633/download,2026-08-19T17:16:02-04:00
https://www.mass.gov/doc/brown-v-mtrs-cr-24-0643/download,2026-08-19T17:16:02-04:00
https://www.mass.gov/doc/bernier-v-state-bd-of-ret-cr-24-0715/download,2026-08-19T17:15:28-04:00
https://www.mass.gov/doc/dph-v-norris-phet-20-0164/download,2026-08-19T17:15:28-04:00
https://www.mass.gov/doc/dph-v-monteiro-phet-20-0388/download,2026-08-19T17:15:28-04:00
https://www.mass.gov/doc/erik-v-middlesex-ctny-ret-sys-cr-21-0566/download,2026-08-19T17:15:28-04:00
https://www.mass.gov/doc/zoghopoulos-brown-v-state-bd-of-ret-cr-22-0024/download,2026-08-19T17:15:28-04:00
https://www.mass.gov/doc/spellman-v-state-bd-of-ret-cr-22-0401/download,2026-08-19T17:15:28-04:00
https://www.mass.gov/doc/obrien-v-revere-ret-sys-cr-24-0266/download,2026-08-19T17:15:28-04:00
https://www.mass.gov/doc/deec-v-keith-oc-24-0387/download,2026-08-19T17:15:28-04:00
https://www.mass.gov/doc/deec-v-curran-oc-24-035/download,2026-08-19T17:15:28-04:00
https://www.mass.gov/doc/massdot-pim-flyer-boston-2-25-25/download,2026-08-19T14:06:41-04:00
https://www.mass.gov/doc/massdot-hearing-flyer-somerville-32025/download,2026-08-19T14:06:41-04:00
https://www.mass.gov/doc/board-of-review-decision-0083-9678-79/download,2026-08-19T14:35:43-04:00
https://www.mass.gov/doc/board-of-review-decision-0083-7974-09/download,2026-08-19T14:35:37-04:00
https://www.mass.gov/doc/board-of-review-decision-0083-8142-83/download,2026-08-19T14:35:38-04:00
https://www.mass.gov/doc/orourke-v-state-bd-of-ret-cr-22-0288/download,2026-08-19T17:15:26-04:00
https://www.mass.gov/doc/roberts-v-mtrs-cr-23-0289/download,2026-08-19T17:15:26-04:00
https://www.mass.gov/doc/connolly-v-state-bd-of-ret-cr-24-0075/download,2026-08-19T17:15:26-04:00
https://www.mass.gov/doc/wilson-v-newton-ret-sys-cr-24-0294/download,2026-08-19T17:15:26-04:00
https://www.mass.gov/doc/harris-v-mtrs-cr-24-0712/download,2026-08-19T17:15:26-04:00
https://www.mass.gov/doc/february-2025/download,2026-08-19T17:14:37-04:00
https://www.mass.gov/doc/board-of-review-decision-0082-1781-39/download,2026-08-19T14:35:26-04:00
https://www.mass.gov/doc/dph-v-wallen-phna-24-0639/download,2026-08-19T17:15:26-04:00
https://www.mass.gov/doc/keefe-v-state-bd-of-ret-cr-17-893/download,2026-08-19T17:15:26-04:00
https://www.mass.gov/doc/porter-v-eovs-vs-22-0181/download,2026-08-19T17:15:26-04:00
https://www.mass.gov/doc/meeting-flyer-chelmsford-lowell-bridge-replacement-march-26-2025/download,2026-08-19T14:06:41-04:00
https://www.mass.gov/doc/emanuelson-v-mtrs-cr-24-0681/download,2026-08-19T17:15:26-04:00
https://www.mass.gov/doc/rudge-v-state-bd-of-ret-cr-24-0316/download,2026-08-19T17:15:25-04:00
https://www.mass.gov/doc/deec-v-pena-oc-22-0446/download,2026-08-19T17:15:25-04:00
https://www.mass.gov/doc/massdot-hearing-flyer-leominster-4125/download,2026-08-19T14:06:41-04:00
https://www.mass.gov/doc/massdot-hearing-flyer-wilbraham-3625/download,2026-08-19T14:06:41-04:00
https://www.mass.gov/doc/massdot-meeting-flyer-somerville-cambridge-32525/download,2026-08-19T14:06:41-04:00
https://www.mass.gov/doc/massdot-pim-flyer-chicopee-4325/download,2026-08-19T14:06:41-04:00
https://www.mass.gov/doc/meeting-flyer-chelmsford-lowell-bridge-replacement-march-26-2025-chinese/download,2026-08-19T14:06:41-04:00
https://www.mass.gov/doc/meeting-flyer-chelmsford-lowell-bridge-replacement-march-26-2025-portuguese/download,2026-08-19T14:06:41-04:00
https://www.mass.gov/doc/meeting-flyer-chelmsford-lowell-bridge-replacement-march-26-2025-spanish/download,2026-08-19T14:06:41-04:00
https://www.mass.gov/doc/board-of-review-decision-0083-8422-80/download,2026-08-19T14:35:40-04:00
https://www.mass.gov/doc/board-of-review-decision-0083-6909-22/download,2026-08-19T14:35:37-04:00
https://www.mass.gov/doc/fortune-v-state-bd-of-ret-cr-25-0023/download,2026-08-19T17:15:25-04:00
https://www.mass.gov/doc/scibelli-v-mtrs-cr-23-0335/download,2026-08-19T17:15:25-04:00
https://www.mass.gov/doc/kaufman-v-westfield-ret-bd-cr-23-0598/download,2026-08-19T17:15:25-04:00
https://www.mass.gov/doc/murphy-l-v-state-bd-of-ret-cr-17-519/download,2026-08-19T17:15:25-04:00
https://www.mass.gov/doc/massdot-hearing-flyer-springfield-4225/download,2026-08-19T14:06:41-04:00
https://www.mass.gov/doc/massdot-meeting-flyer-boston-4325/download,2026-08-19T14:06:41-04:00
https://www.mass.gov/doc/board-of-review-decision-0084-0107-13/download,2026-08-19T14:35:44-04:00
https://www.mass.gov/doc/massdot-hearing-flyer-sheffield-32025/download,2026-08-19T14:06:41-04:00
https://www.mass.gov/doc/massdot-hearing-notice-springfield-4225-spanish/download,2026-08-19T13:50:54-04:00
https://www.mass.gov/doc/gavaghan-v-state-bd-of-ret-cr-14-0017/download,2026-08-19T17:15:25-04:00
https://www.mass.gov/doc/dasilva-v-mtrs-cr-18-0093/download,2026-08-19T17:15:25-04:00
https://www.mass.gov/doc/dph-v-louifaite-phna-24-0541/download,2026-08-19T17:15:25-04:00
https://www.mass.gov/doc/watts-v-bos-ret-sys-cr-24-0539/download,2026-08-19T17:49:02-04:00
https://www.mass.gov/doc/oliver-v-state-bd-of-ret-cr-25-0002/download,2026-08-19T17:15:25-04:00
https://www.mass.gov/doc/wolfe-v-mtrs-cr-22-0026/download,2026-08-19T17:15:23-04:00
https://www.mass.gov/doc/wolfe-v-mtrs-cr-22-0026-0/download,2026-08-19T17:15:23-04:00
https://www.mass.gov/doc/howard-v-newburyport-ret-bd-cr-23-0461/download,2026-08-19T17:15:23-04:00
https://www.mass.gov/doc/morse-v-state-bd-of-ret-cr-24-0354/download,2026-08-19T17:15:23-04:00
https://www.mass.gov/doc/howard-v-state-bd-of-ret-cr-24-0568/download,2026-08-19T17:15:23-04:00
https://www.mass.gov/doc/board-of-review-decision-0083-8355-11/download,2026-08-19T14:35:40-04:00
https://www.mass.gov/doc/board-of-review-decision-0083-8256-72/download,2026-08-19T14:35:38-04:00
https://www.mass.gov/doc/langsam-v-state-bd-of-ret-cr-22-0437/download,2026-08-19T17:15:23-04:00
https://www.mass.gov/doc/johnson-k-v-state-bd-of-ret-cr-24-0357/download,2026-08-19T17:13:16-04:00
https://www.mass.gov/doc/collins-v-mtrs-cr-24-0244/download,2026-08-19T17:15:23-04:00
https://www.mass.gov/doc/poulin-v-mtrs-cr-24-0469/download,2026-08-19T17:15:23-04:00
https://www.mass.gov/doc/mobilia-estate-of-julie-enzian-v-state-bd-of-ret-cr-22-0602/download,2026-08-19T17:14:41-04:00
https://www.mass.gov/doc/weiss-v-mtrs-cr-21-0341/download,2026-08-19T17:14:41-04:00
https://www.mass.gov/doc/mcglory-v-state-bd-of-ret-cr-24-0064/download,2026-08-19T17:14:40-04:00
https://www.mass.gov/doc/bellavance-v-peabody-ret-bd-cr-25-0071/download,2026-08-19T17:14:40-04:00
https://www.mass.gov/doc/garcia-v-state-bd-of-ret-cr-24-0728/download,2026-08-19T17:14:40-04:00
https://www.mass.gov/doc/byrne-v-state-bd-of-ret-cr-24-0345/download,2026-08-19T17:14:40-04:00
https://www.mass.gov/doc/fay-t-v-state-bd-of-ret-cr-23-0500/download,2026-08-19T17:13:16-04:00
https://www.mass.gov/doc/mondschein-v-mtrs-cr-24-0462/download,2026-08-19T17:14:40-04:00
https://www.mass.gov/doc/welch-v-mtrs-cr-23-0082/download,2026-08-19T17:14:40-04:00
https://www.mass.gov/doc/bradley-v-lawrence-ret-bd-cr-23-0480/download,2026-08-19T17:14:40-04:00
https://www.mass.gov/doc/sheehan-v-beverly-ret-bd-mtrs-cr-22-0221/download,2026-08-19T17:14:40-04:00
https://www.mass.gov/doc/3-dogs-et-al-v-fair-labor-division-lb-24-210-211/download,2026-08-19T17:14:40-04:00
https://www.mass.gov/doc/massdot-dph-flyer-medford-042325/download,2026-08-19T14:06:41-04:00
https://www.mass.gov/doc/massdot-meeting-flyer-lynn-51425/download,2026-08-19T14:06:41-04:00
https://www.mass.gov/doc/massdot-hearing-flyer-georgetown-newbury-5125/download,2026-08-19T14:14:04-04:00
https://www.mass.gov/doc/massdot-pim-flyer-newton-weston-415-and-41725/download,2026-08-19T14:14:04-04:00
https://www.mass.gov/doc/massdot-hearing-flyer-longmeadow-5825/download,2026-08-19T14:14:04-04:00
https://www.mass.gov/doc/massdot-hearing-flyer-harvard-5825/download,2026-08-19T14:14:04-04:00
https://www.mass.gov/doc/directory-of-school-based-health-centers/download,2026-08-19T09:07:14-04:00
https://www.mass.gov/doc/pryor-v-state-bd-of-ret-cr-25-0014/download,2026-08-19T17:14:37-04:00
https://www.mass.gov/doc/derry-v-mtrs-cr-25-0038/download,2026-08-19T17:14:37-04:00
https://www.mass.gov/doc/ostellino-v-mtrs-cr-25-0032/download,2026-08-19T17:14:35-04:00
https://www.mass.gov/doc/coach-v-westfield-ret-bd-cr-23-0196/download,2026-08-19T17:14:35-04:00
https://www.mass.gov/doc/songy-v-state-bd-of-ret-et-al-cr-23-0027-24-0015/download,2026-08-19T17:14:35-04:00
https://www.mass.gov/doc/january-2025/download,2026-08-19T17:14:35-04:00
https://www.mass.gov/doc/mceachern-v-weymouth-ret-bd-cr-17-0855/download,2026-08-19T17:14:35-04:00
https://www.mass.gov/doc/deec-v-fournier-oc-24-0508/download,2026-08-19T17:14:35-04:00
https://www.mass.gov/doc/krentzman-v-everett-ret-sys-cr-23-0556/download,2026-08-19T17:14:35-04:00
https://www.mass.gov/doc/fletcher-v-norfolk-cty-ret-sys-cr-16-491/download,2026-08-19T17:14:35-04:00
https://www.mass.gov/doc/massdot-hearing-flyer-andover-52825/download,2026-08-19T14:14:04-04:00
https://www.mass.gov/doc/massdot-hearing-flyer-stoughton-6325/download,2026-08-19T14:14:04-04:00
https://www.mass.gov/doc/massdot-hearing-flyer-pittsfield-61225/download,2026-08-19T14:14:04-04:00
https://www.mass.gov/doc/west-roxbury-parkway-over-mbta-bridge-replacement-050825-meeting-flyer/download,2026-08-19T14:14:04-04:00
https://www.mass.gov/doc/board-of-review-decision-0083-8726-81/download,2026-08-19T14:35:40-04:00
https://www.mass.gov/doc/board-of-review-decision-0083-9547-40/download,2026-08-19T14:35:41-04:00
https://www.mass.gov/doc/board-of-review-decision-0084-0027-38/download,2026-08-19T14:35:43-04:00
https://www.mass.gov/doc/board-of-review-decision-0083-9195-41/download,2026-08-19T14:35:41-04:00
https://www.mass.gov/doc/baker-v-boston-ret-sys-perac-cr-23-0058/download,2026-08-19T17:14:35-04:00
https://www.mass.gov/doc/kohler-v-state-bd-of-ret-cr-23-0690/download,2026-08-19T17:14:35-04:00
https://www.mass.gov/doc/nappo-v-state-bd-of-ret-cr-24-0105/download,2026-08-19T17:14:33-04:00
https://www.mass.gov/doc/drew-v-state-bd-of-ret-cr-24-0725/download,2026-08-19T17:14:33-04:00
https://www.mass.gov/doc/crouteau-v-mtrs-cr-24-0727/download,2026-08-19T17:14:33-04:00
https://www.mass.gov/doc/on-nai-lai-v-deec-oc-17-171/download,2026-08-19T17:14:33-04:00
https://www.mass.gov/doc/rogers-v-essex-reg-ret-bd-cr-23-0270/download,2026-08-19T17:14:33-04:00
https://www.mass.gov/doc/telesco-v-state-bd-of-ret-cr-24-0313/download,2026-08-19T17:14:33-04:00
https://www.mass.gov/doc/andre-v-mtrs-cr-25-0117-dismissal/download,2026-08-19T17:14:33-04:00
https://www.mass.gov/doc/corrado-v-mtrs-cr-25-0161-dismissal/download,2026-08-19T17:14:33-04:00
https://www.mass.gov/doc/egan-v-mtrs-cr-25-0149-dismissal/download,2026-08-19T17:14:33-04:00
https://www.mass.gov/doc/forrest-v-mtrs-cr-25-0069-dismissal/download,2026-08-19T17:14:33-04:00
https://www.mass.gov/doc/mundy-v-mtrs-cr-25-0041-dismissal/download,2026-08-19T17:13:24-04:00
https://www.mass.gov/doc/sontag-v-mtrs-cr-25-0183-dismissal/download,2026-08-19T17:13:24-04:00
https://www.mass.gov/doc/dph-v-adams-ambulance-services-dismissal/download,2026-08-19T17:13:24-04:00
https://www.mass.gov/doc/santa-v-state-bd-of-ret-cr-23-0413/download,2026-08-19T17:13:24-04:00
https://www.mass.gov/doc/toomey-v-state-bd-of-ret-cr-22-0114/download,2026-08-19T17:13:24-04:00
https://www.mass.gov/doc/budness-v-state-bd-of-ret-cr-23-0488/download,2026-08-19T17:13:24-04:00
https://www.mass.gov/doc/salem-nail-bar-v-fair-labor-div-lb-22-0441-445-final-decision/download,2026-08-19T17:13:24-04:00
https://www.mass.gov/doc/deec-v-peralta-oc-24-0353/download,2026-08-19T17:13:24-04:00
https://www.mass.gov/doc/dph-v-johnson-phet-23-0575/download,2026-08-19T17:13:24-04:00
https://www.mass.gov/doc/massdot-hearing-flyer-lawrence-62425/download,2026-08-19T14:14:04-04:00
https://www.mass.gov/doc/january-27-2025/download,2026-08-19T17:13:24-04:00
https://www.mass.gov/doc/deec-v-shepard-oc-25-0114/download,2026-08-19T17:13:23-04:00
https://www.mass.gov/doc/dph-v-ayer-valley-rehab-and-nursing/download,2026-08-19T17:13:23-04:00
https://www.mass.gov/doc/mercier-v-mtrs-cr-24-0533/download,2026-08-19T17:13:23-04:00
https://www.mass.gov/doc/howard-t-v-newburyport-ret-bd-cr-23-0461/download,2026-08-19T17:13:16-04:00
https://www.mass.gov/doc/fratto-v-state-bd-ret-cr-24-0372/download,2026-08-19T17:13:23-04:00
https://www.mass.gov/doc/shaw-v-boston-ret-sys-cr-24-0375/download,2026-08-19T17:13:23-04:00
https://www.mass.gov/doc/crupi-v-state-bd-ret-cr-25-0003/download,2026-08-19T17:13:23-04:00
https://www.mass.gov/doc/heiberger-v-mtrs-cr-24-0561/download,2026-08-19T17:13:23-04:00
https://www.mass.gov/doc/massdot-meeting-flyer-natick-6425-spanish/download,2026-08-19T14:14:04-04:00
https://www.mass.gov/doc/massdot-meeting-flyer-natick-6425-portuguese/download,2026-08-19T15:54:42-04:00
https://www.mass.gov/doc/howard-k-v-state-bd-ret-cr-23-0151/download,2026-08-19T17:13:16-04:00
https://www.mass.gov/doc/sirois-v-methuen-ret-bd-cr-24-0641/download,2026-08-19T17:13:23-04:00
https://www.mass.gov/doc/santana-v-cambridge-ret-bd-cr-22-0620/download,2026-08-19T17:13:23-04:00
https://www.mass.gov/doc/girouard-v-mtrs-cr-25-0030/download,2026-08-19T17:13:23-04:00
https://www.mass.gov/doc/march-2025/download,2026-08-19T17:13:20-04:00
https://www.mass.gov/doc/consolidation-and-management-order-4325/download,2026-08-19T17:13:20-04:00
https://www.mass.gov/doc/massdot-hearing-flyer-avon-52125/download,2026-08-19T14:14:04-04:00
https://www.mass.gov/doc/massdot-hearing-flyer-becket-61825/download,2026-08-19T14:14:04-04:00
https://www.mass.gov/doc/massdot-meeting-flyer-sudbury-framingham-51525/download,2026-08-19T14:14:04-04:00
https://www.mass.gov/doc/combra-v-state-bd-of-ret-cr-18-2021-crab/download,2026-08-19T17:13:20-04:00
https://www.mass.gov/doc/mcdermott-v-perac-cr-17-0071-crab/download,2026-08-19T17:13:20-04:00
https://www.mass.gov/doc/florio-v-mtrs-cr-18-509-crab/download,2026-08-19T17:13:20-04:00
https://www.mass.gov/doc/ducomb-v-mtrs-cr-21-0111-crab/download,2026-08-19T17:13:20-04:00
https://www.mass.gov/doc/hoppensteadt-v-mtrs-cr-22-0582-crab/download,2026-08-19T17:13:20-04:00
https://www.mass.gov/doc/beford-v-mtrs-cr-18-0493-crab/download,2026-08-19T17:13:20-04:00
https://www.mass.gov/doc/belliveau-v-worcester-reg-ret-sys-cr-17-212-crab/download,2026-08-19T17:13:20-04:00
https://www.mass.gov/doc/shailor-v-bristol-county-ret-bd-cr-20-0343-crab/download,2026-08-19T17:13:20-04:00
https://www.mass.gov/doc/ward-v-mtrs-15-150-crab/download,2026-08-19T17:13:19-04:00
https://www.mass.gov/doc/walsh-v-mtrs-23-0394-crab/download,2026-08-19T17:13:19-04:00
https://www.mass.gov/doc/bowridge-v-state-bd-of-ret-22-377-crab/download,2026-08-19T17:13:19-04:00
https://www.mass.gov/doc/mireault-v-state-bd-of-ret-cr-17-168-crab/download,2026-08-19T17:13:19-04:00
https://www.mass.gov/doc/mtrs-v-blue-hills-reg-school-et-al-cr-19-226-crab/download,2026-08-19T17:13:19-04:00
https://www.mass.gov/doc/osborn-v-pittsfield-ret-bd-cr-15-0466-crab/download,2026-08-19T17:13:19-04:00
https://www.mass.gov/doc/board-of-review-decision-0083-7710-00/download,2026-08-19T14:35:38-04:00
https://www.mass.gov/doc/coutinho-v-state-bd-of-ret-cr-25-0034/download,2026-08-19T17:13:16-04:00
https://www.mass.gov/doc/leary-v-state-bd-of-ret-cr-25-0253/download,2026-08-19T17:13:16-04:00
https://www.mass.gov/doc/casey-v-state-bd-of-ret-cr-23-0501/download,2026-08-19T17:12:31-04:00
https://www.mass.gov/doc/guardian-of-mia-c-v-department-of-developmental-services-ms-24-0699/download,2026-08-19T17:12:31-04:00
https://www.mass.gov/doc/snedeker-v-mtrs-cr-25-0218/download,2026-08-19T17:12:31-04:00
https://www.mass.gov/doc/camara-boyer-v-mtrs-cr-25-0221/download,2026-08-19T17:12:31-04:00
https://www.mass.gov/doc/jervis-v-mtrs-cr-25-0228/download,2026-08-19T17:12:31-04:00
https://www.mass.gov/doc/parker-v-mtrs-cr-25-0229/download,2026-08-19T17:12:31-04:00
https://www.mass.gov/doc/april-2025/download,2026-08-19T17:12:31-04:00
https://www.mass.gov/doc/carty-v-mtrs-cr-25-0234/download,2026-08-19T17:12:31-04:00
https://www.mass.gov/doc/demorais-v-mtrs-cr-25-0250/download,2026-08-19T17:12:31-04:00
https://www.mass.gov/doc/sheeran-v-mtrs-cr-25-0272/download,2026-08-19T17:12:31-04:00
https://www.mass.gov/doc/bzdula-v-mtrs-cr-25-0089/download,2026-08-19T17:12:28-04:00
https://www.mass.gov/doc/kelly-v-state-bd-of-ret-cr-23-0271/download,2026-08-19T17:12:28-04:00
https://www.mass.gov/doc/mendel-v-berkshire-cty-ret-bd-cr-23-0584/download,2026-08-19T17:12:28-04:00
https://www.mass.gov/doc/oneil-v-state-bd-of-ret-cr-23-0154/download,2026-08-19T17:12:28-04:00
https://www.mass.gov/doc/springfield-empowerment-zone-partnership-v-mtrs-cr-22-0297/download,2026-08-19T17:12:28-04:00
https://www.mass.gov/doc/hendrickson-v-state-bd-of-ret-cr-23-0362/download,2026-08-19T17:12:28-04:00
https://www.mass.gov/doc/oleary-v-mtrs-cr-25-0049/download,2026-08-19T17:12:28-04:00
https://www.mass.gov/doc/triennial-public-engagement-meeting-flyer/download,2026-08-19T14:14:04-04:00
https://www.mass.gov/doc/massdot-meeting-flyer-chelmsford-7825/download,2026-08-19T14:14:04-04:00
https://www.mass.gov/doc/marthas-vineyard-beach-road-study-public-informational-meeting-2-flyer-spanish/download,2026-08-19T15:58:13-04:00
https://www.mass.gov/doc/marthas-vineyard-beach-road-study-public-informational-meeting-2-flyer-portuguese/download,2026-08-19T15:58:33-04:00
https://www.mass.gov/doc/massdot-hearing-flyer-andover-62525/download,2026-08-19T14:22:09-04:00
https://www.mass.gov/doc/massdot-meeting-flyer-duxbury-61825/download,2026-08-19T14:22:09-04:00
https://www.mass.gov/doc/khan-v-state-bd-of-ret-cr-14-524-crab/download,2026-08-19T17:12:28-04:00
https://www.mass.gov/doc/hurton-v-mtrs-cr-17-655-crab/download,2026-08-19T17:12:28-04:00
https://www.mass.gov/doc/butler-v-state-bd-of-ret-17-0054-crab/download,2026-08-19T17:12:28-04:00
https://www.mass.gov/doc/white-v-boston-ret-sys-cr-25-0255/download,2026-08-19T17:12:27-04:00
https://www.mass.gov/doc/crosby-j-v-boston-ret-sys-cr-24-0096/download,2026-08-19T17:12:27-04:00
https://www.mass.gov/doc/delisi-v-state-bd-of-ret-cr-23-0697/download,2026-08-19T17:12:27-04:00
https://www.mass.gov/doc/small-v-state-bd-of-ret-cr-24-0029/download,2026-08-19T17:12:27-04:00
https://www.mass.gov/doc/goodale-v-newton-ret-sys-cr-24-0661/download,2026-08-19T17:12:27-04:00
https://www.mass.gov/doc/piper-v-southbridge-reg-bd-cr-24-0485/download,2026-08-19T17:12:27-04:00
https://www.mass.gov/doc/massdot-hearing-flyer-pittsfield-7925/download,2026-08-19T14:22:09-04:00
https://www.mass.gov/doc/gloucester-ret-bd-v-perac-et-al-cr-22-0452/download,2026-08-19T17:12:27-04:00
https://www.mass.gov/doc/mwra-employees-ret-sys-v-perac-cr-23-0486/download,2026-08-19T17:12:27-04:00
https://www.mass.gov/doc/gallagher-c-v-bristol-cty-ret-bd-cr-22-0599/download,2026-08-19T17:12:27-04:00
https://www.mass.gov/doc/massdot-pim-flyer-new-bedford-62625/download,2026-08-19T14:22:09-04:00
https://www.mass.gov/doc/massdot-meeting-flyer-acton-62525/download,2026-08-19T14:22:09-04:00
https://www.mass.gov/doc/massdot-meeting-flyer-everett-somerville-62425/download,2026-08-19T14:22:09-04:00
https://www.mass.gov/doc/massdot-meeting-flyer-huntington-62525/download,2026-08-19T14:22:09-04:00
https://www.mass.gov/doc/bender-v-state-bd-of-ret-cr-20-0279-crab/download,2026-08-19T17:12:25-04:00
https://www.mass.gov/doc/mchugh-v-state-bd-of-ret-cr-22-0605-crab/download,2026-08-19T17:12:25-04:00
https://www.mass.gov/doc/gouck-v-state-bd-of-ret-cr-19-0311-crab/download,2026-08-19T17:12:25-04:00
https://www.mass.gov/doc/freeman-v-state-bd-of-ret-crab/download,2026-08-19T17:12:25-04:00
https://www.mass.gov/doc/mullin-v-state-bd-of-ret-cr-20-0257-crab/download,2026-08-19T17:12:25-04:00
https://www.mass.gov/doc/kretchmar-v-hampshire-cty-ret-bd-cr-21-419-crab/download,2026-08-19T17:12:25-04:00
https://www.mass.gov/doc/dentremont-v-mtrs-cr-24-0680/download,2026-08-19T17:12:25-04:00
https://www.mass.gov/doc/gonsalves-v-mtrs-cr-25-0322/download,2026-08-19T17:12:25-04:00
https://www.mass.gov/doc/potter-v-mtrs-cr-25-0308/download,2026-08-19T17:12:22-04:00
https://www.mass.gov/doc/arakelian-v-state-bd-of-ret-cr-25-0223/download,2026-08-19T17:12:22-04:00
https://www.mass.gov/doc/oconnor-v-boston-ret-sys-cr-24-0682/download,2026-08-19T17:12:22-04:00
https://www.mass.gov/doc/whitney-v-hampden-cty-reg-ret-sys-cr-25-0248/download,2026-08-19T17:12:22-04:00
https://www.mass.gov/doc/verga-v-glouster-ret-bd-et-al-cr-21-0282/download,2026-08-19T17:12:22-04:00
https://www.mass.gov/doc/zuccala-v-arlington-ret-bd-et-al-cr-24-0521/download,2026-08-19T17:12:22-04:00
https://www.mass.gov/doc/morrissey-boulevard-commission-meeting-8-flyer/download,2026-08-19T15:59:10-04:00
https://www.mass.gov/doc/massdot-pim-flyer-lowell-71525/download,2026-08-19T14:22:09-04:00
https://www.mass.gov/doc/stoloski-v-mtrs-cr-25-0256/download,2026-08-19T17:12:22-04:00
https://www.mass.gov/doc/rivard-v-state-bd-of-ret-cr-24-0546/download,2026-08-19T17:12:22-04:00
https://www.mass.gov/doc/sweetman-v-state-bd-of-ret-cr-24-0580/download,2026-08-19T17:12:22-04:00
https://www.mass.gov/doc/rossetti-v-mtrs-cr-24-0527/download,2026-08-19T17:12:22-04:00
https://www.mass.gov/doc/crosby-v-state-bd-of-ret-cr-23-0077/download,2026-08-19T17:10:36-04:00
https://www.mass.gov/doc/rossetti-v-mtrs-cr-24-0530/download,2026-08-19T17:10:36-04:00
https://www.mass.gov/doc/nelson-v-chicoppee-ret-bd-cr-24-0342/download,2026-08-19T17:10:36-04:00
https://www.mass.gov/doc/fallon-et-al-v-newton-ret-bd-cr-22-180-200-211-248/download,2026-08-19T17:10:36-04:00
https://www.mass.gov/doc/daley-v-plymouth-ret-bd-cr-17-018-169-craborder-on-motion-for-reconsideration/download,2026-08-19T17:10:36-04:00
https://www.mass.gov/doc/samsel-v-mtrs-cr-24-0717/download,2026-08-19T17:10:36-04:00
https://www.mass.gov/doc/massdot-pim-flyer-holyoke-62425/download,2026-08-19T14:22:09-04:00
https://www.mass.gov/doc/dph-v-bowes-phns-24-0350/download,2026-08-19T17:10:36-04:00
https://www.mass.gov/doc/dph-v-foley-phlp-24-0560-summary-decision/download,2026-08-19T17:10:36-04:00
https://www.mass.gov/doc/dph-v-foley-phlp-24-0560-closing-order/download,2026-08-19T17:10:36-04:00
https://www.mass.gov/doc/massdot-dph-flyer-newburyport-72425/download,2026-08-19T14:26:32-04:00
https://www.mass.gov/doc/may-2025/download,2026-08-19T17:10:36-04:00
https://www.mass.gov/doc/peters-v-mtrs-cr-24-0545/download,2026-08-19T17:49:02-04:00
https://www.mass.gov/doc/abebe-v-state-bd-of-ret-cr-25-0110/download,2026-08-19T17:50:02-04:00
https://www.mass.gov/doc/ziegler-v-mtrs-cr-24-037/download,2026-08-19T17:50:02-04:00
https://www.mass.gov/doc/desisto-v-boston-ret-sys-cr-24-0035/download,2026-08-19T17:49:59-04:00
https://www.mass.gov/doc/makarvo-v-state-bd-of-ret-cr-22-0015/download,2026-08-19T17:49:59-04:00
https://www.mass.gov/doc/fallon-et-al-v-newton-ret-bd-cr-22-180-200-211-248-0/download,2026-08-19T17:49:59-04:00
https://www.mass.gov/doc/massdot-hearing-flyer-raynham-taunton-73025/download,2026-08-19T14:26:32-04:00
https://www.mass.gov/doc/massdot-hearing-flyer-holyoke-82025/download,2026-08-19T14:26:32-04:00
https://www.mass.gov/doc/massdot-dph-flyer-monterey-8725/download,2026-08-19T14:26:32-04:00
https://www.mass.gov/doc/massdot-hearing-flyer-dighton-81225/download,2026-08-19T14:26:32-04:00
https://www.mass.gov/doc/gabrielian-et-al-v-mtrs-cr-23-0064-et-al/download,2026-08-19T17:49:59-04:00
https://www.mass.gov/doc/gloucester-v-perac-cr-21-217/download,2026-08-19T17:49:59-04:00
https://www.mass.gov/doc/gloucester-v-perac-cr-21-217-order-on-motion-to-reconsider/download,2026-08-19T17:49:59-04:00
https://www.mass.gov/doc/massdot-hearing-flyer-salem-72925/download,2026-08-19T14:26:32-04:00
https://www.mass.gov/doc/massdot-hearing-flyer-salem-72925-spanish/download,2026-08-19T14:26:32-04:00
https://www.mass.gov/doc/massdot-hearing-flyer-salem-72925-portuguese/download,2026-08-19T14:26:32-04:00
https://www.mass.gov/doc/gerson-v-state-bd-of-ret-cr-25-0381/download,2026-08-19T17:49:59-04:00
https://www.mass.gov/doc/mcnally-v-state-bd-of-ret-cr-24-0658/download,2026-08-19T17:49:59-04:00
https://www.mass.gov/doc/proctor-v-state-bd-of-ret-cr-19-0634/download,2026-08-19T17:49:03-04:00
https://www.mass.gov/doc/celester-v-boston-ret-sys-cr-23-0434/download,2026-08-19T17:49:59-04:00
https://www.mass.gov/doc/capehart-v-boston-ret-sys-cr-23-0582/download,2026-08-19T17:49:59-04:00
https://www.mass.gov/doc/pound-v-state-bd-of-ret-cr-24-0237/download,2026-08-19T17:49:57-04:00
https://www.mass.gov/doc/mccarthy-v-state-bd-of-ret-cr-24-0516-517/download,2026-08-19T17:49:57-04:00
https://www.mass.gov/doc/root-v-mtrs-cr-24-0632/download,2026-08-19T17:49:57-04:00
https://www.mass.gov/doc/lally-v-state-bd-of-ret-cr-24-0674/download,2026-08-19T17:49:57-04:00
https://www.mass.gov/doc/carver-v-state-bd-of-ret-cr-24-0170/download,2026-08-19T17:49:01-04:00
https://www.mass.gov/doc/foster-v-boston-ret-sys-cr-24-0032/download,2026-08-19T17:49:57-04:00
https://www.mass.gov/doc/rodriguez-v-state-bd-of-ret-cr-23-0524/download,2026-08-19T17:49:57-04:00
https://www.mass.gov/doc/mccall-transportation-v-dph-phac-24-0695/download,2026-08-19T17:49:57-04:00
https://www.mass.gov/doc/hebert-v-state-bd-of-ret-cr-24-0325/download,2026-08-19T17:49:57-04:00
https://www.mass.gov/doc/plante-v-state-bd-of-ret-cr-22-0064/download,2026-08-19T17:49:57-04:00
https://www.mass.gov/doc/fitzgerald-v-state-bd-of-ret-cr-22-0160/download,2026-08-19T17:49:57-04:00
https://www.mass.gov/doc/gomez-v-mtrs-cr-25-0244/download,2026-08-19T17:49:55-04:00
https://www.mass.gov/doc/flaherty-v-mtrs-cr-25-0068/download,2026-08-19T17:49:55-04:00
https://www.mass.gov/doc/ryan-v-state-bd-of-ret-cr-24-0654/download,2026-08-19T17:49:55-04:00
https://www.mass.gov/doc/ramos-v-state-bd-of-ret-cr-24-0731/download,2026-08-19T17:49:55-04:00
https://www.mass.gov/doc/valante-v-state-bd-of-ret-cr-25-0007/download,2026-08-19T17:49:55-04:00
https://www.mass.gov/doc/constellation-newenergy-v-div-capital-asset-mgmt-cp-22-0136/download,2026-08-19T17:49:01-04:00
https://www.mass.gov/doc/landolphi-v-state-bd-of-ret-cr-24-0597/download,2026-08-19T17:49:55-04:00
https://www.mass.gov/doc/raciti-v-state-bd-of-ret-cr-24-0697/download,2026-08-19T17:49:55-04:00
https://www.mass.gov/doc/thomas-v-mtrs-cr-25-0148/download,2026-08-19T17:49:55-04:00
https://www.mass.gov/doc/gordon-v-mtrs-cr-25-0182/download,2026-08-19T17:49:55-04:00
https://www.mass.gov/doc/mcavoy-v-state-bd-of-ret-cr-25-0297/download,2026-08-19T17:49:55-04:00
https://www.mass.gov/doc/rattigan-v-boston-ret-sys-cr-25-0404/download,2026-08-19T17:49:03-04:00
https://www.mass.gov/doc/hackett-v-state-bd-of-ret-cr-24-0044/download,2026-08-19T17:49:03-04:00
https://www.mass.gov/doc/1-tek-bldg-services-et-al-v-fair-labor-division-lb-25-0020/download,2026-08-19T17:49:03-04:00
https://www.mass.gov/doc/board-of-review-decision-0083-9588-17-0/download,2026-08-19T14:35:43-04:00
https://www.mass.gov/doc/board-of-review-decision-0077-0066-80-0/download,2026-08-19T14:35:34-04:00
https://www.mass.gov/doc/mccall-transportation-v-dph-phac-24-0695-0/download,2026-08-19T17:49:02-04:00
https://www.mass.gov/doc/buday-v-mtrs-cr-25-0282/download,2026-08-19T17:49:02-04:00
https://www.mass.gov/doc/proctor-v-state-bd-of-ret-cr-19-0634-0/download,2026-08-19T17:49:02-04:00
https://www.mass.gov/doc/celester-v-boston-ret-sys-cr-23-0434-0/download,2026-08-19T17:49:02-04:00
https://www.mass.gov/doc/stockwell-v-mtrs-cr-23-0177/download,2026-08-19T17:49:02-04:00
https://www.mass.gov/doc/elliott-v-state-bd-of-ret-cr-23-0096/download,2026-08-19T17:49:02-04:00
https://www.mass.gov/doc/ruggiero-v-boston-ret-sys-cr-22-0304/download,2026-08-19T17:49:02-04:00
https://www.mass.gov/doc/mcarthur-v-mtrs-cr-24-0111/download,2026-08-19T17:49:02-04:00
https://www.mass.gov/doc/deec-v-santana-oc-24-0620-0/download,2026-08-19T17:49:01-04:00
https://www.mass.gov/doc/june-2025/download,2026-08-19T17:49:01-04:00
https://www.mass.gov/doc/hrcms-pay-calendar-2026/download,2026-08-19T15:10:16-04:00
https://www.mass.gov/doc/cr-25-0244/download,2026-08-19T17:49:01-04:00
https://www.mass.gov/doc/weston-v-state-bd-of-ret-cr-23-0080/download,2026-08-19T17:49:01-04:00
https://www.mass.gov/doc/saporito-v-mtrs-cr-24-0039/download,2026-08-19T17:46:32-04:00
https://www.mass.gov/doc/thorndycraft-v-eovs-vs-25-0399/download,2026-08-19T17:48:57-04:00
https://www.mass.gov/doc/care-one-at-northampton-v-eohhs-rs-20-0363/download,2026-08-19T17:49:01-04:00
https://www.mass.gov/doc/carlson-v-state-bd-of-ret-cr-23-0303/download,2026-08-19T17:49:01-04:00
https://www.mass.gov/doc/willette-v-state-bd-of-ret-cr-23-0415/download,2026-08-19T17:49:01-04:00
https://www.mass.gov/doc/putnam-v-mtrs-cr-21-0136/download,2026-08-19T17:48:59-04:00
https://www.mass.gov/doc/laliberte-v-new-bedford-ret-sys-cr-21-0547/download,2026-08-19T17:48:59-04:00
https://www.mass.gov/doc/singer-v-mtrs-cr-22-0044/download,2026-08-19T17:43:53-04:00
https://www.mass.gov/doc/cruz-v-boston-ret-sys-cr-23-0607/download,2026-08-19T17:48:59-04:00
https://www.mass.gov/doc/diaz-v-boston-ret-sys-cr-24-0071/download,2026-08-19T17:48:59-04:00
https://www.mass.gov/doc/pegnato-v-chelsea-ret-sys-cr-21-0685/download,2026-08-19T17:48:59-04:00
https://www.mass.gov/doc/oeur-v-mtrs-cr-24-0112/download,2026-08-19T17:48:59-04:00
https://www.mass.gov/doc/segalla-v-reading-ret-bd-cr-21-0368/download,2026-08-19T17:48:59-04:00
https://www.mass.gov/doc/deec-v-vazquez-oc-24-0664/download,2026-08-19T17:48:59-04:00
https://www.mass.gov/doc/deec-v-berroa-abad-oc-25-0009/download,2026-08-19T17:48:59-04:00
https://www.mass.gov/doc/deec-v-rathor-oc-25-0156/download,2026-08-19T17:48:59-04:00
https://www.mass.gov/doc/nursing-records-of-disciplinary-actions-april-2023-to-june-2026-docx/download,2026-08-19T10:22:57-04:00
https://www.mass.gov/doc/nursing-records-of-disciplinary-actions-april-2023-to-june-2026-xlsx/download,2026-08-19T10:23:28-04:00
https://www.mass.gov/doc/commercial-conversion-tax-credit-initiative-notice-of-funding-availability/download,2026-08-19T11:55:27-04:00
https://www.mass.gov/doc/july-2025/download,2026-08-19T17:48:57-04:00
https://www.mass.gov/doc/dunn-v-eovs-vs-15-0431/download,2026-08-19T17:48:57-04:00
https://www.mass.gov/doc/kleya-v-mtrs-cr-25-0277/download,2026-08-19T17:48:57-04:00
https://www.mass.gov/doc/rickan-v-mtrs-cr-25-0290/download,2026-08-19T17:48:57-04:00
https://www.mass.gov/doc/regan-v-state-bd-of-ret-cr-25-0303/download,2026-08-19T17:48:57-04:00
https://www.mass.gov/doc/west-v-state-bd-of-ret-cr-23-0197/download,2026-08-19T17:48:57-04:00
https://www.mass.gov/doc/spargo-v-boston-ret-sys-cr-24-0006/download,2026-08-19T17:48:57-04:00
https://www.mass.gov/doc/serra-v-massport-cr-24-0144/download,2026-08-19T17:48:57-04:00
https://www.mass.gov/doc/gaetz-v-state-bd-of-ret-et-al-cr-23-0260/download,2026-08-19T17:48:57-04:00
https://www.mass.gov/doc/ea-v-dppc-dppc-25-0520/download,2026-08-19T17:47:58-04:00
https://www.mass.gov/doc/ortiz-v-eovs-vs-25-0219/download,2026-08-19T17:47:58-04:00
https://www.mass.gov/doc/august-2025-0/download,2026-08-19T17:47:58-04:00
https://www.mass.gov/doc/morin-v-hampshire-cty-ret-bd-cr-23-0618/download,2026-08-19T17:47:58-04:00
https://www.mass.gov/doc/logan-v-state-bd-of-ret-cr-25-0012/download,2026-08-19T17:47:58-04:00
https://www.mass.gov/doc/marcet-v-mtrs-cr-25-0344/download,2026-08-19T17:47:55-04:00
https://www.mass.gov/doc/lara-sangiovanni/download,2026-08-19T17:47:55-04:00
https://www.mass.gov/doc/kotkin-v-state-bd-of-ret-cr-17-1024-crab/download,2026-08-19T17:47:55-04:00
https://www.mass.gov/doc/niles-v-state-bd-of-ret-cr-20-0236-crab/download,2026-08-19T17:47:55-04:00
https://www.mass.gov/doc/jameson-v-state-bd-of-ret-cr-17-960-crab/download,2026-08-19T17:47:55-04:00
https://www.mass.gov/doc/olson-v-mtrs-cr-25-0401/download,2026-08-19T17:47:55-04:00
https://www.mass.gov/doc/littlefield-v-mtrs-cr-24-0291/download,2026-08-19T17:47:55-04:00
https://www.mass.gov/doc/gong-lu-et-al-v-fair-labor-division-lb-25-0230/download,2026-08-19T17:47:55-04:00
https://www.mass.gov/doc/monroe-v-state-bd-of-ret-cr-24-0627/download,2026-08-19T17:47:55-04:00
https://www.mass.gov/doc/michel-v-mtrs-cr-24-0216/download,2026-08-19T17:47:55-04:00
https://www.mass.gov/doc/consolidated-order-of-dismissal-71125/download,2026-08-19T17:47:53-04:00
https://www.mass.gov/doc/cowgill-v-lowell-ret-bd-cr-22-0099/download,2026-08-19T17:47:51-04:00
https://www.mass.gov/doc/weaver-v-state-bd-of-ret-cr-23-0469/download,2026-08-19T17:47:51-04:00
https://www.mass.gov/doc/andrews-v-mtrs-cr-25-0335/download,2026-08-19T17:47:51-04:00
https://www.mass.gov/doc/foley-n-v-mtrs-cr-25-0340/download,2026-08-19T17:47:51-04:00
https://www.mass.gov/doc/stickney-v-mtrs-cr-25-0342/download,2026-08-19T17:47:51-04:00
https://www.mass.gov/doc/pollard-v-mtrs-cr-25-0352/download,2026-08-19T17:47:51-04:00
https://www.mass.gov/doc/clark-v-mtrs-cr-25-0353/download,2026-08-19T17:47:51-04:00
https://www.mass.gov/doc/foley-j-v-mtrs-cr-25-0384/download,2026-08-19T17:47:50-04:00
https://www.mass.gov/doc/hickey-v-mtrs-cr-25-0386/download,2026-08-19T17:47:50-04:00
https://www.mass.gov/doc/menard-v-mtrs-cr-25-0387/download,2026-08-19T17:47:50-04:00
https://www.mass.gov/doc/king-v-mtrs-cr-25-0412/download,2026-08-19T17:47:50-04:00
https://www.mass.gov/doc/burnes-v-state-bd-of-ret-cr-21-0084-crab/download,2026-08-19T17:46:38-04:00
https://www.mass.gov/doc/second-consolidated-order-of-dismissal-91925/download,2026-08-19T17:46:41-04:00
https://www.mass.gov/doc/curley-et-al-v-state-bd-of-ret-cr-24-0724/download,2026-08-19T17:46:41-04:00
https://www.mass.gov/doc/tito-masonry-and-construction-llc-v-fld-lb-25-0403/download,2026-08-19T17:46:41-04:00
https://www.mass.gov/doc/kellner-v-state-bd-of-ret-cr-24-0276/download,2026-08-19T17:46:41-04:00
https://www.mass.gov/doc/swartz-v-barnstable-cty-ret-bd-cr-24-0247-et-al/download,2026-08-19T17:46:41-04:00
https://www.mass.gov/doc/britt-v-state-bd-of-ret-cr-24-0360/download,2026-08-19T17:46:38-04:00
https://www.mass.gov/doc/beaubrun-v-boston-ret-sys-cr-24-0287/download,2026-08-19T17:46:38-04:00
https://www.mass.gov/doc/route-v-state-bd-of-ret-cr-25-0461/download,2026-08-19T17:46:38-04:00
https://www.mass.gov/doc/andrade-v-mtrs-cr-23-0512/download,2026-08-19T17:46:38-04:00
https://www.mass.gov/doc/colburn-v-state-bd-of-ret-cr-24-0657/download,2026-08-19T17:46:38-04:00
https://www.mass.gov/doc/diamond-v-marlborough-ret-bd-cr-24-0235/download,2026-08-19T17:46:38-04:00
https://www.mass.gov/doc/hilton-v-mtrs-cr-25-0512/download,2026-08-19T17:46:38-04:00
https://www.mass.gov/doc/le-v-dppc-dppc-25-0360/download,2026-08-19T17:46:38-04:00
https://www.mass.gov/doc/ginisi-v-state-bd-of-ret-cr-25-0528/download,2026-08-19T17:46:38-04:00
https://www.mass.gov/doc/consolidate-order-of-dismissal-10325/download,2026-08-19T17:46:37-04:00
https://www.mass.gov/doc/deec-v-spellman-oc-25-0265/download,2026-08-19T17:46:37-04:00
https://www.mass.gov/doc/2025-schedule-e-reconciliation-and-information-total-supplemental-income-and-loss/download,2026-08-19T15:57:56-04:00
https://www.mass.gov/doc/2025-form-ma-nrcr-nonresident-composite-return-and-instructions/download,2026-08-19T15:55:34-04:00
https://www.mass.gov/doc/august-2025-1/download,2026-08-19T17:46:32-04:00
https://www.mass.gov/doc/september-2025/download,2026-08-19T17:46:32-04:00
https://www.mass.gov/doc/coleman-v-boston-ret-sys-cr-25-0530/download,2026-08-19T20:05:56-04:00
https://www.mass.gov/doc/verma-et-al-v-fld-lb-25-0507/download,2026-08-19T17:46:37-04:00
https://www.mass.gov/doc/dever-v-mtrs-cr-25-0520/download,2026-08-19T17:46:37-04:00
https://www.mass.gov/doc/mccarthy-et-al-v-fld-lb-23-0145/download,2026-08-19T17:46:37-04:00
https://www.mass.gov/doc/freitas-v-fld-lb-25-0005/download,2026-08-19T17:46:37-04:00
https://www.mass.gov/doc/2025-form-m-990t-62-exempt-trust-and-unincorporated-association-income-tax-return/download,2026-08-19T15:51:35-04:00
https://www.mass.gov/doc/arakelian-v-state-bd-of-ret-cr-25-0447/download,2026-08-19T17:46:37-04:00
https://www.mass.gov/doc/sea-view-v-eohhs-rs-16-0533/download,2026-08-19T20:50:40-04:00
https://www.mass.gov/doc/winslow-v-worcester-reg-ret-sys-cr-22-0598/download,2026-08-19T17:46:37-04:00
https://www.mass.gov/doc/winslow-v-worcester-reg-ret-sys-cr-22-0598-0/download,2026-08-19T17:46:37-04:00
https://www.mass.gov/doc/brutus-v-eovs-vs-25-0516/download,2026-08-19T17:46:34-04:00
https://www.mass.gov/doc/mcconnel-v-eovs-vs-25-0290/download,2026-08-19T17:46:37-04:00
https://www.mass.gov/doc/costantino-v-eovs-vs-23-0013/download,2026-08-19T17:46:34-04:00
https://www.mass.gov/doc/wright-v-state-bd-of-ret-cr-16-068-crab/download,2026-08-19T17:46:34-04:00
https://www.mass.gov/doc/2025-form-63-fi-instructions/download,2026-08-19T15:56:07-04:00
https://www.mass.gov/doc/sippican-healthcare-center-v-eohhs-rs-23-0510/download,2026-08-19T17:46:34-04:00
https://www.mass.gov/doc/2025-form-355-instructions/download,2026-08-19T15:53:14-04:00
https://www.mass.gov/doc/2025-form-355s-instructions/download,2026-08-19T15:53:42-04:00
https://www.mass.gov/doc/2025-form-3-instructions/download,2026-08-19T15:59:02-04:00
https://www.mass.gov/doc/trudeau-v-mtrs-cr-24-0020/download,2026-08-19T17:46:34-04:00
https://www.mass.gov/doc/2025-form-63d-elt-instructions/download,2026-08-19T15:52:48-04:00
https://www.mass.gov/doc/brillon-v-state-bd-of-ret-cr-22-0150/download,2026-08-19T17:46:34-04:00
https://www.mass.gov/doc/mcdermott-v-state-bd-of-ret-cr-19-0071/download,2026-08-19T17:46:34-04:00
https://www.mass.gov/doc/johnson-v-mtrs-cr-24-0373/download,2026-08-19T17:46:34-04:00
https://www.mass.gov/doc/adrien-carius-v-state-bd-of-ret-cr-22-0063/download,2026-08-19T17:46:34-04:00
https://www.mass.gov/doc/2025-form-m-990t-instructions/download,2026-08-19T15:54:39-04:00
https://www.mass.gov/doc/2025-form-355u-instructions/download,2026-08-19T15:53:58-04:00
https://www.mass.gov/doc/bagg-v-state-bd-of-ret-cr-24-0706/download,2026-08-19T17:46:32-04:00
https://www.mass.gov/doc/fashioning-diffusion-llc-et-al-v-fair-labor-division-lb-22-0105/download,2026-08-19T17:46:32-04:00
https://www.mass.gov/doc/dept-of-agricultural-resources-v-the-dogmother-llc-et-al-ms-22-0549/download,2026-08-19T17:46:32-04:00
https://www.mass.gov/doc/deec-v-andino-oc-25-103-425/download,2026-08-19T17:46:32-04:00
https://www.mass.gov/doc/salvon-v-mtrs-cr-25-0367/download,2026-08-19T17:46:32-04:00
https://www.mass.gov/doc/primus-v-state-bd-of-ret-cr-20-0432/download,2026-08-19T17:46:32-04:00
https://www.mass.gov/doc/aldrich-v-state-bd-of-ret-cr-25-0427/download,2026-08-19T17:44:38-04:00
https://www.mass.gov/doc/perry-v-mtrs-cr-24-0660/download,2026-08-19T17:44:38-04:00
https://www.mass.gov/doc/rochester-bituminous-v-fld-lb-22-0005-102825-order/download,2026-08-19T17:44:38-04:00
https://www.mass.gov/doc/elena-morey-v-mtrs-cr-22-0052/download,2026-08-19T17:44:38-04:00
https://www.mass.gov/doc/sorensen-v-state-bd-of-ret-cr-24-0600/download,2026-08-19T17:44:38-04:00
https://www.mass.gov/doc/mcglory-v-state-bd-of-ret-cr-24-0252/download,2026-08-19T17:44:38-04:00
https://www.mass.gov/doc/irwin-v-state-bd-of-ret-cr-24-0615/download,2026-08-19T17:44:38-04:00
https://www.mass.gov/doc/jarvis-v-boston-ret-sys-cr-24-0531/download,2026-08-19T17:44:38-04:00
https://www.mass.gov/doc/october-2025/download,2026-08-19T17:43:53-04:00
https://www.mass.gov/doc/florek-v-mtrs-cr-18-0321/download,2026-08-19T17:43:53-04:00
https://www.mass.gov/doc/kelley-v-state-bd-of-ret-cr-24-0312/download,2026-08-19T17:43:53-04:00
https://www.mass.gov/doc/conard-v-mtrs-cr-25-0556/download,2026-08-19T17:43:53-04:00
https://www.mass.gov/doc/bhadouria-v-state-bd-of-ret-cr-25-0485/download,2026-08-19T17:43:53-04:00
https://www.mass.gov/doc/shaw-v-state-bd-of-ret-cr-25-0550/download,2026-08-19T17:43:53-04:00
https://www.mass.gov/doc/durham-v-perac-cr-24-0696/download,2026-08-19T17:42:50-04:00
https://www.mass.gov/doc/banta-v-mtrs-cr-24-0623/download,2026-08-19T17:42:50-04:00
https://www.mass.gov/doc/2025-form-1-nrpy-instructions/download,2026-08-19T15:57:04-04:00
https://www.mass.gov/doc/2025-form-1-instructions/download,2026-08-19T15:56:43-04:00
https://www.mass.gov/doc/gallant-v-mtrs-cr-24-0543/download,2026-08-19T17:42:50-04:00
https://www.mass.gov/doc/longmore-v-medford-ret-sys-cr-23-0243/download,2026-08-19T17:42:49-04:00
https://www.mass.gov/doc/2025-form-2-instructions/download,2026-08-19T15:55:07-04:00
https://www.mass.gov/doc/lee-v-mtrs-cr-25-0483/download,2026-08-19T17:41:09-04:00
https://www.mass.gov/doc/carlozzi-v-mtrs-cr-25-0345/download,2026-08-19T17:41:09-04:00
https://www.mass.gov/doc/striker-v-mtrs-cr-25-0409/download,2026-08-19T17:41:09-04:00
https://www.mass.gov/doc/bridges-v-mtrs-cr-25-0436/download,2026-08-19T17:41:09-04:00
https://www.mass.gov/doc/gillespie-v-boston-ret-sys-cr-24-0268/download,2026-08-19T17:41:09-04:00
https://www.mass.gov/doc/oloughlin-v-boston-ret-sys-cr-24-0271/download,2026-08-19T17:41:08-04:00
https://www.mass.gov/doc/ezekiel-v-boston-ret-sys-cr-24-0278/download,2026-08-19T17:41:08-04:00
https://www.mass.gov/doc/carroll-v-boston-ret-sys-cr-24-0272/download,2026-08-19T17:41:08-04:00
https://www.mass.gov/doc/mackin-v-boston-ret-sys-cr-24-0371/download,2026-08-19T17:41:08-04:00
https://www.mass.gov/doc/duffey-v-waltham-ret-bd-cr-24-0577/download,2026-08-19T17:41:08-04:00
https://www.mass.gov/doc/stolpinski-v-hampshire-cty-ret-bd-cr-22-0127/download,2026-08-19T17:41:08-04:00
https://www.mass.gov/doc/deec-v-jc-oc-25-0357/download,2026-08-19T17:41:08-04:00
https://www.mass.gov/doc/bettencourt-v-state-bd-of-ret-cr-24-0468/download,2026-08-19T17:41:08-04:00
https://www.mass.gov/doc/lima-v-fall-river-ret-bd-cr-23-0499/download,2026-08-19T17:41:08-04:00
https://www.mass.gov/doc/boston-public-health-commission-therese-shank-v-boston-ret-sys-cr-22-0356/download,2026-08-19T17:41:08-04:00
https://www.mass.gov/doc/massdot-cape-cod-bridges-public-hearing-flyer-121625/download,2026-08-19T14:26:32-04:00
https://www.mass.gov/doc/goldfischer-v-state-bd-of-ret-cr-25-0590/download,2026-08-19T17:39:50-04:00
https://www.mass.gov/doc/atter-v-mtrs-cr-25-0679/download,2026-08-19T17:39:50-04:00
https://www.mass.gov/doc/mongtgomery-v-state-bd-of-ret-cr-25-0479/download,2026-08-19T17:39:50-04:00
https://www.mass.gov/doc/ya-v-deec-oc-25-0402/download,2026-08-19T17:39:50-04:00
https://www.mass.gov/doc/shing-v-state-bd-of-ret-cr-22-0102/download,2026-08-19T17:39:47-04:00
https://www.mass.gov/doc/keefe-v-state-bd-of-ret-cr-24-0282/download,2026-08-19T17:39:47-04:00
https://www.mass.gov/doc/boston-pub-health-comm-fox-v-boston-ret-sys-cr-22-0357/download,2026-08-19T17:39:47-04:00
https://www.mass.gov/doc/dubois-v-state-bd-of-ret-cr-23-0041/download,2026-08-19T17:39:47-04:00
https://www.mass.gov/doc/oshea-v-mtrs-cr-25-0566/download,2026-08-19T17:39:47-04:00
https://www.mass.gov/doc/patruno-v-mtrs-cr-25-0619/download,2026-08-19T17:39:47-04:00
https://www.mass.gov/doc/kiley-v-mtrs-cr-25-0552/download,2026-08-19T17:39:47-04:00
https://www.mass.gov/doc/aceto-black-v-mtrs-cr-25-0463/download,2026-08-19T17:39:47-04:00
https://www.mass.gov/doc/rezende-v-fair-labor-div-lb-25-0508/download,2026-08-19T17:39:47-04:00
https://www.mass.gov/doc/rosemond-v-mtrs-cr-25-0442/download,2026-08-19T17:39:47-04:00
https://www.mass.gov/doc/patel-et-al-v-fair-labor-division-lb-25-0718/download,2026-08-19T17:39:46-04:00
https://www.mass.gov/doc/gerety-v-mtrs-cr-24-0691/download,2026-08-19T17:39:46-04:00
https://www.mass.gov/doc/kennedy-v-boston-ret-sys-perac-cr-23-0010/download,2026-08-19T17:39:46-04:00
https://www.mass.gov/doc/meyers-v-mtrs-cr-21-0015/download,2026-08-19T17:39:46-04:00
https://www.mass.gov/doc/dibella-v-quincy-ret-bd-cr-25-0202/download,2026-08-19T17:39:46-04:00
https://www.mass.gov/doc/mcba-v-dppc-dppc-24-0118/download,2026-08-19T17:39:46-04:00
https://www.mass.gov/doc/back-v-barnstable-ret-bd-18-0361-crab/download,2026-08-19T17:39:46-04:00
https://www.mass.gov/doc/malcom-m-v-state-bd-of-ret-cr-21-0303-crab/download,2026-08-19T17:39:46-04:00
https://www.mass.gov/doc/horton-v-state-bd-of-ret-cr-17-846-crab/download,2026-08-19T17:39:46-04:00
https://www.mass.gov/doc/sweet-v-state-bd-of-ret-cr-14-719-remandcrab-0/download,2026-08-19T17:39:46-04:00
https://www.mass.gov/doc/loconto-v-state-bd-of-ret-cr-19-583-crab/download,2026-08-19T17:37:29-04:00
https://www.mass.gov/doc/massdot-hearing-flyer-chelsea-21926/download,2026-08-19T14:26:32-04:00
https://www.mass.gov/doc/sylvia-v-mtrs-cr-25-0438/download,2026-08-19T17:37:29-04:00
https://www.mass.gov/doc/burdsall-v-mtrs-cr-25-0575/download,2026-08-19T17:37:29-04:00
https://www.mass.gov/doc/balfour-v-mtrs-cr-24-0694/download,2026-08-19T17:37:29-04:00
https://www.mass.gov/doc/tiernan-v-mtrs-cr-25-0686/download,2026-08-19T17:37:29-04:00
https://www.mass.gov/doc/oehley-v-mtrs-cr-25-0585/download,2026-08-19T17:37:26-04:00
https://www.mass.gov/doc/bsea-2600061/download,2026-08-19T17:38:41-04:00
https://www.mass.gov/doc/colon-v-state-bd-of-ret-cr-22-0295/download,2026-08-19T17:37:26-04:00
https://www.mass.gov/doc/adrien-jean-v-state-bd-of-ret-cr-23-0312/download,2026-08-19T17:37:26-04:00
https://www.mass.gov/doc/schofield-v-state-bd-of-ret-cr-24-0338/download,2026-08-19T17:37:26-04:00
https://www.mass.gov/doc/sasso-v-state-bd-of-ret-cr-25-0561/download,2026-08-19T17:37:26-04:00
https://www.mass.gov/doc/rose-v-mtrs-cr-25-0680/download,2026-08-19T17:37:26-04:00
https://www.mass.gov/doc/abbruzzese-v-newton-ret-sys-cr-25-0010/download,2026-08-19T17:37:26-04:00
https://www.mass.gov/doc/newman-v-state-bd-of-ret-cr-24-0310/download,2026-08-19T17:37:26-04:00
https://www.mass.gov/doc/ivanova-v-state-bd-of-ret-cr-25-0599/download,2026-08-19T17:37:26-04:00
https://www.mass.gov/doc/perez-rossello-v-state-bd-of-ret-cr-24-0386/download,2026-08-19T17:37:26-04:00
https://www.mass.gov/doc/debenedictis-v-boston-ret-sys-cr-24-0509/download,2026-08-19T17:37:25-04:00
https://www.mass.gov/doc/ockene-v-mtrs-cr-24-0708/download,2026-08-19T17:37:25-04:00
https://www.mass.gov/doc/pugsley-v-state-bd-of-ret-cr-25-0337/download,2026-08-19T17:37:25-04:00
https://www.mass.gov/doc/roman-v-state-bd-of-ret-cr-23-0120/download,2026-08-19T17:37:25-04:00
https://www.mass.gov/doc/december-2025-0/download,2026-08-19T17:37:25-04:00
https://www.mass.gov/doc/ryan-v-state-bd-of-ret-cr-25-0740/download,2026-08-19T17:37:25-04:00
https://www.mass.gov/doc/brady-lozier-v-mtrs-cr-24-0340/download,2026-08-19T17:37:25-04:00
https://www.mass.gov/doc/derick-v-boston-ret-sys-cr-25-0072/download,2026-08-19T17:37:25-04:00
https://www.mass.gov/doc/deec-v-mateo-oc-25-0534/download,2026-08-19T17:37:25-04:00
https://www.mass.gov/doc/dppc-v-ms-dppc-25-0760/download,2026-08-19T17:37:25-04:00
https://www.mass.gov/doc/ciminello-v-mtrs-cr-25-0437/download,2026-08-19T17:37:23-04:00
https://www.mass.gov/doc/ram-v-boston-ret-sys-cr-25-0281/download,2026-08-19T17:37:23-04:00
https://www.mass.gov/doc/matthes-v-perac-essex-ret-sys-cr-24-0721/download,2026-08-19T17:37:23-04:00
https://www.mass.gov/doc/fox-v-state-bd-of-ret-cr-24-0722/download,2026-08-19T17:37:23-04:00
https://www.mass.gov/doc/goodman-v-mtrs-cr-25-0203/download,2026-08-19T17:37:23-04:00
https://www.mass.gov/doc/gsg-specialty-contractors-llc-v-mass-supplier-diversity-office/download,2026-08-19T17:37:23-04:00
https://www.mass.gov/doc/c-sip-expansion-application/download,2026-08-19T10:26:58-04:00
https://www.mass.gov/doc/bulic-v-mtrs-cr-25-0632/download,2026-08-19T17:37:23-04:00
https://www.mass.gov/doc/mellace-v-boston-ret-sys-cr-25-0730/download,2026-08-19T17:37:23-04:00
https://www.mass.gov/doc/kervian-v-mtrs-cr-25-0628/download,2026-08-19T17:36:22-04:00
https://www.mass.gov/doc/moore-v-state-bd-of-ret-cr-25-0716/download,2026-08-19T17:36:22-04:00
https://www.mass.gov/doc/haughey-v-boston-ret-sys-cr-25-0464/download,2026-08-19T17:36:22-04:00
https://www.mass.gov/doc/driscoll-v-mtrs-cr-25-0343/download,2026-08-19T17:36:22-04:00
https://www.mass.gov/doc/massdot-meeting-flyer-springfield-4826/download,2026-08-19T14:26:32-04:00
https://www.mass.gov/doc/nally-v-mtrs-cr-25-0258/download,2026-08-19T17:36:22-04:00
https://www.mass.gov/doc/potter-v-mtrs-cr-24-0380/download,2026-08-19T17:36:22-04:00
https://www.mass.gov/doc/febres-v-state-bd-of-ret-cr-24-0055/download,2026-08-19T17:36:20-04:00
https://www.mass.gov/doc/feng-v-mtrs-cr-23-0316/download,2026-08-19T17:36:20-04:00
https://www.mass.gov/doc/feng-v-mtrs-cr-23-0316-0/download,2026-08-19T17:36:20-04:00
https://www.mass.gov/doc/roberts-v-eovs-vs-25-0419/download,2026-08-19T17:36:20-04:00
https://www.mass.gov/doc/dept-of-agricultural-resources-v-rafferty-ms-23-0693/download,2026-08-19T17:36:20-04:00
https://www.mass.gov/doc/ecostructive-llc-et-al-v-fair-labor-division-lb-23-0586/download,2026-08-19T17:36:20-04:00
https://www.mass.gov/doc/farrell-v-mtrs-cr-25-0682/download,2026-08-19T17:36:20-04:00
https://www.mass.gov/doc/pezo-v-mtrs-cr-25-0631/download,2026-08-19T17:36:20-04:00
https://www.mass.gov/doc/kaddy-v-worcester-ret-bd-cr-22-0129/download,2026-08-19T17:36:20-04:00
https://www.mass.gov/doc/wood-v-weymouth-ret-bd-cr-18-0578/download,2026-08-19T17:36:20-04:00
https://www.mass.gov/doc/thompson-v-boston-ret-sys-cr-24-0713/download,2026-08-19T17:36:17-04:00
https://www.mass.gov/doc/yantsides-v-state-bd-of-ret-cr-22-0351/download,2026-08-19T17:36:17-04:00
https://www.mass.gov/doc/steele-v-state-bd-of-ret-cr-24-0621/download,2026-08-19T17:36:17-04:00
https://www.mass.gov/doc/murphy-v-mtrs-cr-25-0307/download,2026-08-19T17:36:17-04:00
https://www.mass.gov/doc/james-v-fair-labor-division-lb-25-0562/download,2026-08-19T17:36:17-04:00
https://www.mass.gov/doc/foley-v-state-bd-of-ret-cr-25-0743/download,2026-08-19T17:36:17-04:00
https://www.mass.gov/doc/rothman-v-state-bd-of-ret-cr-25-0729/download,2026-08-19T17:36:17-04:00
https://www.mass.gov/doc/shannon-v-state-bd-of-ret-cr-25-0765/download,2026-08-19T17:36:17-04:00
https://www.mass.gov/doc/siegel-v-andover-ret-bd-cr-25-0154/download,2026-08-19T17:36:17-04:00
https://www.mass.gov/doc/ogwuru-v-state-bd-of-ret-cr-23-057/download,2026-08-19T17:36:17-04:00
https://www.mass.gov/doc/bartlett-v-state-bd-of-ret-cr-25-0236/download,2026-08-19T17:36:15-04:00
https://www.mass.gov/doc/wood-young-v-boston-ret-sys-cr-22-0186/download,2026-08-19T17:36:15-04:00
https://www.mass.gov/doc/dph-v-mclean-phet-24-0314/download,2026-08-19T17:36:15-04:00
https://www.mass.gov/doc/aguirre-v-deec-oc-24-0598/download,2026-08-19T17:36:15-04:00
https://www.mass.gov/doc/january-2026/download,2026-08-19T17:36:15-04:00
https://www.mass.gov/doc/crocker-v-methuen-cont-ret-sys-cr-25-0354/download,2026-08-19T17:36:15-04:00
https://www.mass.gov/doc/bergin-v-mtrs-cr-25-0363/download,2026-08-19T17:36:15-04:00
https://www.mass.gov/doc/flemming-v-fitchburg-ret-sys-cr-25-0270/download,2026-08-19T17:36:15-04:00
https://www.mass.gov/doc/cassis-v-state-bd-of-ret-cr-25-0785/download,2026-08-19T17:36:15-04:00
https://www.mass.gov/doc/case-v-mtrs-cr-25-0299/download,2026-08-19T17:36:15-04:00
https://www.mass.gov/doc/miller-v-mtrs-cr-25-0745/download,2026-08-19T17:36:13-04:00
https://www.mass.gov/doc/socquet-v-mtrs-cr-25-0688/download,2026-08-19T17:36:13-04:00
https://www.mass.gov/doc/dibara-v-state-bd-of-ret-cr-25-0603/download,2026-08-19T20:13:14-04:00
https://www.mass.gov/doc/keegan-v-state-bd-of-ret-cr-25-0213/download,2026-08-19T17:36:13-04:00
https://www.mass.gov/doc/mcdonald-v-mtrs-cr-25-0225/download,2026-08-19T17:36:13-04:00
https://www.mass.gov/doc/cloutier-v-mtrs-cr-25-0434/download,2026-08-19T17:36:13-04:00
https://www.mass.gov/doc/cloutier-v-mtrs-cr-25-0434-0/download,2026-08-19T17:36:13-04:00
https://www.mass.gov/doc/blier-v-mtrs-cr-26-0006/download,2026-08-19T17:36:13-04:00
https://www.mass.gov/doc/bernard-lautieri-v-mtrs-cr-24-0239/download,2026-08-19T17:36:13-04:00
https://www.mass.gov/doc/deec-v-ortiz-oc-25-0623/download,2026-08-19T17:36:13-04:00
https://www.mass.gov/doc/dph-v-point-du-jour-phna-25-0405/download,2026-08-19T17:36:13-04:00
https://www.mass.gov/doc/joni-j-v-middlesex-cty-ret-bd-cr-24-0610/download,2026-08-19T17:35:27-04:00
https://www.mass.gov/doc/platt-v-state-bd-of-ret-cr-22-0481/download,2026-08-19T17:35:27-04:00
https://www.mass.gov/doc/surkin-v-mtrs-cr-21-0552/download,2026-08-19T17:35:27-04:00
https://www.mass.gov/doc/coles-roby-v-state-bd-of-ret-cr-25-0217/download,2026-08-19T17:35:27-04:00
https://www.mass.gov/doc/byron-v-state-bd-of-ret-cr-22-0579/download,2026-08-19T17:35:27-04:00
https://www.mass.gov/doc/massdot-hearing-flyer-athol-32426/download,2026-08-19T14:26:32-04:00
https://www.mass.gov/doc/hartung-v-mtrs-cr-22-0194-0195-crab/download,2026-08-19T17:35:24-04:00
https://www.mass.gov/doc/cantin-v-mtrs-cr-23-0470-crab/download,2026-08-19T17:35:24-04:00
https://www.mass.gov/doc/dept-of-public-health-v-dancy-phns-24-0547/download,2026-08-19T17:35:24-04:00
https://www.mass.gov/doc/blatt-v-state-bd-of-ret-cr-20-0199-crab/download,2026-08-19T17:35:24-04:00
https://www.mass.gov/doc/lowrey-v-state-bd-of-ret-cr-19-0202-crab/download,2026-08-19T17:35:24-04:00
https://www.mass.gov/doc/honan-v-state-bd-of-ret-cr-23-0606-crab/download,2026-08-19T17:35:24-04:00
https://www.mass.gov/doc/donoghue-v-state-bd-of-ret-cr-18-0077-crab/download,2026-08-19T17:35:24-04:00
https://www.mass.gov/doc/deec-v-ramirez-oc-24-0251/download,2026-08-19T17:35:24-04:00
https://www.mass.gov/doc/gabriellys-cleaning-service-v-fair-labor-div-lb-23-0325/download,2026-08-19T17:35:24-04:00
https://www.mass.gov/doc/energy-savery-insulation-v-fair-labor-div-lb-24-0700/download,2026-08-19T17:35:24-04:00
https://www.mass.gov/doc/beckwith-v-haverhill-ret-system-cr-23-0476/download,2026-08-19T17:35:22-04:00
https://www.mass.gov/doc/eastridge-v-mtrs-cr-25-0257/download,2026-08-19T17:35:22-04:00
https://www.mass.gov/doc/melito-connors-v-mtrs-cr-26-0022/download,2026-08-19T17:35:22-04:00
https://www.mass.gov/doc/bertrand-v-mtrs-cr-25-0440/download,2026-08-19T17:35:22-04:00
https://www.mass.gov/doc/marino-v-mtrs-cr-25-0696/download,2026-08-19T17:35:22-04:00
https://www.mass.gov/doc/ganley-v-state-bd-of-ret-cr-25-0007/download,2026-08-19T17:35:22-04:00
https://www.mass.gov/doc/goodstein-v-state-bd-of-ret-cr-25-0768/download,2026-08-19T20:21:58-04:00
https://www.mass.gov/doc/immomen-v-div-capital-asset-mgmt-cp-26-0040/download,2026-08-19T17:35:22-04:00
https://www.mass.gov/doc/deec-v-santiago-oc-25-0452/download,2026-08-19T17:35:22-04:00
https://www.mass.gov/doc/barber-v-fair-labor-division-lb-25-0374/download,2026-08-19T17:35:20-04:00
https://www.mass.gov/doc/lefkowitz-v-state-bd-of-ret-cr-22-0266/download,2026-08-19T17:35:22-04:00
https://www.mass.gov/doc/sheehan-v-state-bd-of-ret-cr-25-0304/download,2026-08-19T17:35:20-04:00
https://www.mass.gov/doc/coelho-v-mtrs-cr-24-0498/download,2026-08-19T17:35:20-04:00
https://www.mass.gov/doc/gibbons-v-state-bd-of-ret-cr-24-0573/download,2026-08-19T17:35:20-04:00
https://www.mass.gov/doc/february-2026-0/download,2026-08-19T17:35:20-04:00
https://www.mass.gov/doc/mcdonald-v-state-bd-of-ret-cr-25-0769/download,2026-08-19T17:35:20-04:00
https://www.mass.gov/doc/romano-v-mtrs-cr-26-0030/download,2026-08-19T17:35:20-04:00
https://www.mass.gov/doc/sheehan-v-mtrs-cr-25-0106/download,2026-08-19T17:35:20-04:00
https://www.mass.gov/doc/sheehan-v-mtrs-cr-25-0106-0/download,2026-08-19T17:35:20-04:00
https://www.mass.gov/doc/massdot-hearing-flyer-buckland-41626/download,2026-08-19T14:26:32-04:00
https://www.mass.gov/doc/parker-v-state-bd-of-ret-cr-25-0721/download,2026-08-19T17:35:20-04:00
https://www.mass.gov/doc/cobbs-v-mtrs-cr-25-0756/download,2026-08-19T17:35:18-04:00
https://www.mass.gov/doc/kelley-v-state-bd-of-ret-cr-25-0784/download,2026-08-19T20:27:59-04:00
https://www.mass.gov/doc/gemelli-v-state-bd-of-ret-cr-25-0609/download,2026-08-19T17:35:18-04:00
https://www.mass.gov/doc/gemelli-v-state-bd-of-ret-cr-25-0609-0/download,2026-08-19T17:35:18-04:00
https://www.mass.gov/doc/eckert-v-mtrs-cr-25-0587/download,2026-08-19T17:35:18-04:00
https://www.mass.gov/doc/appleton-v-state-bd-of-ret-cr-25-0735/download,2026-08-19T19:53:38-04:00
https://www.mass.gov/doc/fransico-v-boston-ret-sys-cr-25-0247/download,2026-08-19T17:35:18-04:00
https://www.mass.gov/doc/dph-v-lamour-clinic-et-al-ph-23-0504/download,2026-08-19T17:35:18-04:00
https://www.mass.gov/doc/dph-v-tagliani-phet-25-0458/download,2026-08-19T17:35:18-04:00
https://www.mass.gov/doc/johnston-v-state-bd-of-ret-cr-25-0370/download,2026-08-19T17:35:18-04:00
https://www.mass.gov/doc/kalil-v-state-bd-of-ret-cr-25-0349/download,2026-08-19T17:34:17-04:00
https://www.mass.gov/doc/mclaughlin-v-middlesex-cty-ret-sys-cr-26-0033/download,2026-08-19T17:34:17-04:00
https://www.mass.gov/doc/petruno-goguen-v-mtrs-cr-23-0321/download,2026-08-19T17:34:17-04:00
https://www.mass.gov/doc/mi-nursing-v-eohhs-rs-24-0647/download,2026-08-19T17:34:17-04:00
https://www.mass.gov/doc/costa-pryor-v-state-bd-of-ret-cr-24-0050/download,2026-08-19T17:34:17-04:00
https://www.mass.gov/doc/gentile-v-mtrs-cr-25-0652/download,2026-08-19T17:34:17-04:00
https://www.mass.gov/doc/toner-v-mtrs-cr-25-0008/download,2026-08-19T17:34:15-04:00
https://www.mass.gov/doc/gonzalez-flores-v-boston-ret-sys-cr-25-0187/download,2026-08-19T17:34:15-04:00
https://www.mass.gov/doc/smith-v-lowell-ret-bd-cr-24-0540/download,2026-08-19T17:34:15-04:00
https://www.mass.gov/doc/kane-v-wellesley-ret-bd-cr-25-0191/download,2026-08-19T17:34:15-04:00
https://www.mass.gov/doc/deec-v-rosado-oc-25-0522/download,2026-08-19T17:34:15-04:00
https://www.mass.gov/doc/guarino-v-state-bd-of-ret-cr-25-0178/download,2026-08-19T17:34:15-04:00
https://www.mass.gov/doc/coughlin-v-quincy-ret-bd-cr-26-0038/download,2026-08-19T17:34:15-04:00
https://www.mass.gov/doc/dppc-v-sb-dppc-23-0520/download,2026-08-19T17:34:15-04:00
https://www.mass.gov/doc/depalo-v-state-bd-of-ret-cr-22-0370/download,2026-08-19T17:34:15-04:00
https://www.mass.gov/doc/johnnene-v-boston-ret-sys-cr-22-0055/download,2026-08-19T17:34:15-04:00
https://www.mass.gov/doc/carvalho-v-state-bd-of-ret-cr-21-0070/download,2026-08-19T17:34:13-04:00
https://www.mass.gov/doc/galligan-v-eovs-vs-25-0659/download,2026-08-19T17:34:13-04:00
https://www.mass.gov/doc/deec-v-velasquez-oc-25-0321/download,2026-08-19T17:34:13-04:00
https://www.mass.gov/doc/deec-v-florence-f-oc-25-0622/download,2026-08-19T17:34:13-04:00
https://www.mass.gov/doc/deec-v-mc-oc-25-0694/download,2026-08-19T17:34:13-04:00
https://www.mass.gov/doc/deec-v-demosthenes-oc-25-0515/download,2026-08-19T17:34:13-04:00
https://www.mass.gov/doc/yl/download,2026-08-19T17:34:13-04:00
https://www.mass.gov/doc/march-2026/download,2026-08-19T17:34:13-04:00
https://www.mass.gov/doc/saffie-v-state-bd-of-ret-cr-21-0020-crab/download,2026-08-19T17:34:10-04:00
https://www.mass.gov/doc/centola-v-state-bd-of-ret-cr-19-0507-crab/download,2026-08-19T17:34:13-04:00
https://www.mass.gov/doc/bogle-stephenson-v-state-bd-of-ret-cr-22-0056-22-0305/download,2026-08-19T17:34:13-04:00
https://www.mass.gov/doc/stinehart-landis-v-hampden-cty-ret-bd-and-perac-cr-24-0605-0625/download,2026-08-19T17:34:10-04:00
https://www.mass.gov/doc/drass-v-plymouth-cnty-ret-sys-perac-cr-24-0361/download,2026-08-19T17:34:10-04:00
https://www.mass.gov/doc/zaleznik-v-newton-ret-sys-perac-cr-24-602/download,2026-08-19T17:34:10-04:00
https://www.mass.gov/doc/eec-v-sevostyanov-oc-25-0426/download,2026-08-19T17:34:10-04:00
https://www.mass.gov/doc/cesaitis-v-worcester-ret-bd-cr-15-74-crab/download,2026-08-19T17:34:10-04:00
https://www.mass.gov/doc/poitras-v-mtrs-cr-26-0008/download,2026-08-19T17:34:10-04:00
https://www.mass.gov/doc/pitta-v-state-bd-of-ret-cr-25-0087/download,2026-08-19T17:34:10-04:00
https://www.mass.gov/doc/mccaughy-v-state-bd-of-ret-cr-25-0214/download,2026-08-19T17:34:10-04:00
https://www.mass.gov/doc/soares-v-mtrs-cr-25-0365/download,2026-08-19T17:34:10-04:00
https://www.mass.gov/doc/klug-v-state-bd-of-ret-cr-25-0392/download,2026-08-19T17:34:09-04:00
https://www.mass.gov/doc/lucas-v-mtrs-cr-26-0073/download,2026-08-19T17:34:09-04:00
https://www.mass.gov/doc/loguidice-v-mtrs-cr-26-0078/download,2026-08-19T17:34:09-04:00
https://www.mass.gov/doc/hogan-v-boston-ret-sys-cr-23-0365/download,2026-08-19T17:34:09-04:00
https://www.mass.gov/doc/ireland-v-barnstable-cty-ret-bd-cr-12-0172/download,2026-08-19T17:34:09-04:00
https://www.mass.gov/doc/carucci-v-state-bd-of-ret-cf-25-0376/download,2026-08-19T17:34:09-04:00
https://www.mass.gov/doc/decilio-v-mtrs-cr-25-0244/download,2026-08-19T17:34:09-04:00
https://www.mass.gov/doc/knittle-v-mtrs-cr-24-0711/download,2026-08-19T17:34:09-04:00
https://www.mass.gov/doc/pierre-v-state-bd-of-ret-cr-24-0675/download,2026-08-19T17:34:09-04:00
https://www.mass.gov/doc/pergola-v-state-bd-of-ret-cr-22-0286/download,2026-08-19T17:34:09-04:00
https://www.mass.gov/doc/baker-v-mtrs-cr-23-0570/download,2026-08-19T17:33:20-04:00
https://www.mass.gov/doc/hood-v-mtrs-cr-24-0617/download,2026-08-19T17:33:20-04:00
https://www.mass.gov/doc/deec-v-barra-oc-25-0693/download,2026-08-19T17:33:20-04:00
https://www.mass.gov/doc/deec-v-mcclain-oc-25-0737/download,2026-08-19T17:33:20-04:00
https://www.mass.gov/doc/truong-et-al-v-fair-labor-division-lb-26-0135/download,2026-08-19T17:33:20-04:00
https://www.mass.gov/doc/deec-v-osula-oc-25-0549/download,2026-08-19T17:33:20-04:00
https://www.mass.gov/doc/predella-v-braintree-ret-bd-cr-21-0276/download,2026-08-19T17:33:20-04:00
https://www.mass.gov/doc/reynolds-v-state-bd-of-ret-cr-24-0348/download,2026-08-19T17:33:20-04:00
https://www.mass.gov/doc/krull-v-state-bd-of-ret-cr-25-0635/download,2026-08-19T17:33:18-04:00
https://www.mass.gov/doc/samms-v-state-bd-of-ret-cr-25-0192/download,2026-08-19T17:33:18-04:00
https://www.mass.gov/doc/coan-v-boston-ret-sys-cr-24-0323/download,2026-08-19T17:33:18-04:00
https://www.mass.gov/doc/massachusetts-wic-state-plan-2027/download,2026-08-19T16:49:03-04:00
https://www.mass.gov/doc/dcs-info-15-147a-performance-incentive-awards-nomination-procedures/download,2026-08-19T13:17:51-04:00
https://www.mass.gov/doc/april-2026-0/download,2026-08-19T17:33:18-04:00
https://www.mass.gov/doc/francis-v-mtrs-cr-26-0140/download,2026-08-19T17:33:15-04:00
https://www.mass.gov/doc/deec-v-ventura-oc-25-0624/download,2026-08-19T17:33:18-04:00
https://www.mass.gov/doc/leon-v-watertown-ret-bd-cr-26-0159/download,2026-08-19T17:33:18-04:00
https://www.mass.gov/doc/sweet-v-mtrs-cr-26-0138/download,2026-08-19T17:33:18-04:00
https://www.mass.gov/doc/mcdonough-v-state-bd-of-ret-cr-26-0007/download,2026-08-19T17:33:18-04:00
https://www.mass.gov/doc/spizz-v-mtrs-cr-25-0361/download,2026-08-19T17:33:18-04:00
https://www.mass.gov/doc/donnelly-v-boston-ret-sys-cr-24-0629/download,2026-08-19T17:33:18-04:00
https://www.mass.gov/doc/genualdo-v-mtrs-cr-24-0659/download,2026-08-19T17:33:16-04:00
https://www.mass.gov/doc/costa-v-newton-ret-sys-cr-25-0239/download,2026-08-19T17:33:16-04:00
https://www.mass.gov/doc/costa-v-newton-ret-sys-cr-25-0239-0/download,2026-08-19T17:33:16-04:00
https://www.mass.gov/doc/alderson-v-mtrs-cr-25-0684/download,2026-08-19T17:33:16-04:00
https://www.mass.gov/doc/spicer-v-state-bd-of-ret-cr-25-0375/download,2026-08-19T17:33:16-04:00
https://www.mass.gov/doc/barber-drywall-et-al-v-fair-labor-division-lb-25-0374/download,2026-08-19T17:33:16-04:00
https://www.mass.gov/doc/mimouni-v-fair-labor-division-lb-26-0035/download,2026-08-19T17:33:16-04:00
https://www.mass.gov/doc/martins-et-al-v-fair-labor-division-lb-25-0610-611/download,2026-08-19T17:33:16-04:00
https://www.mass.gov/doc/ecostructive-llc-et-al-v-fair-labor-division-lb-23-0586-0/download,2026-08-19T17:33:16-04:00
https://www.mass.gov/doc/dppc-v-is-dppc-25-0615/download,2026-08-19T17:33:16-04:00
https://www.mass.gov/doc/minaya-et-al-v-fair-labor-division-lb-23-0613/download,2026-08-19T17:33:15-04:00
https://www.mass.gov/doc/dougan-v-mtrs-cr-26-0090/download,2026-08-19T17:33:15-04:00
https://www.mass.gov/doc/nutter-f-mtrs-cr-26-0085/download,2026-08-19T17:33:15-04:00
https://www.mass.gov/doc/toomey-rittershaus-v-state-bd-of-ret-cr-26-0181/download,2026-08-19T17:33:15-04:00
https://www.mass.gov/doc/kelley-v-state-bd-of-ret-cr-24-0456/download,2026-08-19T17:33:15-04:00
https://www.mass.gov/doc/lafountain-v-mtrs-cr-23-0054/download,2026-08-19T17:33:15-04:00
https://www.mass.gov/doc/franca-service-inc-et-al-v-fair-labor-division-lb-25-0373/download,2026-08-19T17:33:15-04:00
https://www.mass.gov/doc/camire-v-essex-reg-ret-sys-cr-25-0569/download,2026-08-19T17:33:15-04:00
https://www.mass.gov/doc/dph-v-lawrence-phna-25-0671/download,2026-08-19T17:33:15-04:00
https://www.mass.gov/doc/dph-v-hairston-jackson-phnas-25-0042/download,2026-08-19T17:33:13-04:00
https://www.mass.gov/doc/dppc-v-hs-dppc-25-0261/download,2026-08-19T17:33:13-04:00
https://www.mass.gov/doc/fuertes-v-state-bd-of-ret-cr-25-0780/download,2026-08-19T17:33:13-04:00
https://www.mass.gov/doc/barrows-v-state-bd-of-ret-cr-25-0618/download,2026-08-19T17:33:13-04:00
https://www.mass.gov/doc/mcgonagle-v-state-bd-of-ret-cr-26-0178/download,2026-08-19T17:33:13-04:00
https://www.mass.gov/doc/knight-v-state-bd-of-ret-cr-25-0274/download,2026-08-19T17:33:13-04:00
https://www.mass.gov/doc/caruso-v-mtrs-cr-25-0580/download,2026-08-19T17:33:13-04:00
https://www.mass.gov/doc/zandrow-v-state-bd-of-ret-cr-25-0305/download,2026-08-19T17:33:13-04:00
https://www.mass.gov/doc/bien-aime-v-state-bd-of-ret-cr-26-0020/download,2026-08-19T17:33:13-04:00
https://www.mass.gov/doc/2021-massachusetts-human-trafficking-law-enforcement-guidelines-0/download,2026-08-19T10:58:49-04:00
https://www.mass.gov/doc/licensing-applicability-chart-august-2026/download,2026-08-19T14:28:34-04:00
https://www.mass.gov/doc/mcmillen-v-mtrs-cr-26-0148/download,2026-08-19T17:33:13-04:00
https://www.mass.gov/doc/davis-v-north-adams-ret-bd-cr-25-0011/download,2026-08-19T17:32:21-04:00
https://www.mass.gov/doc/silva-v-mtrs-cr-25-0478/download,2026-08-19T17:32:21-04:00
https://www.mass.gov/doc/legere-v-state-bd-of-ret-cr-25-0597/download,2026-08-19T17:32:21-04:00
https://www.mass.gov/doc/leschke-v-mtrs-cr-25-0448-0/download,2026-08-19T17:32:21-04:00
https://www.mass.gov/doc/bedard-v-state-bd-of-ret-cr-25-0691/download,2026-08-19T17:32:21-04:00
https://www.mass.gov/doc/england-v-boston-ret-sys-cr-21-0263/download,2026-08-19T17:32:21-04:00
https://www.mass.gov/doc/appendix-r-oqe-intake-form-0/download,2026-08-19T17:25:01-04:00
https://www.mass.gov/doc/employers-guide-to-intermittment-pfml/download,2026-08-19T15:24:23-04:00
https://www.mass.gov/doc/2026-eee-and-wnv-risk-level-and-data/download,2026-08-19T16:51:09-04:00
https://www.mass.gov/doc/may-2026/download,2026-08-19T17:32:18-04:00
https://www.mass.gov/doc/deec-v-carattini-oc-26-0042-0265/download,2026-08-19T17:32:18-04:00
https://www.mass.gov/doc/knight-v-marblehead-ret-bd-cr-26-0300/download,2026-08-19T17:32:18-04:00
https://www.mass.gov/doc/schuettler-v-mtrs-cr-25-0432/download,2026-08-19T17:32:18-04:00
https://www.mass.gov/doc/spano-v-state-bd-of-ret-cr-23-0554/download,2026-08-19T17:32:18-04:00
https://www.mass.gov/doc/renda-v-state-bd-of-ret-cr-26-0032/download,2026-08-19T17:32:18-04:00
https://www.mass.gov/doc/callahan-v-state-bd-of-ret-cr-25-0211/download,2026-08-19T17:32:18-04:00
https://www.mass.gov/doc/mahoney-v-mtrs-cr-24-0683/download,2026-08-19T17:32:18-04:00
https://www.mass.gov/doc/vasquez-v-boston-ret-sys-cr-24-0555/download,2026-08-19T17:32:18-04:00
https://www.mass.gov/doc/fraser-v-state-bd-of-ret-cr-25-0266/download,2026-08-19T17:32:18-04:00
https://www.mass.gov/doc/elevated-crust-v-fair-labor-div-lb-25-0450/download,2026-08-19T17:32:17-04:00
https://www.mass.gov/doc/mora-earth-evolution-inc-v-fair-labor-division-lb-26-0218/download,2026-08-19T17:32:17-04:00
https://www.mass.gov/doc/kavol-v-state-bd-of-ret-cr-26-0272/download,2026-08-19T17:32:15-04:00
https://www.mass.gov/doc/nanos-v-middlesex-cty-ret-sys-cr-26-0293/download,2026-08-19T17:32:17-04:00
https://www.mass.gov/doc/normandin-v-southbridge-ret-bd-cr-25-0551/download,2026-08-19T17:32:17-04:00
https://www.mass.gov/doc/schmitz-v-state-bd-of-ret-cr-21-0312/download,2026-08-19T17:32:17-04:00
https://www.mass.gov/doc/melia-v-wellesley-ret-bd-cr-24-0702/download,2026-08-19T17:32:17-04:00
https://www.mass.gov/doc/fe-v-disabled-persons-protection-commission-dppc-26-0221/download,2026-08-19T17:32:17-04:00
https://www.mass.gov/doc/michael-alarcon-v-office-of-attorney-general-fair-labor-division-lb-26-0036/download,2026-08-19T17:32:17-04:00
https://www.mass.gov/doc/sanchez-v-state-bd-ret-cr-23-0620/download,2026-08-19T17:32:17-04:00
https://www.mass.gov/doc/dreeszen-v-state-bd-ret-cr-25-0443/download,2026-08-19T17:32:17-04:00
https://www.mass.gov/doc/june-2026-0/download,2026-08-19T17:32:15-04:00
https://www.mass.gov/doc/viglirolo-v-mtrs-cr-26-0207/download,2026-08-19T17:32:15-04:00
https://www.mass.gov/doc/burgoyne-v-mtrs-cr-26-0198/download,2026-08-19T17:32:15-04:00
https://www.mass.gov/doc/mahoney-v-mtrs-cr-24-0683-order-on-mtn-to-reconsider/download,2026-08-19T17:32:15-04:00
https://www.mass.gov/doc/donohoe-v-mtrs-cr-25-0394/download,2026-08-19T17:32:15-04:00
https://www.mass.gov/doc/gutmans-v-gardner-ret-bd-cr-22-0149/download,2026-08-19T17:32:15-04:00
https://www.mass.gov/doc/july-2026-mid-month-revenue-report-xlsx/download,2026-08-19T13:51:01-04:00
https://www.mass.gov/doc/fitzgerald-v-leominster-ret-bd-cr-22-0438/download,2026-08-19T17:32:15-04:00
https://www.mass.gov/doc/thomas-v-state-bd-of-ret-cr-25-052/download,2026-08-19T17:32:15-04:00
https://www.mass.gov/doc/dppc-v-aa-dppc-25-0607/download,2026-08-19T17:32:15-04:00
https://www.mass.gov/doc/deec-v-infante-oc-26-0242/download,2026-08-19T17:32:13-04:00
https://www.mass.gov/doc/menard-v-mtrs-cr-25-0499/download,2026-08-19T17:32:13-04:00
https://www.mass.gov/doc/gibowicz-v-mtrs-cr-26-0166/download,2026-08-19T17:32:13-04:00
https://www.mass.gov/doc/rockhead-v-mtrs-cr-25-0132/download,2026-08-19T17:32:13-04:00
https://www.mass.gov/doc/molina-v-boston-ret-bd-cr-22-0412/download,2026-08-19T17:32:13-04:00
https://www.mass.gov/doc/bedard-v-state-bd-of-ret-cr-25-0267/download,2026-08-19T17:32:13-04:00
https://www.mass.gov/doc/deec-v-cornwell-oc-26-0016/download,2026-08-19T17:32:13-04:00
https://www.mass.gov/doc/august-13-2026-ejc-meeting-27-slides-arabic/download,2026-08-19T12:06:32-04:00
https://www.mass.gov/doc/august-13-2026-ejc-meeting-27-slides-cape-verdean-creole/download,2026-08-19T12:04:32-04:00
https://www.mass.gov/doc/august-13-2026-ejc-meeting-27-slides-chinese/download,2026-08-19T12:02:24-04:00
https://www.mass.gov/doc/august-13-2026-ejc-meeting-27-slides-french/download,2026-08-19T12:00:20-04:00
https://www.mass.gov/doc/august-13-2026-ejc-meeting-27-slides-haitian-creole/download,2026-08-19T11:58:32-04:00
https://www.mass.gov/doc/august-13-2026-ejc-meeting-27-slides-khmer/download,2026-08-19T11:56:10-04:00
https://www.mass.gov/doc/august-13-2026-ejc-meeting-27-slides-portuguese/download,2026-08-19T11:54:29-04:00
https://www.mass.gov/doc/august-13-2026-ejc-meeting-27-slides-russian/download,2026-08-19T11:52:37-04:00
https://www.mass.gov/doc/august-13-2026-ejc-meeting-27-slides-spanish/download,2026-08-19T11:50:36-04:00
https://www.mass.gov/doc/august-13-2026-ejc-meeting-27-slides-vietnamese/download,2026-08-19T11:48:27-04:00
https://www.mass.gov/doc/curley-et-al-v-state-bd-of-ret-cr-24-0724-et-al/download,2026-08-19T17:32:13-04:00
https://www.mass.gov/doc/mitchell-v-weymouth-ret-bd-cr-23-0214/download,2026-08-19T17:32:13-04:00
https://www.mass.gov/doc/west-v-state-bd-of-ret-cr-25-0500/download,2026-08-19T17:32:13-04:00
https://www.mass.gov/doc/meeks-v-state-bd-of-ret-cr-25-0742/download,2026-08-19T17:31:09-04:00
https://www.mass.gov/doc/ball-v-norfolk-cty-ret-syst-cr-25-0367/download,2026-08-19T17:31:09-04:00
https://www.mass.gov/doc/ando-v-brockton-ret-bd-cr-25-0470/download,2026-08-19T17:31:09-04:00
https://www.mass.gov/doc/halloran-v-lowell-ret-bd-cr-24-0083/download,2026-08-19T17:31:09-04:00
https://www.mass.gov/doc/deec-v-quezada-oc-26-0103/download,2026-08-19T17:31:09-04:00
https://www.mass.gov/doc/referral-to-mediation-with-the-massachusetts-bar-association-volunteer-mediation-program/download,2026-08-19T15:51:52-04:00
https://www.mass.gov/doc/2025-form-m-990t-62-instructions/download,2026-08-19T15:51:53-04:00
https://www.mass.gov/doc/russell-v-mtrs-cr-26-0219/download,2026-08-19T17:31:09-04:00
https://www.mass.gov/doc/cyr-v-mtrs-cr-26-0262/download,2026-08-19T17:31:09-04:00
https://www.mass.gov/doc/buffum-v-state-bd-of-ret-cr-20-0226-21-0212/download,2026-08-19T17:31:09-04:00
https://www.mass.gov/doc/benevelli-v-boston-ret-sys-cr-23-0597/download,2026-08-19T17:31:09-04:00
https://www.mass.gov/doc/dph-v-franck-phna-23-0416/download,2026-08-19T17:31:09-04:00
https://www.mass.gov/doc/june-2026-and-fy2026-tax-collections-summary-in-millions-preliminary-as-of-august-13-2026/download,2026-08-19T15:57:35-04:00
https://www.mass.gov/doc/py3-qeip-user-guide-release-notes-81126-0/download,2026-08-19T09:08:09-04:00
https://www.mass.gov/doc/issue-9-august-2026/download,2026-08-19T09:19:12-04:00
https://www.mass.gov/doc/pharmacy-facts-282-august-19-2026/download,2026-08-19T09:17:46-04:00
https://www.mass.gov/doc/minutes-of-the-1130th-july-22-2026-meeting/download,2026-08-19T09:20:05-04:00
https://www.mass.gov/doc/minutes-of-the-1131st-august-5-2026-meeting/download,2026-08-19T09:21:19-04:00
https://www.mass.gov/doc/considerations-for-organizations-recruiting-for-a-sbhc-community-health-worker/download,2026-08-19T09:22:19-04:00
https://www.mass.gov/doc/applying-racial-justice-and-equity-in-school-based-health-centers-sbhcs-guide/download,2026-08-19T09:19:11-04:00
https://www.mass.gov/doc/mou-guide/download,2026-08-19T09:17:19-04:00
https://www.mass.gov/doc/emerald-necklace-conservancy-inc-v-city-of-boston-sjc-b13865/download,2026-08-19T09:34:25-04:00
https://www.mass.gov/doc/meeting-minutes-august-10-2026/download,2026-08-19T09:31:29-04:00
https://www.mass.gov/doc/meeting-slides-august-10-2026/download,2026-08-19T09:34:20-04:00
https://www.mass.gov/doc/safe-passing/download,2026-08-19T09:52:36-04:00
https://www.mass.gov/doc/infrastructure-1/download,2026-08-19T09:59:11-04:00
https://www.mass.gov/doc/right-hook/download,2026-08-19T10:02:22-04:00
https://www.mass.gov/doc/monthly-ust-inspection-log/download,2026-08-19T10:07:05-04:00
https://www.mass.gov/doc/ust-sump-periodic-inspection-log/download,2026-08-19T10:07:49-04:00
https://www.mass.gov/doc/massdot-hearing-flyer-new-bedford-8252026-portuguese/download,2026-08-19T10:10:54-04:00
https://www.mass.gov/doc/massdot-hearing-flyer-new-bedford-8252026-spanish/download,2026-08-19T10:12:01-04:00
https://www.mass.gov/doc/massdot-hearing-flyer-new-bedford-8252026-haitian-creole/download,2026-08-19T10:13:15-04:00
https://www.mass.gov/doc/massdot-hearing-handout-new-bedford-8252026/download,2026-08-19T10:14:31-04:00
https://www.mass.gov/doc/four-foot-sticker/download,2026-08-19T10:15:34-04:00
https://www.mass.gov/doc/qa-in-english/download,2026-08-19T10:23:14-04:00
https://www.mass.gov/doc/qa-in-haitian-creole/download,2026-08-19T10:24:24-04:00
https://www.mass.gov/doc/qa-in-khmer/download,2026-08-19T10:26:01-04:00
https://www.mass.gov/doc/qa-in-portuguese/download,2026-08-19T10:41:06-04:00
https://www.mass.gov/doc/section-604b-fy24-25-water-quality-management-planning-grant-request-for-proposals-without-attachments-docx/download,2026-08-19T10:41:30-04:00
https://www.mass.gov/doc/qa-in-russian/download,2026-08-19T10:42:13-04:00
https://www.mass.gov/doc/section-604b-fy24-25-water-quality-management-planning-grant-request-for-proposals-with-attachments-pdf/download,2026-08-19T10:42:41-04:00
https://www.mass.gov/doc/qa-in-simplified-chinese/download,2026-08-19T10:44:27-04:00
https://www.mass.gov/doc/commercial-conversion-tax-credit-initiative-notice-of-funding-availability-0/download,2026-08-19T10:45:02-04:00
https://www.mass.gov/doc/section-604b-fy24-25-grant-rfr-application/download,2026-08-19T10:45:41-04:00
https://www.mass.gov/doc/qa-in-spanish/download,2026-08-19T10:45:47-04:00
https://www.mass.gov/doc/section-604b-fy24-25-grant-rfr-procurement-and-grant-contract-information/download,2026-08-19T10:46:30-04:00
https://www.mass.gov/doc/qa-in-traditional-chinese/download,2026-08-19T10:46:48-04:00
https://www.mass.gov/doc/section-604b-fy24-25-grant-rfr-terms-and-conditions-of-grant-contract-award/download,2026-08-19T10:47:17-04:00
https://www.mass.gov/doc/qa-in-vietnamese/download,2026-08-19T10:47:54-04:00
https://www.mass.gov/doc/section-604b-fy24-25-grant-rfr-supplemental-terms-and-conditions/download,2026-08-19T10:48:00-04:00
https://www.mass.gov/doc/section-604b-fy24-25-grant-rfr-federal-terms-and-conditions/download,2026-08-19T10:48:39-04:00
https://www.mass.gov/doc/section-604b-fy24-25-grant-rfr-six-good-faith-efforts/download,2026-08-19T10:49:15-04:00
https://www.mass.gov/doc/section-604b-fy24-25-grant-rfr-additional-resources-and-faq/download,2026-08-19T10:49:58-04:00
https://www.mass.gov/doc/qa-in-arabic/download,2026-08-19T10:50:11-04:00
https://www.mass.gov/doc/section-604b-fy24-25-grant-rfr-wbpd-development-guidance/download,2026-08-19T10:50:39-04:00
https://www.mass.gov/doc/qa-in-cape-verdean-creole/download,2026-08-19T10:51:06-04:00
https://www.mass.gov/doc/mptc-committee-meeting-agenda-082526/download,2026-08-19T10:59:06-04:00
https://www.mass.gov/doc/dfw-2027-018-birch-hill-acoe-access-improvements-winchendon-ma/download,2026-08-19T11:00:24-04:00
https://www.mass.gov/doc/august-2026-mid-month-revenue-report-xlsx/download,2026-08-19T14:40:10-04:00
https://www.mass.gov/doc/resident-firearms-license-applicationaugust-2026/download,2026-08-19T12:03:49-04:00
https://www.mass.gov/doc/non-resident-ltc-applicationaugust-2026/download,2026-08-19T12:05:15-04:00
https://www.mass.gov/doc/dealerammogunsmith-applicationaugust-2026/download,2026-08-19T12:12:04-04:00
https://www.mass.gov/doc/2026-correction-officer-i-examination-october-poster/download,2026-08-19T12:25:18-04:00
https://www.mass.gov/doc/proposed-treatment-locations-thursday-august-20-2026/download,2026-08-19T14:18:18-04:00
https://www.mass.gov/doc/asab-26-04-753-montgomery-st-chicopee/download,2026-08-19T14:22:08-04:00
https://www.mass.gov/doc/25-07-201-brookline-ave-boston/download,2026-08-19T14:27:38-04:00
https://www.mass.gov/doc/25-08-274-winthrop-street-taunton/download,2026-08-19T14:29:22-04:00
https://www.mass.gov/doc/25-10-15-waterville-lane-shrewsbury/download,2026-08-19T14:30:51-04:00
https://www.mass.gov/doc/2023-birth-report/download,2026-08-19T14:32:02-04:00
https://www.mass.gov/doc/25-11-245r-247-gallivan-blvd-boston/download,2026-08-19T14:36:02-04:00
https://www.mass.gov/doc/1143-cmr-1400/download,2026-08-19T14:38:39-04:00
https://www.mass.gov/doc/massdot-hearing-flyer-southampton-92326/download,2026-08-19T14:42:24-04:00
https://www.mass.gov/doc/26-03-51-fuller-street-boston/download,2026-08-19T14:43:45-04:00
https://www.mass.gov/doc/25-06-88-102-elmwood-street-cambridge/download,2026-08-19T14:45:54-04:00
https://www.mass.gov/doc/26-04-68-old-lighthouse-road-vineyard-haven/download,2026-08-19T14:49:21-04:00
https://www.mass.gov/doc/august-19-2026-advisory-i-495-southbound-overnight-cosure-of-exit-106-onoff-ramp-industrial-avenue-ward-hill-connector/download,2026-08-19T15:10:06-04:00
https://www.mass.gov/doc/hrcms-pay-calendar-2027/download,2026-08-19T15:12:04-04:00
https://www.mass.gov/doc/all-255-all-provider-manuals-revised-appendix-t-childrens-medical-security-plan-2026-hcpcs-code-updates/download,2026-08-19T15:18:50-04:00
https://www.mass.gov/doc/healthy-incentives-program-fact-sheet-june-2026-pdf/download,2026-08-19T15:14:53-04:00
https://www.mass.gov/doc/healthy-incentives-program-fact-sheet-data-june-2026-excel/download,2026-08-19T15:16:06-04:00
https://www.mass.gov/doc/fall-multi-industry-job-fair-september-17-2026/download,2026-08-19T15:16:22-04:00
https://www.mass.gov/doc/learn-more-protective-intakes-by-citytown/download,2026-08-19T15:21:32-04:00
https://www.mass.gov/doc/mptc-police-standards-subcommittee-meeting-agenda-082526/download,2026-08-19T16:25:42-04:00
https://www.mass.gov/doc/optometry-board-meeting-minutes-6-17-2026/download,2026-08-19T16:38:07-04:00
https://www.mass.gov/doc/optometry-board-meeting-agenda-8-19-2026/download,2026-08-19T16:38:13-04:00
https://www.mass.gov/doc/benzodiazepine-commission-meeting-minutes-6232026/download,2026-08-19T16:44:14-04:00
https://www.mass.gov/doc/benzodiazepine-commission-meeting-docket-8252026/download,2026-08-19T16:43:02-04:00
https://www.mass.gov/doc/benzodiazepine-commission-meeting-agenda-8252026/download,2026-08-19T16:43:37-04:00
https://www.mass.gov/doc/alternative-supports-inc-2026/download,2026-08-19T18:21:54-04:00
https://www.mass.gov/doc/boston-higashi-school-2026/download,2026-08-19T18:22:23-04:00
https://www.mass.gov/doc/collaborative-for-regional-educational-services-and-training-2026/download,2026-08-19T18:22:53-04:00
https://www.mass.gov/doc/community-connections-inc-2026/download,2026-08-19T18:23:19-04:00
https://www.mass.gov/doc/nashoba-learning-group-inc-2026/download,2026-08-19T18:23:44-04:00
https://www.mass.gov/doc/opportunities-for-inclusion-2026/download,2026-08-19T18:24:10-04:00
https://www.mass.gov/doc/reach-2026/download,2026-08-19T18:24:39-04:00
https://www.mass.gov/new-mandate-notice/pmp-utilization-for-benzodiazepines,2026-08-19T09:29:33-04:00
https://www.mass.gov/lists/memorandum-of-understanding-mou,2026-08-19T13:44:47-04:00
https://www.mass.gov/lists/other-dor-reports,2026-08-19T10:00:40-04:00
https://www.mass.gov/lists/all-provider-transmittal-letters,2026-08-19T15:17:39-04:00
https://www.mass.gov/lists/the-prescriber-e-letter,2026-08-19T09:12:47-04:00
https://www.mass.gov/lists/annual-massachusetts-birth-reports,2026-08-19T14:34:36-04:00
https://www.mass.gov/lists/approved-firearms-rosters,2026-08-19T11:31:50-04:00
https://www.mass.gov/lists/healthy-incentives-program-fact-sheets,2026-08-19T15:27:10-04:00
https://www.mass.gov/lists/massdep-ust-owneroperator-record-keeping-guidance,2026-08-19T10:10:47-04:00
https://www.mass.gov/lists/abortion-clinic-manual-for-masshealth-providers,2026-08-19T17:35:17-04:00
https://www.mass.gov/lists/acute-inpatient-hospital-manual-for-masshealth-providers,2026-08-19T17:37:21-04:00
https://www.mass.gov/lists/masshealth-pharmacy-facts-2016-current,2026-08-19T09:15:52-04:00
https://www.mass.gov/lists/acupuncture-services-manual-for-masshealth-providers,2026-08-19T17:36:19-04:00
https://www.mass.gov/lists/archived-opioid-statistics,2026-08-19T16:59:04-04:00
https://www.mass.gov/lists/dsb-board-members-executive-director,2026-08-19T09:44:47-04:00
https://www.mass.gov/lists/2025-massachusetts-corporate-excise-tax-forms-and-instructions,2026-08-19T16:06:06-04:00
https://www.mass.gov/lists/2025-massachusetts-personal-income-tax-forms-and-instructions,2026-08-19T16:08:42-04:00
https://www.mass.gov/lists/2025-ma-fiduciary-and-partnership-tax-forms-and-instructions,2026-08-19T16:01:49-04:00
https://www.mass.gov/lists/2026-masshealth-transmittal-letters,2026-08-19T15:14:52-04:00
https://www.mass.gov/lists/general-jurisdiction-decisions-2016-to-2020,2026-08-19T18:05:49-04:00
https://www.mass.gov/lists/general-jurisdiction-decisions-2021-to-2025,2026-08-19T18:07:14-04:00
https://www.mass.gov/lists/general-jurisdiction-decisions-2026,2026-08-19T18:12:43-04:00
https://www.mass.gov/decision/dept-of-public-health-v-ghunney-william-phna-16-306,2026-08-19T19:38:06-04:00
https://www.mass.gov/decision/dept-of-public-health-v-johnson-phet-23-0575,2026-08-19T19:39:02-04:00
https://www.mass.gov/decision/dept-of-public-health-v-bowes-phna-24-0350,2026-08-19T19:36:34-04:00
https://www.mass.gov/decision/dph-v-foley-phlp-24-0560-summary-decision,2026-08-19T19:44:18-04:00
https://www.mass.gov/decision/dph-v-foley-phlp-24-0560-closing-order,2026-08-19T19:43:42-04:00
https://www.mass.gov/decision/conard-v-mtrs-cr-25-0556,2026-08-19T20:07:08-04:00
https://www.mass.gov/decision/tyson-v-mtrs-cr-24-0099,2026-08-19T20:55:53-04:00
https://www.mass.gov/decision/dph-v-mclean-phet-24-0314,2026-08-19T19:41:31-04:00
https://www.mass.gov/decision/dept-of-public-health-v-dancy-phns-24-0547,2026-08-19T19:37:11-04:00
https://www.mass.gov/decision/dph-v-lamour-clinic-et-al-ph-23-0504,2026-08-19T19:35:25-04:00
https://www.mass.gov/decision/dph-v-tagliani-phet-25-0458,2026-08-19T19:42:17-04:00
https://www.mass.gov/decision/dph-v-lawrence-phna-25-0671,2026-08-19T19:40:27-04:00
https://www.mass.gov/decision/dph-v-hairston-jackson-phnas-25-0042,2026-08-19T19:39:46-04:00
https://www.mass.gov/decision/dppc-v-hs-dppc-25-0261,2026-08-19T19:47:07-04:00
https://www.mass.gov/event/pesticide-board-subcommittee-meeting-october-15-2024-10-15-2024,2026-08-19T22:13:39-04:00
https://www.mass.gov/event/welcome-family-advisory-committee-meeting-august-10-2026-08-10-2026,2026-08-19T09:34:32-04:00
https://www.mass.gov/event/early-intervention-icc-general-round-1-september-24-2026-09-24-2026,2026-08-19T09:39:18-04:00
https://www.mass.gov/event/new-bedford-intersection-improvements-at-mount-pleasant-street-and-nash-road-08-25-2026,2026-08-19T10:15:53-04:00
https://www.mass.gov/event/meeting-of-the-massdot-public-private-partnership-p3-infrastructure-oversight-commission-08-25-2026,2026-08-19T17:06:01-04:00
https://www.mass.gov/event/meeting-of-the-massdot-public-private-partnership-p3-infrastructure-oversight-commission-08-24-2026,2026-08-19T17:03:44-04:00
https://www.mass.gov/event/mptc-august-committee-meeting-08-25-2026,2026-08-19T11:08:20-04:00
https://www.mass.gov/event/live-training-accessible-pdf-forms-09-29-2026,2026-08-19T12:23:16-04:00
https://www.mass.gov/event/live-training-data-visualization-accessibility-09-10-2026,2026-08-19T12:24:30-04:00
https://www.mass.gov/event/live-training-data-visualization-accessibility-10-08-2026,2026-08-19T12:25:16-04:00
https://www.mass.gov/event/live-training-digital-accessibility-fundamentals-09-11-2026,2026-08-19T12:41:00-04:00
https://www.mass.gov/event/southampton-william-e-norris-elementary-school-improvements-safe-routes-to-school-09-23-2026,2026-08-19T14:42:50-04:00
https://www.mass.gov/event/august-27-2026-stewardship-council-conservation-committee-meeting-08-27-2026,2026-08-19T14:27:04-04:00
https://www.mass.gov/event/live-training-digital-accessibility-leadership-awareness-09-17-2026,2026-08-19T15:13:06-04:00
https://www.mass.gov/event/live-training-excel-accessibility-09-15-2026,2026-08-19T15:16:55-04:00
https://www.mass.gov/event/live-training-excel-accessibility-10-13-2026,2026-08-19T15:16:28-04:00
https://www.mass.gov/event/live-training-making-accessible-documents-from-word-to-pdf-09-08-2026,2026-08-19T15:18:19-04:00
https://www.mass.gov/event/live-training-making-accessible-documents-from-word-to-pdf-10-06-2026,2026-08-19T15:18:56-04:00
https://www.mass.gov/event/live-training-pdf-remediation-in-acrobat-pro-09-23-2026,2026-08-19T15:20:38-04:00
https://www.mass.gov/event/live-training-powerpoint-accessibility-09-01-2026,2026-08-19T15:25:53-04:00
https://www.mass.gov/event/live-training-screen-reader-demonstration-09-16-2026,2026-08-19T15:28:15-04:00
https://www.mass.gov/event/live-training-video-accessibility-09-24-2026,2026-08-19T15:29:41-04:00
https://www.mass.gov/event/mptc-police-standards-subcommittee-open-meeting-08-25-2026,2026-08-19T16:28:55-04:00
https://www.mass.gov/forms/2026-delaney-wma-waterfowl-hunting-permit-application,2026-08-19T12:15:34-04:00
https://www.mass.gov/guides/masshealth-all-provider-manual-appendices,2026-08-19T15:46:53-04:00
https://www.mass.gov/how-to/submit-a-work-opportunity-tax-credit-wotc-request,2026-08-19T13:12:09-04:00
https://www.mass.gov/how-to/masshire-career-information-system-360-cis-360-training,2026-08-19T13:27:25-04:00
https://www.mass.gov/how-to/apply-for-or-renew-a-firearms-license,2026-08-19T12:07:21-04:00
https://www.mass.gov/how-to/apply-for-or-renew-a-dealer-club-ammunition-or-gunsmith-license,2026-08-19T12:22:46-04:00
https://www.mass.gov/how-to/file-case-documents-with-the-state-ethics-commission,2026-08-19T17:07:06-04:00
https://www.mass.gov/how-to/file-a-state-employee-disclosure-form-with-the-state-ethics-commission,2026-08-19T15:28:27-04:00
https://www.mass.gov/how-to/file-a-county-employee-disclosure-form-with-the-state-ethics-commission,2026-08-19T15:31:22-04:00
https://www.mass.gov/info-details/7d-regulation-changes-for-driver-training-and-school-pupil-vehicles,2026-08-19T10:49:50-04:00
https://www.mass.gov/info-details/don-pending-projects-and-applications,2026-08-19T10:16:18-04:00
https://www.mass.gov/info-details/grants-financial-assistance-watersheds-water-quality,2026-08-19T12:55:13-04:00
https://www.mass.gov/info-details/towing-companies-regulated-by-the-department-of-public-utilities-dpu,2026-08-19T08:11:59-04:00
https://www.mass.gov/info-details/cement-concrete-producers-approved-mix-designs,2026-08-19T14:58:22-04:00
https://www.mass.gov/info-details/massachusetts-home-heating-fuels-prices,2026-08-19T10:08:53-04:00
https://www.mass.gov/info-details/item-871-non-motorized-traffic-data-collection,2026-08-19T11:15:06-04:00
https://www.mass.gov/info-details/disciplinary-action-taken-by-the-massachusetts-board-of-registration-in-nursing,2026-08-19T10:24:34-04:00
https://www.mass.gov/info-details/cybersecurity-health-check-program,2026-08-19T13:14:29-04:00
https://www.mass.gov/info-details/volunteers-in-the-parks,2026-08-19T09:18:45-04:00
https://www.mass.gov/info-details/delaney-wma,2026-08-19T12:15:57-04:00
https://www.mass.gov/info-details/dcr-stewardship-council,2026-08-19T14:28:24-04:00
https://www.mass.gov/info-details/special-commission-on-state-institutions-statute,2026-08-19T13:12:29-04:00
https://www.mass.gov/info-details/register-your-business-with-masstaxconnect,2026-08-19T12:25:32-04:00
https://www.mass.gov/info-details/mcb-regions,2026-08-19T14:54:38-04:00
https://www.mass.gov/info-details/fee-generating-appointments-in-the-probate-and-family-court,2026-08-19T16:10:27-04:00
https://www.mass.gov/info-details/community-health-equity-initiative-resource-list,2026-08-19T17:33:43-04:00
https://www.mass.gov/info-details/about-the-survey-ches,2026-08-19T17:29:57-04:00
https://www.mass.gov/info-details/work-opportunity-tax-credit-wotc,2026-08-19T13:12:43-04:00
https://www.mass.gov/info-details/certificate-of-good-standing-from-department-of-revenue-dor,2026-08-19T13:43:34-04:00
https://www.mass.gov/info-details/nhesp-jobs-opportunities,2026-08-19T10:16:37-04:00
https://www.mass.gov/info-details/masswildlife-contract-opportunities,2026-08-19T11:01:54-04:00
https://www.mass.gov/info-details/view-upcoming-psap-training-courses,2026-08-19T12:10:20-04:00
https://www.mass.gov/info-details/supreme-judicial-court-jobs-and-internships,2026-08-19T12:30:05-04:00
https://www.mass.gov/info-details/dsb-meetings-events-and-minutes,2026-08-19T09:23:29-04:00
https://www.mass.gov/info-details/recent-mesa-decisions-permits-and-applications,2026-08-19T09:51:19-04:00
https://www.mass.gov/info-details/retirement-board-request-for-proposal-rfp-notices,2026-08-19T09:27:19-04:00
https://www.mass.gov/info-details/recent-perac-updates,2026-08-19T14:21:26-04:00
https://www.mass.gov/info-details/jobs-at-local-retirement-systems,2026-08-19T14:23:26-04:00
https://www.mass.gov/info-details/ori-employment-services,2026-08-19T10:53:14-04:00
https://www.mass.gov/info-details/refugee-case-management-rcm,2026-08-19T14:30:17-04:00
https://www.mass.gov/info-details/wotc-program-statistics,2026-08-19T13:32:08-04:00
https://www.mass.gov/info-details/ichh-membership,2026-08-19T09:39:01-04:00
https://www.mass.gov/info-details/learn-about-the-lease-program,2026-08-19T08:40:23-04:00
https://www.mass.gov/info-details/agriculture-industry-calendar,2026-08-19T09:48:40-04:00
https://www.mass.gov/info-details/refugee-cash-assistance-rca,2026-08-19T14:26:24-04:00
https://www.mass.gov/info-details/massachusetts-wic-state-plan,2026-08-19T16:49:46-04:00
https://www.mass.gov/info-details/harm-reduction-program-locator,2026-08-19T15:33:56-04:00
https://www.mass.gov/info-details/massachusetts-youth-diversion-program-mydp-0,2026-08-19T12:59:05-04:00
https://www.mass.gov/info-details/glossary-of-court-terms,2026-08-19T14:01:46-04:00
https://www.mass.gov/info-details/masshealth-mco-quality-and-equity-incentive-program-mqeip,2026-08-19T09:40:08-04:00
https://www.mass.gov/info-details/masshealth-hospital-quality-and-equity-incentive-program-hqeip,2026-08-19T09:39:49-04:00
https://www.mass.gov/info-details/learn-to-hunt-events,2026-08-19T13:35:33-04:00
https://www.mass.gov/info-details/rmv-system-atlas-training-materials,2026-08-19T10:42:38-04:00
https://www.mass.gov/info-details/school-water-improvement-grant-program,2026-08-19T12:34:28-04:00
https://www.mass.gov/info-details/item-825-rectangular-rapid-flashing-beacons,2026-08-19T11:16:37-04:00
https://www.mass.gov/info-details/access-team,2026-08-19T10:15:09-04:00
https://www.mass.gov/info-details/business-certificates-dba-in-massachusetts,2026-08-19T18:54:34-04:00
https://www.mass.gov/info-details/public-legal-notices-environmental-review-for-federally-funded-housing-projects,2026-08-19T09:08:17-04:00
https://www.mass.gov/info-details/mfa-recruit-class-calendars,2026-08-19T13:55:53-04:00
https://www.mass.gov/info-details/masshealth-aco-quality-and-equity-incentive-program-aqeip,2026-08-19T09:40:23-04:00
https://www.mass.gov/info-details/new-opinions,2026-08-19T09:43:54-04:00
https://www.mass.gov/info-details/telehealth-task-force-statute,2026-08-19T13:25:50-04:00
https://www.mass.gov/info-details/ori-community-partners-directory,2026-08-19T14:34:10-04:00
https://www.mass.gov/info-details/traffic-and-construction-updates-haverhill-methuen-bridge-replacements,2026-08-19T15:11:48-04:00
https://www.mass.gov/info-details/masshealth-managed-behavioral-health-vendor-quality-and-equity-incentive-program-mbhv-qeip,2026-08-19T09:31:30-04:00
https://www.mass.gov/info-details/olpa-how-to-reach-us,2026-08-19T08:28:36-04:00
https://www.mass.gov/info-details/category-v-list-of-parent-coordinators,2026-08-19T16:04:39-04:00
https://www.mass.gov/info-details/board-of-examiners-of-sheet-metal-workers-2026-meetings,2026-08-19T10:01:13-04:00
https://www.mass.gov/info-details/harmful-cyanobacterial-bloom-advisories-in-massachusetts,2026-08-19T07:24:58-04:00
https://www.mass.gov/info-details/massachusetts-child-sexual-abuse-prevention-advisory-council,2026-08-19T11:44:47-04:00
https://www.mass.gov/info-details/2026-mid-month-reports,2026-08-19T16:00:21-04:00
https://www.mass.gov/info-details/2026-massachusetts-constituent-experience-cx-showcase,2026-08-19T15:59:32-04:00
https://www.mass.gov/info-details/september-2026-mdcs-staff-training,2026-08-19T14:03:55-04:00
https://www.mass.gov/info-details/october-2026-mdcs-staff-training,2026-08-19T14:05:16-04:00
https://www.mass.gov/info-details/november-2026-mdcs-staff-training,2026-08-19T14:06:26-04:00
https://www.mass.gov/info-details/december-2026-mdcs-staff-training,2026-08-19T14:07:43-04:00
https://www.mass.gov/info-details/2026-correction-officer-i-examination-october,2026-08-19T12:26:37-04:00
https://www.mass.gov/info-details/supreme-judicial-court-office-of-education-and-public-programs-research-and-exhibit-curator-internship,2026-08-19T12:20:42-04:00
https://www.mass.gov/info-details/2026-statewide-deputy-district-fire-chief-examination,2026-08-19T08:14:10-04:00
https://www.mass.gov/info-details/message-text-june-2026,2026-08-19T13:19:23-04:00
https://www.mass.gov/info-details/peer-support-specialist-careers,2026-08-19T10:28:51-04:00
https://www.mass.gov/info-details/community-health-worker,2026-08-19T10:31:36-04:00
https://www.mass.gov/info-details/municipal-animal-inspectors-in-massachusetts,2026-08-19T12:55:17-04:00
https://www.mass.gov/info-details/appellate-tax-board-motions,2026-08-19T21:02:07-04:00
https://www.mass.gov/info-details/masshealth-primary-care-sub-capitation-program-impact,2026-08-19T13:21:58-04:00
https://www.mass.gov/info-details/irap-overview-and-application-quick-reference,2026-08-19T08:43:01-04:00
https://www.mass.gov/info-details/model-clean-energy-bylaws,2026-08-19T15:17:21-04:00
https://www.mass.gov/info-details/draft-hot-work-requirements,2026-08-19T07:19:55-04:00
https://www.mass.gov/info-details/hampden-county-regional-retirement-board-request-for-proposal,2026-08-19T09:22:18-04:00
https://www.mass.gov/info-details/job-posting-massachusetts-teachers-retirement-board-0,2026-08-19T14:01:36-04:00
https://www.mass.gov/info-details/job-posting-massachusetts-teachers-retirement-board-1,2026-08-19T14:15:43-04:00
https://www.mass.gov/news/august-eec-newsletter,2026-08-19T15:16:16-04:00
https://www.mass.gov/news/governor-healey-signs-legislation-strengthening-abortion-protections-in-massachusetts,2026-08-19T09:47:07-04:00
https://www.mass.gov/news/boletin-de-la-eec-de-agosto-de-2026,2026-08-19T15:17:53-04:00
https://www.mass.gov/news/boletim-informativo-eec-de-agosto-de-2026,2026-08-19T15:19:29-04:00
https://www.mass.gov/news/eec-2026nian8yuetongxun,2026-08-19T15:16:37-04:00
https://www.mass.gov/news/bilten-eec-out-2026,2026-08-19T15:20:43-04:00
https://www.mass.gov/news/massachusetts-250-commemorative-plate-becomes-most-popular-specialty-plate-in-state-history,2026-08-19T11:30:56-04:00
https://www.mass.gov/news/governor-healey-new-england-governors-sound-alarm-over-proposed-energy-merger,2026-08-19T11:12:41-04:00
https://www.mass.gov/news/governor-healey-partners-with-project-bread-to-provide-free-meals-in-child-care-and-afterschool-programs,2026-08-19T12:09:12-04:00
https://www.mass.gov/news/massachusetts-launches-flat-is-back-campaign-to-promote-local-flounder,2026-08-19T12:21:10-04:00
https://www.mass.gov/news/healey-driscoll-administration-to-host-new-england-governors-nuclear-energy-summit,2026-08-19T16:04:23-04:00
https://www.mass.gov/news/state-public-health-officials-announce-seasons-first-eee-positive-mosquito-samples-1,2026-08-19T16:27:12-04:00
https://www.mass.gov/orgs/executive-office-of-housing-and-livable-communities,2026-08-19T12:04:46-04:00
https://www.mass.gov/orgs/governors-council-to-address-sexual-assault-domestic-violence-and-human-trafficking,2026-08-19T12:38:14-04:00
https://www.mass.gov/orgs/bristol-county-mosquito-control-project,2026-08-19T14:19:28-04:00
https://www.mass.gov/orgs/interagency-council-on-housing-and-homelessness,2026-08-19T09:40:35-04:00
https://www.mass.gov/orgs/welcome-family-advisory-committee,2026-08-19T09:36:35-04:00
https://www.mass.gov/hr-for-state-employees,2026-08-19T15:30:32-04:00
https://www.mass.gov/eohhs-including-masshealth-public-records,2026-08-19T11:30:31-04:00
https://www.mass.gov/open-meeting-law-advisory-commission,2026-08-19T14:26:38-04:00
https://www.mass.gov/industrial-rail-access-program,2026-08-19T08:42:26-04:00
https://www.mass.gov/school-based-health-centers-here-for-the-kids,2026-08-19T09:29:18-04:00
https://www.mass.gov/child-youth-violence-prevention-unit,2026-08-19T11:50:49-04:00
https://www.mass.gov/poison-prevention,2026-08-19T11:28:47-04:00
https://www.mass.gov/equitable-approaches-to-public-safety,2026-08-19T11:51:45-04:00
https://www.mass.gov/personal-care-attendant-working-group,2026-08-19T10:04:15-04:00
https://www.mass.gov/protecting-people-from-ice,2026-08-19T10:20:47-04:00
