URL,Last Modified
https://www.mass.gov/doc/archive-boccjune72012meetingminutesdoc/download,2026-08-25T15:42:26-04:00
https://www.mass.gov/doc/archive-board-of-elevator-regulations-august-23-2016-notice/download,2026-08-25T15:01:13-04:00
https://www.mass.gov/doc/archive-boccoctober32012meetingminutesdoc/download,2026-08-25T22:31:37-04:00
https://www.mass.gov/doc/archive-boccmeetingagendasep711doc/download,2026-08-25T22:28:20-04:00
https://www.mass.gov/doc/archive-boccjune42014noticeofmeetingdoc/download,2026-08-25T15:40:41-04:00
https://www.mass.gov/doc/archive-board-of-elevator-regulations-agenda-january-7-2016/download,2026-08-25T14:59:20-04:00
https://www.mass.gov/doc/archive-engmeetingminutesboadofboilerrulesjul09/download,2026-08-25T23:07:35-04:00
https://www.mass.gov/doc/archive-boilerminutesfeb0713/download,2026-08-25T22:37:28-04:00
https://www.mass.gov/doc/archive-boilerminutesjan0313/download,2026-08-25T22:38:00-04:00
https://www.mass.gov/doc/archive-boilerminutesmay0312/download,2026-08-25T22:44:03-04:00
https://www.mass.gov/doc/archive-boilerminutesmar0713/download,2026-08-25T22:40:28-04:00
https://www.mass.gov/doc/archive-eng-bureau-minutes-jan-21-2015/download,2026-08-25T23:37:48-04:00
https://www.mass.gov/doc/archive-engmeetingminutesboadofboilerrulesnov11/download,2026-08-25T23:32:31-04:00
https://www.mass.gov/doc/cl161aackpdf/download,2026-08-25T19:22:13-04:00
https://www.mass.gov/doc/archive-boccseptember42013agenda-v1doc/download,2026-08-25T22:34:42-04:00
https://www.mass.gov/doc/archive-boccoctober82013agendadoc/download,2026-08-25T22:33:03-04:00
https://www.mass.gov/doc/archive-boccmar52014noticeofmeeting-rev1doc/download,2026-08-25T15:43:01-04:00
https://www.mass.gov/doc/archive-boccseptember42013meetingminutespdf/download,2026-08-25T22:35:15-04:00
https://www.mass.gov/doc/archive-eng-tramway-notice-oct-30-15/download,2026-08-25T23:43:46-04:00
https://www.mass.gov/doc/archive-bureauminutesjun1913/download,2026-08-25T22:55:20-04:00
https://www.mass.gov/doc/archive-board-of-elevator-regulations-august-23-2016-agenda/download,2026-08-25T15:00:41-04:00
https://www.mass.gov/doc/archive-boccjune72012agenda-rev-1doc/download,2026-08-25T15:41:50-04:00
https://www.mass.gov/doc/archive-boccsept52012meetingminutesdoc/download,2026-08-25T22:33:35-04:00
https://www.mass.gov/doc/archive-boccoctober72014meetingminutes-for-members/download,2026-08-25T22:32:27-04:00
https://www.mass.gov/doc/archive-boccseptember52012agendadoc/download,2026-08-25T22:35:45-04:00
https://www.mass.gov/doc/archive-boccmeetingagendafeb911doc/download,2026-08-25T15:52:06-04:00
https://www.mass.gov/doc/archive-boccfebruary52014agendapdf/download,2026-08-25T15:35:40-04:00
https://www.mass.gov/doc/archive-bureauminutesaug0613/download,2026-08-25T22:51:26-04:00
https://www.mass.gov/doc/archive-boccdecember72011meetingminutesdoc/download,2026-08-25T15:34:36-04:00
https://www.mass.gov/doc/archive-bureauminutesfeb2013/download,2026-08-25T22:52:31-04:00
https://www.mass.gov/doc/archive-boccjuly112012agendadoc/download,2026-08-25T15:38:59-04:00
https://www.mass.gov/doc/archive-eng-bureau-minutes-mar-18-2015/download,2026-08-25T23:38:27-04:00
https://www.mass.gov/doc/archive-boccmarch72012meetingminutesdoc/download,2026-08-25T15:44:47-04:00
https://www.mass.gov/doc/archive-engmeetingminutesboadofboilerrulessep09/download,2026-08-25T23:33:10-04:00
https://www.mass.gov/doc/archive-boilerminutesnov0112/download,2026-08-25T22:44:34-04:00
https://www.mass.gov/doc/archive-boilerminutesmar1512/download,2026-08-25T22:40:58-04:00
https://www.mass.gov/doc/archive-flrb-meeting-minutes-august-2015/download,2026-08-25T23:48:48-04:00
https://www.mass.gov/doc/archive-flrb-meeting-minutes-may-2014/download,2026-08-25T23:59:58-04:00
https://www.mass.gov/doc/archive-boccmeetingagendadec110doc/download,2026-08-25T15:47:22-04:00
https://www.mass.gov/doc/archive-engmeetingminutesboadofboilerrulesmay10/download,2026-08-25T23:30:57-04:00
https://www.mass.gov/doc/archive-boccfebruary62013agendadoc/download,2026-08-25T15:36:13-04:00
https://www.mass.gov/doc/archive-bureauminutesnov2013/download,2026-08-25T22:57:51-04:00
https://www.mass.gov/doc/archive-bureauminutesjun1511/download,2026-08-25T22:54:45-04:00
https://www.mass.gov/doc/archive-bureauminutesfeb2713/download,2026-08-25T22:53:09-04:00
https://www.mass.gov/doc/archive-boccjanuary92013agendadoc/download,2026-08-25T15:38:26-04:00
https://www.mass.gov/doc/archive-boccjuly112012meetingminutesdoc/download,2026-08-25T15:39:29-04:00
https://www.mass.gov/doc/archive-boccapril32013meetingminutespdf/download,2026-08-25T15:26:43-04:00
https://www.mass.gov/doc/archive-bureauminutesapr1713/download,2026-08-25T22:46:04-04:00
https://www.mass.gov/doc/archive-boccdecember112013agendadoc/download,2026-08-25T15:30:42-04:00
https://www.mass.gov/doc/archive-boccmeetingagendanov022011doc/download,2026-08-25T22:27:08-04:00
https://www.mass.gov/doc/archive-board-of-elevator-examiners-minutes-august-3-2016/download,2026-08-25T14:58:15-04:00
https://www.mass.gov/doc/archive-eng-bureau-minutes-apr-01-2015/download,2026-08-25T23:36:13-04:00
https://www.mass.gov/doc/archive-buildingsnoticefpfpmar1814/download,2026-08-25T22:45:33-04:00
https://www.mass.gov/doc/archive-boilerminutesjun0613/download,2026-08-25T22:39:31-04:00
https://www.mass.gov/doc/archive-click-here-for-the-most-recent-bfpr-public-meeting-notice/download,2026-08-25T23:03:00-04:00
https://www.mass.gov/doc/archive-boccjuly22014noticeofmeetingagendapdf/download,2026-08-25T15:40:00-04:00
https://www.mass.gov/doc/archive-eng-bureau-minutes-oct-31-2014/download,2026-08-25T23:40:09-04:00
https://www.mass.gov/doc/archive-c34ac-minutes-november-5-2014-approved-december-3-2014-0/download,2026-08-25T23:00:43-04:00
https://www.mass.gov/doc/rfr-required-specifications-for-commodities-and-services/download,2026-08-25T12:06:09-04:00
https://www.mass.gov/doc/archive-flrb-meeting-minutes-february-2016/download,2026-08-25T23:55:48-04:00
https://www.mass.gov/doc/archive-flrb-meeting-minutes-june-2015/download,2026-08-25T23:56:23-04:00
https://www.mass.gov/doc/archive-boccjune52013agendadoc/download,2026-08-25T15:41:13-04:00
https://www.mass.gov/doc/archive-boccdecember112013meetingminutespdf/download,2026-08-25T15:31:16-04:00
https://www.mass.gov/doc/archive-flrb-meeting-minutes-april-2016/download,2026-08-25T23:47:40-04:00
https://www.mass.gov/doc/archive-boccapril42012agendadoc/download,2026-08-25T15:27:24-04:00
https://www.mass.gov/doc/archive-boccapril22014meetingminutesnew-2pdf/download,2026-08-25T15:26:00-04:00
https://www.mass.gov/doc/archive-boccapril42012meetingminutesdoc/download,2026-08-25T15:28:05-04:00
https://www.mass.gov/doc/archive-boccmeetingagendafeb211doc/download,2026-08-25T15:47:55-04:00
https://www.mass.gov/doc/archive-board-of-elevator-examiners-notice-february-3-2016/download,2026-08-25T14:58:47-04:00
https://www.mass.gov/doc/archive-boccapr22014noticeofmeeting-rev-1doc/download,2026-08-25T15:19:10-04:00
https://www.mass.gov/doc/archive-eng-bureau-minutes-apr-15-2015/download,2026-08-25T23:36:46-04:00
https://www.mass.gov/doc/archive-flrb-meeting-minutes-august-2016/download,2026-08-25T23:49:22-04:00
https://www.mass.gov/doc/archive-boilerminutesjul0913/download,2026-08-25T22:39:01-04:00
https://www.mass.gov/doc/archive-eng-bureau-notice-mar-18-20152/download,2026-08-25T23:42:43-04:00
https://www.mass.gov/doc/archive-boilerminutesjun0712/download,2026-08-25T22:40:00-04:00
https://www.mass.gov/doc/archive-bureauminutesoct1613/download,2026-08-25T22:58:30-04:00
https://www.mass.gov/doc/archive-boccmeetingminutesjan511doc/download,2026-08-25T22:28:50-04:00
https://www.mass.gov/doc/archive-eng-bureau-minutes-jan-15-2014/download,2026-08-25T23:37:18-04:00
https://www.mass.gov/doc/archive-bureauminutesmar2112/download,2026-08-25T22:55:48-04:00
https://www.mass.gov/doc/archive-bureauminutessep1813/download,2026-08-25T22:59:02-04:00
https://www.mass.gov/doc/archive-bureauminutesapr2612/download,2026-08-25T22:50:52-04:00
https://www.mass.gov/doc/archive-boccdecember52012agendadoc/download,2026-08-25T15:31:51-04:00
https://www.mass.gov/doc/minimum-recommended-department-rfr-template/download,2026-08-25T12:07:46-04:00
https://www.mass.gov/doc/archive-eng-bureau-minutes-mar-19-2014/download,2026-08-25T23:39:01-04:00
https://www.mass.gov/doc/archive-boccfebruary12012agendadoc/download,2026-08-25T15:35:10-04:00
https://www.mass.gov/doc/archive-boccmarch72012agendadoc/download,2026-08-25T15:44:12-04:00
https://www.mass.gov/doc/archive-c34ac-minutes-november-5-2014-approved-december-3-2014/download,2026-08-25T23:00:07-04:00
https://www.mass.gov/doc/archive-boccaugust72013meetingminutespdf/download,2026-08-25T15:29:55-04:00
https://www.mass.gov/doc/archive-eng-board-minutes-jan-23-2014/download,2026-08-25T23:34:34-04:00
https://www.mass.gov/doc/archive-flrb-meeting-minutes-december-2016/download,2026-08-25T23:55:18-04:00
https://www.mass.gov/doc/archive-board-of-elevator-regulations-meeting-notice-january-7-2016/download,2026-08-25T15:02:18-04:00
https://www.mass.gov/doc/archive-board-of-elevator-appeals-agenda-january-7-2016/download,2026-08-25T14:57:31-04:00
https://www.mass.gov/doc/archive-eng-bureau-notice-feb-18-2015/download,2026-08-25T23:42:05-04:00
https://www.mass.gov/doc/archive-bocc-november72012meetingminutesdoc/download,2026-08-25T15:18:08-04:00
https://www.mass.gov/doc/archive-boccjanuary72015meetingminutes/download,2026-08-25T15:37:18-04:00
https://www.mass.gov/doc/archive-bureauminutesmay1612/download,2026-08-25T22:56:50-04:00
https://www.mass.gov/doc/archive-board-of-elevator-regulations-september-27-2016-minutes/download,2026-08-25T15:16:25-04:00
https://www.mass.gov/doc/archive-boccmarch62013agenda/download,2026-08-25T15:43:38-04:00
https://www.mass.gov/doc/archive-boccaugust72013agendarev1doc/download,2026-08-25T15:29:21-04:00
https://www.mass.gov/doc/archive-board-of-elevator-regulations-minutes-january-19-2016/download,2026-08-25T15:15:41-04:00
https://www.mass.gov/doc/archive-board-of-elevator-regulations-august-2-2016-minutes/download,2026-08-25T14:59:56-04:00
https://www.mass.gov/doc/archive-bureauminutesjul1713/download,2026-08-25T22:54:15-04:00
https://www.mass.gov/doc/cl61ackpdf/download,2026-08-25T19:24:04-04:00
https://www.mass.gov/doc/archive-boccmay82013meetingminutesdoc/download,2026-08-25T15:46:48-04:00
https://www.mass.gov/doc/archive-boccmay82012meetingminutesdoc/download,2026-08-25T15:45:54-04:00
https://www.mass.gov/doc/archive-boccjanuary82014meetingminutespdf/download,2026-08-25T15:37:51-04:00
https://www.mass.gov/doc/archive-boccmeetingnoticenov310doc/download,2026-08-25T22:29:50-04:00
https://www.mass.gov/doc/archive-boilerminutesjan0512/download,2026-08-25T22:38:30-04:00
https://www.mass.gov/doc/archive-bocc-march52014meetingminutes-newpdf/download,2026-08-25T15:17:24-04:00
https://www.mass.gov/doc/archive-flrb-meeting-minutes-march-2016/download,2026-08-25T23:57:24-04:00
https://www.mass.gov/doc/archive-engmeetingminutesboadofboilerrulesmay11/download,2026-08-25T23:31:27-04:00
https://www.mass.gov/doc/archive-engmeetingminutesboadofboilerrulesnov10/download,2026-08-25T23:31:58-04:00
https://www.mass.gov/doc/archive-boilerminutessep0612/download,2026-08-25T22:45:02-04:00
https://www.mass.gov/doc/archive-february12012meetingminutesdoc/download,2026-08-25T23:46:37-04:00
https://www.mass.gov/doc/archive-boilerminutesmay0213/download,2026-08-25T22:43:30-04:00
https://www.mass.gov/doc/archive-engmeetingminutesboadofboilerrulessep11/download,2026-08-25T23:33:45-04:00
https://www.mass.gov/doc/archive-boccnovember72012agendadoc/download,2026-08-25T22:30:23-04:00
https://www.mass.gov/doc/archive-bureauminutesmar2713/download,2026-08-25T22:56:19-04:00
https://www.mass.gov/doc/archive-c34ac-minutes-october-1-2014-approved-october-16-2014/download,2026-08-25T23:01:17-04:00
https://www.mass.gov/doc/archive-bureauminutesjan1812/download,2026-08-25T22:53:43-04:00
https://www.mass.gov/doc/archive-eng-bureau-notice-may-20-20152/download,2026-08-25T23:43:16-04:00
https://www.mass.gov/doc/archive-bureauminutesaug2213/download,2026-08-25T22:52:00-04:00
https://www.mass.gov/doc/archive-boccoctober32012agendadoc/download,2026-08-25T22:31:06-04:00
https://www.mass.gov/doc/archive-boccmeetingagendanov310doc/download,2026-08-25T22:27:48-04:00
https://www.mass.gov/doc/archive-boccmay82012agendadoc/download,2026-08-25T15:45:18-04:00
https://www.mass.gov/doc/blue-hills-regional-retirement-board-audit-report-follow-up-letter-1117-123120/download,2026-08-25T11:58:26-04:00
https://www.mass.gov/doc/archive-boccjanuary42012agendadoc/download,2026-08-25T15:36:46-04:00
https://www.mass.gov/doc/archive-c34ac-minutes-october-16-2014-approved-november-5-2014/download,2026-08-25T23:01:51-04:00
https://www.mass.gov/doc/archive-bureauminutessep2111/download,2026-08-25T22:59:32-04:00
https://www.mass.gov/doc/archive-bureauminutesmay1811/download,2026-08-25T22:57:19-04:00
https://www.mass.gov/doc/instrument-of-taking-gl-c-60-ss-53-and-54-state-tax-form-301/download,2026-08-25T19:20:49-04:00
https://www.mass.gov/doc/archive-crrb-meeting-minutes-january-2017/download,2026-08-25T23:06:32-04:00
https://www.mass.gov/doc/archive-eng-bureau-notice-change-mar-15-to-mar-22-2017/download,2026-08-25T23:41:31-04:00
https://www.mass.gov/doc/archive-flrb-meeting-minutes-march-2017/download,2026-08-25T23:57:52-04:00
https://www.mass.gov/doc/archive-commission-meeting-minutes-6-2-17/download,2026-08-25T23:04:19-04:00
https://www.mass.gov/doc/archive-cancelled-gcab-open-meeting-notice-6-9-17/download,2026-08-25T23:02:24-04:00
https://www.mass.gov/doc/archive-crrb-meeting-minutes-august-2016/download,2026-08-25T23:05:29-04:00
https://www.mass.gov/doc/archive-flrb-meeting-minutes-june-2017/download,2026-08-25T23:56:54-04:00
https://www.mass.gov/doc/archive-executive-level-trcc-meeting-notice-6-1-17/download,2026-08-25T23:44:17-04:00
https://www.mass.gov/doc/archive-crrb-meeting-minutes-january-2016/download,2026-08-25T23:05:59-04:00
https://www.mass.gov/doc/archive-crrb-meeting-minutes-april-2016/download,2026-08-25T23:04:56-04:00
https://www.mass.gov/doc/archive-crrb-meeting-minutes-october-2016/download,2026-08-25T23:07:06-04:00
https://www.mass.gov/doc/archive-flrb-meeting-minutes-april-2017/download,2026-08-25T23:48:15-04:00
https://www.mass.gov/doc/servicemember-cases/download,2026-08-25T08:40:14-04:00
https://www.mass.gov/doc/tax-lien-cases/download,2026-08-25T08:41:02-04:00
https://www.mass.gov/doc/fp-026-application-for-certificate-of-competency-for-cleaninginspecting-commercial-cooking-operations/download,2026-08-25T15:32:43-04:00
https://www.mass.gov/doc/quabbin-boat-seal-cold-weather-quarantine-schedule/download,2026-08-25T10:57:19-04:00
https://www.mass.gov/doc/savvy-senior-booklet-2023/download,2026-08-25T13:25:24-04:00
https://www.mass.gov/doc/archive-february-5-2020-draft-wtrcc-meeting-minutes-and-select-meeting-materials/download,2026-08-25T23:45:28-04:00
https://www.mass.gov/doc/community-preservation-act-notification-of-acceptance/download,2026-08-25T19:18:05-04:00
https://www.mass.gov/doc/archive-february-2020-meeting-minutes/download,2026-08-25T23:44:50-04:00
https://www.mass.gov/doc/miscellaneous-cases/download,2026-08-25T08:41:24-04:00
https://www.mass.gov/doc/archive-coc-subcommittee-111320/download,2026-08-25T23:03:33-04:00
https://www.mass.gov/doc/archive-body-worn-camera-task-force-agenda-09282021/download,2026-08-25T22:36:14-04:00
https://www.mass.gov/doc/archive-body-worn-camera-task-force-agenda-10122021/download,2026-08-25T22:36:46-04:00
https://www.mass.gov/doc/quabbin-visitor-center-events/download,2026-08-25T10:43:16-04:00
https://www.mass.gov/doc/archive-firearmsapplications2006-2021/download,2026-08-25T23:47:07-04:00
https://www.mass.gov/doc/dcs-policy-04-111v3-fy22-taa-allocations/download,2026-08-25T13:57:51-04:00
https://www.mass.gov/doc/dcs-jpp-01-2023b-department-of-transitional-assistance-dta/download,2026-08-25T13:57:51-04:00
https://www.mass.gov/doc/dcs-policy-08-126-workforce-system-change-notification/download,2026-08-25T13:57:51-04:00
https://www.mass.gov/doc/dcs-policy-20-117-fy22-resea-additional-funds-and-performance-allocations/download,2026-08-25T13:57:51-04:00
https://www.mass.gov/doc/dcs-policy-04-112-wioa-local-4-year-plan-modification-guidance-fy22-25/download,2026-08-25T13:57:51-04:00
https://www.mass.gov/doc/moses-101-exercises-uat-2026-d/download,2026-08-25T13:57:51-04:00
https://www.mass.gov/doc/dcs-policy-18-114-poverty-guidelines-lower-living-standard-income-levels-2023/download,2026-08-25T13:57:51-04:00
https://www.mass.gov/doc/list-of-suspended-or-excluded-masshealth-providers-7312026-0/download,2026-08-25T09:19:08-04:00
https://www.mass.gov/doc/list-of-suspended-or-excluded-masshealth-providers-7312026/download,2026-08-25T09:15:00-04:00
https://www.mass.gov/doc/north-central-ma-wkfc-board-inc-fy24-pv/download,2026-08-25T13:57:51-04:00
https://www.mass.gov/doc/metro-south-west-workfore-board-fy24-pv/download,2026-08-25T13:57:51-04:00
https://www.mass.gov/doc/metro-north-regional-employment-board-fy24-pv/download,2026-08-25T14:03:05-04:00
https://www.mass.gov/doc/masshire-hampden-county-workforce-bd-inc-fy24-pv/download,2026-08-25T14:03:05-04:00
https://www.mass.gov/doc/masshire-gr-n-bedford-wkfc-bd-fy24-pv/download,2026-08-25T14:03:05-04:00
https://www.mass.gov/doc/massachusetts-regional-employment-board-inc-fy24-pv/download,2026-08-25T13:57:51-04:00
https://www.mass.gov/doc/job-training-employment-corp-fy24-pv/download,2026-08-25T14:03:05-04:00
https://www.mass.gov/doc/franklin-hampshire-employment-training-consortium-fy24-pv/download,2026-08-25T14:03:05-04:00
https://www.mass.gov/doc/economic-development-and-industrial-corp-fy24-pv/download,2026-08-25T13:57:51-04:00
https://www.mass.gov/doc/city-of-worcester-fy24-pv/download,2026-08-25T13:57:51-04:00
https://www.mass.gov/doc/city-of-salem-fy24-pv/download,2026-08-25T13:57:51-04:00
https://www.mass.gov/doc/city-of-quincy-fy24-pv/download,2026-08-25T13:57:51-04:00
https://www.mass.gov/doc/city-of-lowell-fy24-pv/download,2026-08-25T13:57:51-04:00
https://www.mass.gov/doc/city-of-lawrence-fy24-pv/download,2026-08-25T13:57:51-04:00
https://www.mass.gov/doc/city-of-fall-river-fy24-pv/download,2026-08-25T13:57:51-04:00
https://www.mass.gov/doc/cape-islands-workforce-development-board-inc-fy24-pv/download,2026-08-25T14:03:05-04:00
https://www.mass.gov/doc/brockton-area-workforce-investment-fy24-pv/download,2026-08-25T13:57:51-04:00
https://www.mass.gov/doc/berkshire-training-and-employment-inc-fy24-pv/download,2026-08-25T13:57:51-04:00
https://www.mass.gov/doc/dcs-policy-23-100-3-reemployment-services-and-eligibility-assessment-resea-policy-and-procedures-manual-updated/download,2026-08-25T13:57:51-04:00
https://www.mass.gov/doc/workforce-university-resource-map-revised/download,2026-08-25T13:57:51-04:00
https://www.mass.gov/doc/dcs-policy-04-111u4-cy23-resea-allocations/download,2026-08-25T13:57:51-04:00
https://www.mass.gov/doc/mdcs-november-2023-training-calendar/download,2026-08-25T14:03:47-04:00
https://www.mass.gov/doc/mdcs-december-2023-training-calendar/download,2026-08-25T14:03:47-04:00
https://www.mass.gov/doc/dcs-policy-04-113-local-annual-plan-guidance-fiscal-year-2024/download,2026-08-25T13:57:51-04:00
https://www.mass.gov/doc/dcs-policy-04-113a-fy24-local-annual-plan-checklist/download,2026-08-25T13:57:51-04:00
https://www.mass.gov/doc/dcs-policy-04-113c-notification-of-local-workforce-system-changes-form/download,2026-08-25T13:57:51-04:00
https://www.mass.gov/doc/dcs-policy-04-113d-masshire-career-center-hours-of-operation-form/download,2026-08-25T13:57:51-04:00
https://www.mass.gov/doc/dcs-policy-04-113f-local-annual-plan-signatories-form/download,2026-08-25T13:57:51-04:00
https://www.mass.gov/doc/dcs-policy-04-113g-financial-modification-authorization-form/download,2026-08-25T13:57:51-04:00
https://www.mass.gov/doc/dcs-policy-04-113i-program-summary-charts-s-and-1-4/download,2026-08-25T13:57:51-04:00
https://www.mass.gov/doc/dcs-policy-04-113j-integrated-budget-and-narrative-template/download,2026-08-25T13:57:51-04:00
https://www.mass.gov/doc/dcs-policy-04-113m1-fy24-wioa-performance-goals-request-form/download,2026-08-25T13:57:51-04:00
https://www.mass.gov/doc/dcs-policy-04-113n-state-one-stop-allocations/download,2026-08-25T13:57:51-04:00
https://www.mass.gov/doc/dcs-policy-04-113o-title-i-allocations-adult-dw-youth-includes-charts-1-7/download,2026-08-25T13:57:51-04:00
https://www.mass.gov/doc/dcs-policy-04-113q-wagner-peyser-90-and-10-allocations-includes-charts-1-3/download,2026-08-25T13:57:51-04:00
https://www.mass.gov/doc/dcs-policy-04-113u1-cy2021-resea-allocations-wperformance-awards-end-date-revised-08-2022/download,2026-08-25T13:57:51-04:00
https://www.mass.gov/doc/dcs-policy-04-113u3-cy2023-resea-allocations/download,2026-08-25T13:57:51-04:00
https://www.mass.gov/doc/dcs-policy-04-113v1-fy21-taa-allocations/download,2026-08-25T13:57:51-04:00
https://www.mass.gov/doc/dcs-policy-04-113v2-fy22-taa-allocations-updated-january-2023/download,2026-08-25T13:57:51-04:00
https://www.mass.gov/doc/dcs-policy-04-113w-masshire-career-center-telephone-service/download,2026-08-25T13:57:51-04:00
https://www.mass.gov/doc/dcs-policy-04-1132a-fy23-fy24-wpp-expansion-program-allocations/download,2026-08-25T13:57:51-04:00
https://www.mass.gov/doc/dcs-info-02-154a-employer-services-definitions/download,2026-08-25T14:03:47-04:00
https://www.mass.gov/doc/cis-360-adult-presentation-2026-corrections/download,2026-08-25T13:57:51-04:00
https://www.mass.gov/doc/bsas-penal-facility-complaint-form-0/download,2026-08-25T07:10:09-04:00
https://www.mass.gov/doc/bsas-spanish-penal-facility-complaint-form/download,2026-08-25T07:07:57-04:00
https://www.mass.gov/doc/how-to-apply-for-family-leave-directly-from-medical-leave/download,2026-08-25T13:57:26-04:00
https://www.mass.gov/doc/cori-esl-friendly-employers/download,2026-08-25T14:03:47-04:00
https://www.mass.gov/doc/immigrant-activity/download,2026-08-25T14:03:47-04:00
https://www.mass.gov/doc/dcs-info-09-132k-tab10-labor-exchange-vets-resea-performance-summary/download,2026-08-25T14:03:47-04:00
https://www.mass.gov/doc/dcs-info-09-132l-tab11-title-i-performance/download,2026-08-25T14:03:47-04:00
https://www.mass.gov/doc/dcs-info-09-132m-tab12-trade-performance-summary/download,2026-08-25T14:03:47-04:00
https://www.mass.gov/doc/dcs-info-09-132n-tab13-performance-cohorts/download,2026-08-25T14:03:47-04:00
https://www.mass.gov/doc/program-year-2019-ma-wioa-annual-report-01-01-2021/download,2026-08-25T14:03:47-04:00
https://www.mass.gov/doc/ma-py2020-wioa-annual-report-01-01-22-ada-compliant-final-12-29-21/download,2026-08-25T14:03:47-04:00
https://www.mass.gov/doc/ma-py2021-wioa-annual-report-december-2022-508-tagged-final-122922/download,2026-08-25T14:03:05-04:00
https://www.mass.gov/doc/dcs-info-25-257-funding-opportunity-innovative-technology-experiences-for-students-and-teachers-resource-center/download,2026-08-25T14:03:47-04:00
https://www.mass.gov/doc/complaint-system-poster-us-dol-approved-spanish/download,2026-08-25T13:57:51-04:00
https://www.mass.gov/doc/dcs-policy-08-102-1-wioa-title-i-follow-up-services-for-adults-dislocated-workers-and-youth/download,2026-08-25T14:03:47-04:00
https://www.mass.gov/doc/dcs-policy-08-112-3-career-planning-requirements-for-wioa-youth-adult-and-dislocated-worker-customers/download,2026-08-25T14:03:47-04:00
https://www.mass.gov/doc/dcs-policy-08-112-3a-career-planning-elements/download,2026-08-25T14:03:47-04:00
https://www.mass.gov/doc/dcs-policy-08-112-3b-instructions-for-documenting-youth-iss-sections-in-moses/download,2026-08-25T14:03:47-04:00
https://www.mass.gov/doc/masshire-etpl-q-a-august-2023-drop-in-sessions/download,2026-08-25T14:03:47-04:00
https://www.mass.gov/doc/fy24-berkshire-training-budget-7/download,2026-08-25T14:03:47-04:00
https://www.mass.gov/doc/moses-mini-clinic-msg-lifecycle-2024/download,2026-08-25T14:03:47-04:00
https://www.mass.gov/doc/dcs-policy-10-109-data-element-validation-for-fy-2024/download,2026-08-25T13:57:51-04:00
https://www.mass.gov/doc/fy24-city-of-quincy-budget-5/download,2026-08-25T14:03:47-04:00
https://www.mass.gov/doc/dcs-policy-14-103-incumbent-worker-training/download,2026-08-25T14:03:47-04:00
https://www.mass.gov/doc/dcs-info-15-130-historic-legislative-package-for-veterans-in-massachusetts/download,2026-08-25T14:03:47-04:00
https://www.mass.gov/doc/dcs-info-15-130a-press-release-historic-legislative-package-for-veterans-in-massachusetts/download,2026-08-25T14:03:47-04:00
https://www.mass.gov/doc/dcs-info-05-190-new-988-lifeline-awareness-videos-available/download,2026-08-25T14:03:47-04:00
https://www.mass.gov/doc/cis-360-adult-presentation-2024-google-translate/download,2026-08-25T14:03:47-04:00
https://www.mass.gov/doc/dcs-policy-36-100-1-media-press-policy/download,2026-08-25T14:03:47-04:00
https://www.mass.gov/doc/dcs-policy-10-110-masshire-department-of-career-services-field-management-and-oversight-fiscal-year-2024-monitoring-review-of-the-masshire-workforce-boards/download,2026-08-25T13:57:51-04:00
https://www.mass.gov/doc/dcs-policy-17-109-masshire-fy24-workforce-board-career-center-oversight-and-monitoring-requirements/download,2026-08-25T13:57:51-04:00
https://www.mass.gov/doc/dcs-policy-17-110-career-center-certification-for-masshire-workforce-boards/download,2026-08-25T14:03:47-04:00
https://www.mass.gov/doc/dcs-policy-17-110a-one-stop-career-center-certification-standards-review-tool/download,2026-08-25T14:03:47-04:00
https://www.mass.gov/doc/dcs-policy-17-110b-career-center-certification-optional-suggestions/download,2026-08-25T14:03:47-04:00
https://www.mass.gov/doc/dcs-policy-17-110c-career-center-certification-sign-off-form/download,2026-08-25T14:03:47-04:00
https://www.mass.gov/doc/public-agenda-draft-masshire-workforce-board-11-30-2023/download,2026-08-25T14:03:47-04:00
https://www.mass.gov/doc/dcs-info-25-258-funding-opportunity-2023-bidders-conference-for-the-homeless-veterans-reintegration-program-hvrp/download,2026-08-25T14:03:47-04:00
https://www.mass.gov/doc/dcs-info-14-544-careeronestop-tool-for-youth-workforcegps-webinar/download,2026-08-25T14:03:47-04:00
https://www.mass.gov/doc/dcs-info-14-545-exploring-evidence-and-practice-in-providing-equitable-job-training-workforcegps-webinar/download,2026-08-25T14:03:47-04:00
https://www.mass.gov/doc/dcs-info-14-546-unveiling-innovations-us-department-of-labor-competency-model-clearing-houses-latest-tools-workforcegps-webinar/download,2026-08-25T14:03:47-04:00
https://www.mass.gov/doc/fy24-franklin-hampshire-budget-8/download,2026-08-25T14:03:47-04:00
https://www.mass.gov/doc/fy24-jtec-budget-7/download,2026-08-25T14:03:47-04:00
https://www.mass.gov/doc/fy24-lawrence-budget-9/download,2026-08-25T14:03:47-04:00
https://www.mass.gov/doc/fy24-lowell-budget-8/download,2026-08-25T14:03:47-04:00
https://www.mass.gov/doc/fy24-metro-southwest-budget-7/download,2026-08-25T14:03:47-04:00
https://www.mass.gov/doc/fy24-new-bedford-budget-10/download,2026-08-25T14:03:47-04:00
https://www.mass.gov/doc/fy24-north-central-budget-10/download,2026-08-25T14:03:47-04:00
https://www.mass.gov/doc/fy24-worcester-budget-9/download,2026-08-25T14:03:47-04:00
https://www.mass.gov/doc/fy24-berkshire-training-budget-8/download,2026-08-25T14:03:47-04:00
https://www.mass.gov/doc/fy24-fall-river-budget-9/download,2026-08-25T14:03:47-04:00
https://www.mass.gov/doc/dcs-info-14-547-masshire-bizworks-staff-training-and-development-committee-bizworks-mini-clinics-winter-sessions/download,2026-08-25T14:03:47-04:00
https://www.mass.gov/doc/dcs-info-25-259-massachusetts-clean-energy-center-fy24-request-for-proposals-and-initiatives/download,2026-08-25T14:03:47-04:00
https://www.mass.gov/doc/dcs-info-25-259a-ma-clean-energy-center-fy24-rfps-and-initiatives/download,2026-08-25T14:03:05-04:00
https://www.mass.gov/doc/fy24-city-of-quincy-budget-9/download,2026-08-25T14:03:05-04:00
https://www.mass.gov/doc/fy24-berkshire-training-budget-9/download,2026-08-25T14:03:05-04:00
https://www.mass.gov/doc/fy24-brockton-budget-10/download,2026-08-25T14:03:05-04:00
https://www.mass.gov/doc/fy24-city-of-quincy-budget-10/download,2026-08-25T14:03:05-04:00
https://www.mass.gov/doc/fy24-edic-budget-10/download,2026-08-25T14:03:05-04:00
https://www.mass.gov/doc/fy24-fall-river-budget-10/download,2026-08-25T14:03:05-04:00
https://www.mass.gov/doc/fy24-franklin-hampshire-budget-9/download,2026-08-25T14:03:05-04:00
https://www.mass.gov/doc/fy24-hampden-budget-10/download,2026-08-25T14:03:05-04:00
https://www.mass.gov/doc/fy24-jtec-budget-8/download,2026-08-25T14:03:05-04:00
https://www.mass.gov/doc/fy24-lawrence-budget-10/download,2026-08-25T14:03:05-04:00
https://www.mass.gov/doc/fy24-lowell-budget-9/download,2026-08-25T14:03:05-04:00
https://www.mass.gov/doc/fy24-metro-north-reb-budget-10/download,2026-08-25T14:03:05-04:00
https://www.mass.gov/doc/fy24-metro-southwest-budget-8/download,2026-08-25T14:03:05-04:00
https://www.mass.gov/doc/fy24-new-bedford-budget-11/download,2026-08-25T14:03:05-04:00
https://www.mass.gov/doc/fy24-north-central-budget-11/download,2026-08-25T14:03:05-04:00
https://www.mass.gov/doc/fy24-north-shore-budget-7/download,2026-08-25T14:03:05-04:00
https://www.mass.gov/doc/fy24-worcester-budget-10/download,2026-08-25T14:03:05-04:00
https://www.mass.gov/doc/measurable-skills-gain-handout-2024/download,2026-08-25T14:03:05-04:00
https://www.mass.gov/doc/dcs-policy-08-128-job-order-process-for-businesses-hiring-sheltered-immigrants/download,2026-08-25T14:03:05-04:00
https://www.mass.gov/doc/google-translate-image/download,2026-08-25T14:03:05-04:00
https://www.mass.gov/doc/dcs-policy-07-107-1-masshire-workforce-board-certification-guidance-revision/download,2026-08-25T13:57:51-04:00
https://www.mass.gov/doc/dcs-policy-07-107-1a-assurances/download,2026-08-25T14:03:05-04:00
https://www.mass.gov/doc/dcs-policy-07-107-1b-decertification-failure-to-meet-performance-wioa-rule/download,2026-08-25T14:03:05-04:00
https://www.mass.gov/doc/dcs-policy-07-107-1c-definitions/download,2026-08-25T14:03:05-04:00
https://www.mass.gov/doc/dcs-policy-07-107-1d-mwbceo-agreement-template/download,2026-08-25T14:03:05-04:00
https://www.mass.gov/doc/dcs-policy-07-107-1e-mwb-certification-high-performance-criteria-response-template/download,2026-08-25T14:03:05-04:00
https://www.mass.gov/doc/dcs-policy-07-107-1h-submission-checklist/download,2026-08-25T14:03:05-04:00
https://www.mass.gov/doc/fy24-berkshire-training-budget-10/download,2026-08-25T14:03:05-04:00
https://www.mass.gov/doc/fy24-city-of-quincy-budget-11/download,2026-08-25T14:03:05-04:00
https://www.mass.gov/doc/fy24-franklin-hampshire-budget-10/download,2026-08-25T14:03:05-04:00
https://www.mass.gov/doc/fy24-hampden-budget-11/download,2026-08-25T14:03:05-04:00
https://www.mass.gov/doc/fy24-lawrence-budget-11/download,2026-08-25T14:03:05-04:00
https://www.mass.gov/doc/fy24-lowell-budget-10/download,2026-08-25T14:03:05-04:00
https://www.mass.gov/doc/fy24-metro-north-reb-budget-11/download,2026-08-25T14:03:05-04:00
https://www.mass.gov/doc/fy24-metro-southwest-budget-9/download,2026-08-25T14:03:05-04:00
https://www.mass.gov/doc/fy24-north-central-budget-12/download,2026-08-25T14:03:05-04:00
https://www.mass.gov/doc/fy22-berkshire-training-budget-15/download,2026-08-25T14:03:05-04:00
https://www.mass.gov/doc/fy22-lawrence-budget-18/download,2026-08-25T14:03:05-04:00
https://www.mass.gov/doc/fy22-lowell-budget-16/download,2026-08-25T14:03:05-04:00
https://www.mass.gov/doc/fy22-metro-north-reb-budget-16/download,2026-08-25T14:03:05-04:00
https://www.mass.gov/doc/masshire-ea-shelter-engagement-supplemental-funds/download,2026-08-25T13:56:46-04:00
https://www.mass.gov/doc/dcs-policy-04-1132b-fy24-wpp-program-allocations-v2/download,2026-08-25T13:46:49-04:00
https://www.mass.gov/doc/wcac-meeting-agenda-for-january-10-2024/download,2026-08-25T13:56:46-04:00
https://www.mass.gov/doc/tegl-23-19-change-2/download,2026-08-25T13:33:50-04:00
https://www.mass.gov/doc/tegl-9-22-workforce-innovation-and-opportunity-act-title-i-youth-formula-program-guidance/download,2026-08-25T13:56:46-04:00
https://www.mass.gov/doc/dcs-info-14-548-developing-critical-skills-for-the-future-workforce-entrepreneurial-skills-training-workforcegps-webinar/download,2026-08-25T13:56:46-04:00
https://www.mass.gov/doc/17-107-1f-mwb-certification-package-signature-formcontact-sheet/download,2026-08-25T13:56:12-04:00
https://www.mass.gov/doc/17-107-1g-mwb-membership-matrixtemplate/download,2026-08-25T13:56:12-04:00
https://www.mass.gov/doc/dcs-info-14-549-utilizing-performance-metrics-in-program-and-partnership-development-workforcegps-webinar/download,2026-08-25T13:56:12-04:00
https://www.mass.gov/doc/dcs-info-14-550-overview-of-proposed-rulemaking-regarding-national-apprenticeship-system-enhancements-workforcegps-webinar/download,2026-08-25T13:56:12-04:00
https://www.mass.gov/doc/dcs-info-25-260-forecasted-funding-opportunities-justice-involved-and-reentry-populations/download,2026-08-25T13:56:12-04:00
https://www.mass.gov/doc/dcs-info-02-156-moses-version-4051-available-on-friday-january-26-2024/download,2026-08-25T13:56:12-04:00
https://www.mass.gov/doc/dcs-policy-37-104-futureskills-career-technical-initiative-cti-participant-guidance/download,2026-08-25T13:56:12-04:00
https://www.mass.gov/doc/dcs-policy-37-104a-commonwealth-corporation-participant-registration-form/download,2026-08-25T13:56:12-04:00
https://www.mass.gov/doc/dcs-policy-37-104b-staff-attestation-for-futureskills-referral-form/download,2026-08-25T13:56:12-04:00
https://www.mass.gov/doc/dcs-policy-37-104c-customer-release-of-information-form-for-referrals-to-futureskills-training-programs/download,2026-08-25T13:56:12-04:00
https://www.mass.gov/doc/dcs-policy-37-104d-acceptable-cti-eligibility-documentation-listing/download,2026-08-25T13:56:12-04:00
https://www.mass.gov/doc/dcs-policy-37-104e-self-attestation/download,2026-08-25T13:56:12-04:00
https://www.mass.gov/doc/dcs-policy-37-104f-secure-email-instructions/download,2026-08-25T13:56:12-04:00
https://www.mass.gov/doc/dcs-policy-37-104g-policy-qa/download,2026-08-25T13:56:12-04:00
https://www.mass.gov/doc/dcs-info-14-551-naloxone-in-the-workplace-workforcegps-webinar/download,2026-08-25T13:56:12-04:00
https://www.mass.gov/doc/ma-py2022-wioa-annual-report-january-2024/download,2026-08-25T13:55:24-04:00
https://www.mass.gov/doc/fy24-metro-north-reb-budget-13/download,2026-08-25T13:56:12-04:00
https://www.mass.gov/doc/dcs-jpp-01-2024-workforce-plan-public-comment-period-and-virtual-public-sessions/download,2026-08-25T13:56:12-04:00
https://www.mass.gov/doc/dcs-policy-08-129-supplemental-funds-masshire-emergency-assistance-shelter-engagement/download,2026-08-25T13:54:08-04:00
https://www.mass.gov/doc/dcs-policy-08-129a-scope-of-work-template/download,2026-08-25T13:54:08-04:00
https://www.mass.gov/doc/dcs-policy-08-129b-budget-template/download,2026-08-25T13:53:25-04:00
https://www.mass.gov/doc/dcs-policy-08-129c-shelter-work-performance-report/download,2026-08-25T13:53:25-04:00
https://www.mass.gov/doc/dcs-info-36-104-work-without-limits-2024-virtual-career-fair/download,2026-08-25T13:56:12-04:00
https://www.mass.gov/doc/dcs-info-36-104a-work-without-limits-virtual-career-fair-2024-flyer/download,2026-08-25T13:56:12-04:00
https://www.mass.gov/doc/dcs-info-19-118-first-nationwide-youth-apprenticeship-week/download,2026-08-25T13:56:12-04:00
https://www.mass.gov/doc/dcs-info-22-131-introduction-to-registered-apprenticeship-sponsorship-presentation-schedule/download,2026-08-25T13:56:12-04:00
https://www.mass.gov/doc/dcs-info-14-552-job-quality-academy-starter-pack-part-1-workforcegps-webinar/download,2026-08-25T13:56:12-04:00
https://www.mass.gov/doc/dcs-info-05-191-skills-based-hiring-practices-ma-executive-order-627-signed-by-governor-healey/download,2026-08-25T13:56:12-04:00
https://www.mass.gov/doc/dcs-info-22-132-apprenticeship-grants-opportunity-fy24-submission-deadline-march-1-2024/download,2026-08-25T13:56:12-04:00
https://www.mass.gov/doc/fy23-city-of-quincy-budget-23/download,2026-08-25T13:56:12-04:00
https://www.mass.gov/doc/fy23-franklin-hampshire-budget-21/download,2026-08-25T13:56:12-04:00
https://www.mass.gov/doc/fy23-lawrence-budget-23/download,2026-08-25T13:56:12-04:00
https://www.mass.gov/doc/fy23-north-shore-budget-22/download,2026-08-25T13:56:12-04:00
https://www.mass.gov/doc/fy22-berkshire-training-budget-16/download,2026-08-25T13:56:12-04:00
https://www.mass.gov/doc/fy22-brockton-budget-15/download,2026-08-25T13:56:12-04:00
https://www.mass.gov/doc/fy22-city-of-quincy-budget-15/download,2026-08-25T13:56:12-04:00
https://www.mass.gov/doc/fy22-edic-budget-16/download,2026-08-25T13:56:12-04:00
https://www.mass.gov/doc/fy22-fall-river-budget-14/download,2026-08-25T13:56:12-04:00
https://www.mass.gov/doc/fy22-hampden-budget-16/download,2026-08-25T13:56:12-04:00
https://www.mass.gov/doc/fy22-jtec-budget-15/download,2026-08-25T13:56:12-04:00
https://www.mass.gov/doc/fy22-lawrence-budget-19/download,2026-08-25T13:56:12-04:00
https://www.mass.gov/doc/fy22-lowell-budget-17/download,2026-08-25T13:56:12-04:00
https://www.mass.gov/doc/fy22-metro-north-reb-budget-17/download,2026-08-25T13:56:12-04:00
https://www.mass.gov/doc/fy22-metro-southwest-budget-17/download,2026-08-25T13:56:12-04:00
https://www.mass.gov/doc/fy22-new-bedford-budget-18/download,2026-08-25T13:56:12-04:00
https://www.mass.gov/doc/fy22-north-central-budget-15/download,2026-08-25T13:56:12-04:00
https://www.mass.gov/doc/dcs-policy-37-102-1-futureskills-moses-data-entry-for-masshire-job-seekers/download,2026-08-25T13:33:50-04:00
https://www.mass.gov/doc/dcs-info-15-131-hire-vets-medallion-program-2024/download,2026-08-25T13:56:12-04:00
https://www.mass.gov/doc/dcs-jpp-02-2024-fy24-and-fy25-massstep-abe-and-massstep-esol-planning-and-implementation-competitive-request-for-proposals/download,2026-08-25T13:56:12-04:00
https://www.mass.gov/doc/fy23-berkshire-training-budget-20/download,2026-08-25T13:56:12-04:00
https://www.mass.gov/doc/fy23-brockton-budget-21/download,2026-08-25T13:56:12-04:00
https://www.mass.gov/doc/fy23-edic-budget-24/download,2026-08-25T13:56:12-04:00
https://www.mass.gov/doc/fy23-fall-river-budget-18/download,2026-08-25T13:56:12-04:00
https://www.mass.gov/doc/fy23-lowell-budget-24/download,2026-08-25T13:55:24-04:00
https://www.mass.gov/doc/fy23-metro-southwest-budget-19/download,2026-08-25T13:55:24-04:00
https://www.mass.gov/doc/fy23-new-bedford-budget-22/download,2026-08-25T13:55:24-04:00
https://www.mass.gov/doc/fy23-north-central-budget-23/download,2026-08-25T13:55:24-04:00
https://www.mass.gov/doc/fy23-worcester-budget-20/download,2026-08-25T13:55:24-04:00
https://www.mass.gov/doc/dcs-info-14-553-developing-critical-skills-for-the-future-workforce-youth-entrepreneurship-roundtable-workforcegps-webinar/download,2026-08-25T13:55:24-04:00
https://www.mass.gov/doc/dcs-policy-03-116-workforce-development-services-and-the-industrial-hemp-and-marijuanacannabis-industries/download,2026-08-25T13:55:24-04:00
https://www.mass.gov/doc/dcs-policy-03-116-qa/download,2026-08-25T13:55:24-04:00
https://www.mass.gov/doc/dcs-info-02-157-moses-version-406-will-be-available-in-moses-on-sunday-march-3-2024/download,2026-08-25T13:55:24-04:00
https://www.mass.gov/doc/archive-february-6-2024-etrcc-meeting-minutes-and-materials/download,2026-08-25T23:46:02-04:00
https://www.mass.gov/doc/agenda-for-board-meeting-22724-mswb/download,2026-08-25T13:55:24-04:00
https://www.mass.gov/doc/fy24-berkshire-training-budget-12/download,2026-08-25T13:55:24-04:00
https://www.mass.gov/doc/fy24-brockton-budget-12/download,2026-08-25T13:55:24-04:00
https://www.mass.gov/doc/fy24-city-of-quincy-budget-13/download,2026-08-25T13:55:24-04:00
https://www.mass.gov/doc/fy24-edic-budget-12/download,2026-08-25T13:55:24-04:00
https://www.mass.gov/doc/fy24-fall-river-budget-12/download,2026-08-25T13:55:24-04:00
https://www.mass.gov/doc/fy24-franklin-hampshire-budget-12/download,2026-08-25T13:55:24-04:00
https://www.mass.gov/doc/fy24-hampden-budget-13/download,2026-08-25T13:55:24-04:00
https://www.mass.gov/doc/fy24-jtec-budget-10/download,2026-08-25T13:55:24-04:00
https://www.mass.gov/doc/fy24-lawrence-budget-13/download,2026-08-25T13:55:24-04:00
https://www.mass.gov/doc/fy24-lowell-budget-12/download,2026-08-25T13:55:24-04:00
https://www.mass.gov/doc/fy24-metro-north-reb-budget-14/download,2026-08-25T13:55:24-04:00
https://www.mass.gov/doc/fy24-metro-southwest-budget-11/download,2026-08-25T13:55:24-04:00
https://www.mass.gov/doc/fy24-new-bedford-budget-13/download,2026-08-25T13:55:24-04:00
https://www.mass.gov/doc/fy24-north-central-budget-14/download,2026-08-25T13:55:24-04:00
https://www.mass.gov/doc/fy24-north-shore-budget-9/download,2026-08-25T13:55:24-04:00
https://www.mass.gov/doc/fy24-worcester-budget-12/download,2026-08-25T13:55:24-04:00
https://www.mass.gov/doc/dcs-policy-20-118-resea-fy23-additional-funds/download,2026-08-25T13:33:50-04:00
https://www.mass.gov/doc/dcs-info-25-261-women-veteran-entrepreneurship-training-program-funding-opportunity/download,2026-08-25T13:55:24-04:00
https://www.mass.gov/doc/dcs-info-09-133-fy2024-career-center-performance-reports-quarter-ending-december-31-2023/download,2026-08-25T13:55:24-04:00
https://www.mass.gov/doc/dcs-info-09-133a-tab00-table-of-contents/download,2026-08-25T13:55:24-04:00
https://www.mass.gov/doc/dcs-info-09-133b-tab01-executive-summary/download,2026-08-25T13:55:24-04:00
https://www.mass.gov/doc/dcs-info-09-133c-tab02-employer-summary/download,2026-08-25T13:55:24-04:00
https://www.mass.gov/doc/dcs-info-09-133d-tab03-job-seeker-summary/download,2026-08-25T13:55:24-04:00
https://www.mass.gov/doc/dcs-info-09-133e-tab04-veteran-summary/download,2026-08-25T13:55:24-04:00
https://www.mass.gov/doc/dcs-info-09-133f-tab05-res-summary/download,2026-08-25T13:55:24-04:00
https://www.mass.gov/doc/dcs-info-09-133g-tab06-title-i-adults-and-dislocated-worker-summary/download,2026-08-25T13:55:24-04:00
https://www.mass.gov/doc/dcs-info-09-133h-tab07-title-i-youth-summary/download,2026-08-25T13:55:24-04:00
https://www.mass.gov/doc/dcs-info-09-133i-tab08-national-dislocated-worker-grants-summary/download,2026-08-25T13:55:24-04:00
https://www.mass.gov/doc/dcs-info-09-133j-tab09-trade-summary/download,2026-08-25T13:55:24-04:00
https://www.mass.gov/doc/dcs-info-09-133k-tab10-labor-exchange-vets-resea-performance-summary/download,2026-08-25T13:55:24-04:00
https://www.mass.gov/doc/dcs-info-09-133l-tab11-title-i-performance/download,2026-08-25T13:55:24-04:00
https://www.mass.gov/doc/dcs-info-09-133m-tab12-trade-performance-summary/download,2026-08-25T13:55:24-04:00
https://www.mass.gov/doc/dcs-info-09-133n-tab13-performance-cohorts/download,2026-08-25T13:55:24-04:00
https://www.mass.gov/doc/fy24-berkshire-training-budget-11/download,2026-08-25T13:55:24-04:00
https://www.mass.gov/doc/fy24-brockton-budget-11/download,2026-08-25T13:55:24-04:00
https://www.mass.gov/doc/fy24-city-of-quincy-budget-12/download,2026-08-25T13:55:24-04:00
https://www.mass.gov/doc/fy24-fall-river-budget-11/download,2026-08-25T13:55:24-04:00
https://www.mass.gov/doc/fy24-franklin-hampshire-budget-11/download,2026-08-25T13:54:46-04:00
https://www.mass.gov/doc/fy24-jtec-budget-9/download,2026-08-25T13:54:46-04:00
https://www.mass.gov/doc/fy24-lawrence-budget-12/download,2026-08-25T13:54:46-04:00
https://www.mass.gov/doc/fy24-lowell-budget-11/download,2026-08-25T13:54:46-04:00
https://www.mass.gov/doc/fy24-new-bedford-budget-12/download,2026-08-25T13:54:46-04:00
https://www.mass.gov/doc/fy24-north-central-budget-13/download,2026-08-25T13:54:46-04:00
https://www.mass.gov/doc/fy24-north-shore-budget-8/download,2026-08-25T13:54:46-04:00
https://www.mass.gov/doc/fy24-worcester-budget-11/download,2026-08-25T13:54:46-04:00
https://www.mass.gov/doc/fy24-edic-budget-11/download,2026-08-25T13:54:46-04:00
https://www.mass.gov/doc/fy24-hampden-budget-12/download,2026-08-25T13:54:46-04:00
https://www.mass.gov/doc/fy24-metro-north-reb-budget-12/download,2026-08-25T13:54:46-04:00
https://www.mass.gov/doc/fy24-metro-southwest-budget-10/download,2026-08-25T13:54:46-04:00
https://www.mass.gov/doc/dcs-info-14-554-celebrating-the-youth-apprenticeship-week-2024-workforcegps-webinar/download,2026-08-25T13:54:46-04:00
https://www.mass.gov/doc/dcs-info-14-555-turning-your-strategic-plans-into-action-workforcegps-webinar/download,2026-08-25T13:54:46-04:00
https://www.mass.gov/doc/dcs-info-14-556-guidance-overview-reducing-administrative-barriers-to-improve-customer-experience-workforcegps-webinar/download,2026-08-25T13:54:46-04:00
https://www.mass.gov/doc/fy24-city-of-quincy-budget-14/download,2026-08-25T13:54:46-04:00
https://www.mass.gov/doc/fy24-fall-river-budget-13/download,2026-08-25T13:54:46-04:00
https://www.mass.gov/doc/fy24-franklin-hampshire-budget-13/download,2026-08-25T13:54:46-04:00
https://www.mass.gov/doc/fy24-jtec-budget-11/download,2026-08-25T13:54:46-04:00
https://www.mass.gov/doc/fy24-lawrence-budget-14/download,2026-08-25T13:54:46-04:00
https://www.mass.gov/doc/fy24-lowell-budget-13/download,2026-08-25T13:54:46-04:00
https://www.mass.gov/doc/fy24-metro-southwest-budget-12/download,2026-08-25T13:54:46-04:00
https://www.mass.gov/doc/fy24-north-central-budget-15/download,2026-08-25T13:54:46-04:00
https://www.mass.gov/doc/fy24-north-shore-budget-10/download,2026-08-25T13:54:46-04:00
https://www.mass.gov/doc/fy24-worcester-budget-13/download,2026-08-25T13:54:46-04:00
https://www.mass.gov/doc/fy24-berkshire-training-budget-13/download,2026-08-25T13:54:46-04:00
https://www.mass.gov/doc/fy24-brockton-budget-13/download,2026-08-25T13:54:46-04:00
https://www.mass.gov/doc/fy24-edic-budget-13/download,2026-08-25T13:54:46-04:00
https://www.mass.gov/doc/fy24-hampden-budget-14/download,2026-08-25T13:54:46-04:00
https://www.mass.gov/doc/fy24-metro-north-reb-budget-15/download,2026-08-25T13:54:46-04:00
https://www.mass.gov/doc/fy24-new-bedford-budget-14/download,2026-08-25T13:54:46-04:00
https://www.mass.gov/doc/fy23-metro-north-reb-budget-22/download,2026-08-25T13:54:46-04:00
https://www.mass.gov/doc/dcs-info-14-557-job-quality-academy-starter-guide-part-2-workforcegps-webinar/download,2026-08-25T13:54:46-04:00
https://www.mass.gov/doc/dcs-info-14-558-impacts-of-sectoral-employment-and-career-advancement-models-and-initiatives-workforcegps-webinar/download,2026-08-25T13:54:46-04:00
https://www.mass.gov/doc/dcs-info-08-130-reducing-administrative-barriers-to-improve-customer-experience-in-grant-programs-administered-by-the-eta-tegl-10-23/download,2026-08-25T13:54:46-04:00
https://www.mass.gov/doc/fy24-berkshire-training-budget-14/download,2026-08-25T13:54:46-04:00
https://www.mass.gov/doc/fy24-brockton-budget-14/download,2026-08-25T13:54:46-04:00
https://www.mass.gov/doc/fy24-city-of-quincy-budget-15/download,2026-08-25T13:54:46-04:00
https://www.mass.gov/doc/fy24-edic-budget-14/download,2026-08-25T13:54:46-04:00
https://www.mass.gov/doc/fy24-fall-river-budget-14/download,2026-08-25T13:54:46-04:00
https://www.mass.gov/doc/fy24-franklin-hampshire-budget-14/download,2026-08-25T13:54:46-04:00
https://www.mass.gov/doc/fy24-jtec-budget-12/download,2026-08-25T13:54:46-04:00
https://www.mass.gov/doc/fy24-lawrence-budget-15/download,2026-08-25T13:54:46-04:00
https://www.mass.gov/doc/fy24-lowell-budget-14/download,2026-08-25T13:54:46-04:00
https://www.mass.gov/doc/fy24-metro-north-reb-budget-16/download,2026-08-25T13:54:46-04:00
https://www.mass.gov/doc/fy24-metro-southwest-budget-13/download,2026-08-25T13:54:46-04:00
https://www.mass.gov/doc/fy24-north-central-budget-16/download,2026-08-25T13:54:46-04:00
https://www.mass.gov/doc/fy24-north-shore-budget-11/download,2026-08-25T13:54:08-04:00
https://www.mass.gov/doc/fy24-worcester-budget-14/download,2026-08-25T13:54:08-04:00
https://www.mass.gov/doc/dcs-policy-20-119-resea-fy2023-performance-funds/download,2026-08-25T13:33:50-04:00
https://www.mass.gov/doc/fy23-lowell-budget-25/download,2026-08-25T13:54:08-04:00
https://www.mass.gov/doc/fy24-hampden-budget-15/download,2026-08-25T13:54:08-04:00
https://www.mass.gov/doc/cis-360-apprenticeship-2024/download,2026-08-25T13:54:08-04:00
https://www.mass.gov/doc/fy24-berkshire-training-budget-15xlsx/download,2026-08-25T13:54:08-04:00
https://www.mass.gov/doc/fy24-brockton-budget-15/download,2026-08-25T13:54:08-04:00
https://www.mass.gov/doc/fy24-cape-cod-wib-budget-2/download,2026-08-25T13:54:08-04:00
https://www.mass.gov/doc/fy24-city-of-quincy-budget-16/download,2026-08-25T13:54:08-04:00
https://www.mass.gov/doc/fy24-edic-budget-15/download,2026-08-25T13:54:08-04:00
https://www.mass.gov/doc/fy24-fall-river-budget-15xlsx/download,2026-08-25T13:54:08-04:00
https://www.mass.gov/doc/fy24-franklin-hampshire-budget-15/download,2026-08-25T13:54:08-04:00
https://www.mass.gov/doc/fy24-hampden-budget-16/download,2026-08-25T13:54:08-04:00
https://www.mass.gov/doc/fy24-jtec-budget-13/download,2026-08-25T13:54:08-04:00
https://www.mass.gov/doc/fy24-lawrence-budget-16/download,2026-08-25T13:54:08-04:00
https://www.mass.gov/doc/fy24-lowell-budget-15/download,2026-08-25T13:54:08-04:00
https://www.mass.gov/doc/fy24-metro-north-reb-budget-17/download,2026-08-25T13:54:08-04:00
https://www.mass.gov/doc/fy24-metro-southwest-budget-14/download,2026-08-25T13:54:08-04:00
https://www.mass.gov/doc/fy24-metro-southwest-budget-15/download,2026-08-25T13:54:08-04:00
https://www.mass.gov/doc/fy24-new-bedford-budget-15/download,2026-08-25T13:54:08-04:00
https://www.mass.gov/doc/fy24-new-bedford-budget-16/download,2026-08-25T13:54:08-04:00
https://www.mass.gov/doc/fy24-north-central-budget-17/download,2026-08-25T13:54:08-04:00
https://www.mass.gov/doc/fy24-north-shore-budget-12/download,2026-08-25T13:54:08-04:00
https://www.mass.gov/doc/fy24-north-shore-budget-13/download,2026-08-25T13:54:08-04:00
https://www.mass.gov/doc/fy24-worcester-budget-15/download,2026-08-25T13:54:08-04:00
https://www.mass.gov/doc/fy24-worcester-budget-16/download,2026-08-25T13:54:08-04:00
https://www.mass.gov/doc/dcs-info-22-133-funding-available-for-masshire-apprenticeship-subject-matter-experts-and-qa-session/download,2026-08-25T13:53:25-04:00
https://www.mass.gov/doc/dcs-info-22-133a-scope-of-work-template/download,2026-08-25T13:54:08-04:00
https://www.mass.gov/doc/dcs-info-22-133b-budget-form/download,2026-08-25T13:54:08-04:00
https://www.mass.gov/doc/fy24-berkshire-training-budget-16/download,2026-08-25T13:54:08-04:00
https://www.mass.gov/doc/fy24-brockton-budget-16/download,2026-08-25T13:54:08-04:00
https://www.mass.gov/doc/fy24-city-of-quincy-budget-17/download,2026-08-25T13:54:08-04:00
https://www.mass.gov/doc/fy24-edic-budget-16/download,2026-08-25T13:54:08-04:00
https://www.mass.gov/doc/fy24-fall-river-budget-16/download,2026-08-25T13:54:08-04:00
https://www.mass.gov/doc/fy24-franklin-hampshire-budget-16/download,2026-08-25T13:54:08-04:00
https://www.mass.gov/doc/fy24-hampden-budget-17/download,2026-08-25T13:54:08-04:00
https://www.mass.gov/doc/fy24-jtec-budget-14/download,2026-08-25T13:54:08-04:00
https://www.mass.gov/doc/fy24-lawrence-budget-17/download,2026-08-25T13:54:08-04:00
https://www.mass.gov/doc/fy24-lowell-budget-16/download,2026-08-25T13:54:08-04:00
https://www.mass.gov/doc/fy24-metro-north-reb-budget-18/download,2026-08-25T13:54:08-04:00
https://www.mass.gov/doc/fy24-metro-southwest-budget-16/download,2026-08-25T13:54:08-04:00
https://www.mass.gov/doc/fy24-new-bedford-budget-17/download,2026-08-25T13:54:08-04:00
https://www.mass.gov/doc/fy24-north-central-budget-18/download,2026-08-25T13:54:08-04:00
https://www.mass.gov/doc/fy24-north-shore-budget-14/download,2026-08-25T13:54:08-04:00
https://www.mass.gov/doc/fy24-worcester-budget-17/download,2026-08-25T13:54:08-04:00
https://www.mass.gov/doc/dcs-jpp-03-2024-perkins-state-plan-public-comment-announcement/download,2026-08-25T13:54:08-04:00
https://www.mass.gov/doc/boston-wioa-mou-fy22-24/download,2026-08-25T13:53:25-04:00
https://www.mass.gov/doc/mhss-local-memorandum-of-understanding-7-1-2021-fy22-24/download,2026-08-25T13:53:25-04:00
https://www.mass.gov/doc/fy24-berkshire-training-budget-17/download,2026-08-25T13:53:25-04:00
https://www.mass.gov/doc/fy24-city-of-quincy-budget-18/download,2026-08-25T13:53:25-04:00
https://www.mass.gov/doc/fy24-lawrence-budget-18/download,2026-08-25T13:53:25-04:00
https://www.mass.gov/doc/fy24-lowell-budget-17/download,2026-08-25T13:53:25-04:00
https://www.mass.gov/doc/fy24-north-central-budget-19/download,2026-08-25T13:53:25-04:00
https://www.mass.gov/doc/fy24-north-shore-budget-15/download,2026-08-25T13:53:25-04:00
https://www.mass.gov/doc/fy24-worcester-budget-18/download,2026-08-25T13:53:25-04:00
https://www.mass.gov/doc/fy24-brockton-budget-17/download,2026-08-25T13:53:25-04:00
https://www.mass.gov/doc/fy24-edic-budget-17/download,2026-08-25T13:53:25-04:00
https://www.mass.gov/doc/fy24-hampden-budget-18/download,2026-08-25T13:53:25-04:00
https://www.mass.gov/doc/fy24-metro-north-reb-budget-19/download,2026-08-25T13:53:25-04:00
https://www.mass.gov/doc/fy24-metro-southwest-budget-17/download,2026-08-25T13:53:25-04:00
https://www.mass.gov/doc/fy24-city-of-quincy-budget-19/download,2026-08-25T13:53:25-04:00
https://www.mass.gov/doc/fy24-fall-river-budget-17/download,2026-08-25T13:53:25-04:00
https://www.mass.gov/doc/fy24-hampden-budget-19/download,2026-08-25T13:53:25-04:00
https://www.mass.gov/doc/fy24-lowell-budget-18/download,2026-08-25T13:53:25-04:00
https://www.mass.gov/doc/fy24-north-central-budget-20/download,2026-08-25T13:53:25-04:00
https://www.mass.gov/doc/dcs-info-34-117-long-covid-resources-and-information-available-through-office-of-disability-employment-policy-new-brief/download,2026-08-25T13:53:25-04:00
https://www.mass.gov/doc/dcs-info-14-559-988-suicide-crisis-lifeline-partner-toolkit-updates-training-webinars-announced/download,2026-08-25T13:53:25-04:00
https://www.mass.gov/doc/dcs-info-14-560-state-policies-to-improve-mental-health-and-employment-for-youth-with-marginalized-racial-identities-workforcegps-webinar/download,2026-08-25T13:53:25-04:00
https://www.mass.gov/doc/fy24-fall-river-budget-18/download,2026-08-25T13:53:25-04:00
https://www.mass.gov/doc/fy24-franklin-hampshire-budget-17/download,2026-08-25T13:53:25-04:00
https://www.mass.gov/doc/fy24-lawrence-budget-19/download,2026-08-25T13:53:25-04:00
https://www.mass.gov/doc/fy24-lowell-budget-19/download,2026-08-25T13:53:25-04:00
https://www.mass.gov/doc/fy24-metro-north-reb-budget-20/download,2026-08-25T13:53:25-04:00
https://www.mass.gov/doc/fy24-north-central-budget-21/download,2026-08-25T13:53:25-04:00
https://www.mass.gov/doc/fy24-north-central-budget-22/download,2026-08-25T13:53:25-04:00
https://www.mass.gov/doc/mdcs-wotc-dashboard-january-1-2024-march-31-2024/download,2026-08-25T13:53:25-04:00
https://www.mass.gov/doc/fy24-berkshire-training-budget-18/download,2026-08-25T13:53:25-04:00
https://www.mass.gov/doc/fy24-brockton-budget-18/download,2026-08-25T13:53:25-04:00
https://www.mass.gov/doc/fy24-edic-budget-18/download,2026-08-25T13:53:25-04:00
https://www.mass.gov/doc/fy24-hampden-budget-20/download,2026-08-25T13:53:25-04:00
https://www.mass.gov/doc/fy24-metro-north-reb-budget-21/download,2026-08-25T13:53:25-04:00
https://www.mass.gov/doc/fy24-metro-southwest-budget-18/download,2026-08-25T13:53:25-04:00
https://www.mass.gov/doc/fy24-worcester-budget-19/download,2026-08-25T13:53:25-04:00
https://www.mass.gov/doc/dcs-info-36-105-operation-able-tsa-employment-information-session-application-assistance/download,2026-08-25T13:53:25-04:00
https://www.mass.gov/doc/dcs-info-14-561-empowering-families-enhancing-reentry-success-through-family-engagement-workforcegps-webinar/download,2026-08-25T13:53:25-04:00
https://www.mass.gov/doc/wioa-title-i-performance-training-april-2024/download,2026-08-25T13:53:25-04:00
https://www.mass.gov/doc/dcs-policy-10-100-6-required-posters-for-display-in-masshire-career-centers-and-sub-recipient-offices/download,2026-08-25T13:35:34-04:00
https://www.mass.gov/doc/dcs-info-02-158-moses-version-407-will-be-released-on-wednesday-april-17-2024/download,2026-08-25T13:52:47-04:00
https://www.mass.gov/doc/dcs-policy-08-130-progressive-discipline-for-challenging-customers/download,2026-08-25T13:53:25-04:00
https://www.mass.gov/doc/dcs-policy-08-130a-security-incident-report/download,2026-08-25T13:53:25-04:00
https://www.mass.gov/doc/dcs-policy-08-130b-msp-police-contact-sheet/download,2026-08-25T13:53:25-04:00
https://www.mass.gov/doc/dcs-policy-08-130c-sample-short-term-suspensionbarring-letter/download,2026-08-25T13:53:25-04:00
https://www.mass.gov/doc/dcs-policy-08-130d-long-term-suspensionbarring-appeal-form/download,2026-08-25T13:52:47-04:00
https://www.mass.gov/doc/dcs-policy-08-130-qa/download,2026-08-25T13:52:47-04:00
https://www.mass.gov/doc/dcs-info-14-562-work-and-recovery-social-enterprise-workforcegps-webinar/download,2026-08-25T13:52:47-04:00
https://www.mass.gov/doc/dcs-info-02-159-mosesjobquest-help-desk-instructions/download,2026-08-25T13:52:47-04:00
https://www.mass.gov/doc/dcs-info-22-134-apprenticeship-training-representative-business-services-representative-training-series/download,2026-08-25T13:52:47-04:00
https://www.mass.gov/doc/dcs-info-14-563-careeronestop-tools-for-older-job-seekers-workforcegps-webinar/download,2026-08-25T13:52:47-04:00
https://www.mass.gov/doc/dcs-policy-18-115-poverty-guidelines-lower-living-standard-income-levels-2024/download,2026-08-25T13:33:50-04:00
https://www.mass.gov/doc/dcs-jpp-01-2024-workforce-innovation-and-opportunity-act-wioa-local-memorandum-of-understanding-mou-guidance/download,2026-08-25T13:52:47-04:00
https://www.mass.gov/doc/dcs-jpp-01-2024a-wioa-local-mou-guidance/download,2026-08-25T13:52:47-04:00
https://www.mass.gov/doc/dcs-jpp-01-2024b-wioa-local-mou-template/download,2026-08-25T13:52:47-04:00
https://www.mass.gov/doc/dcs-jpp-01-2024c-masshire-virtual-customer-flow/download,2026-08-25T13:52:47-04:00
https://www.mass.gov/doc/dcs-jpp-01-2024d-impasse-resolutionstate-infrastructure-funding-mechanism/download,2026-08-25T13:52:47-04:00
https://www.mass.gov/doc/dcs-jpp-01-2024e-impasse-resolutionstate-infrastructure-funding-mechanism-notification-form/download,2026-08-25T13:52:47-04:00
https://www.mass.gov/doc/dcs-info-14-564-business-services-representatives-assessment-findings-and-strategies-for-improvement-workforcegps-webinar/download,2026-08-25T13:52:47-04:00
https://www.mass.gov/doc/dcs-info-14-565-mastering-dx-building-leveraging-data-literacy-to-accelerate-digital-transformation-workforcegps-webinar/download,2026-08-25T13:52:47-04:00
https://www.mass.gov/doc/dcs-info-25-262-funding-opportunity-national-farmworker-jobs-program-grants-for-career-services-and-training/download,2026-08-25T13:52:47-04:00
https://www.mass.gov/doc/dcs-info-25-262a-foa-eta-24-15-national-farmworker-jobs-program-grants-for-career-services-and-training/download,2026-08-25T13:52:47-04:00
https://www.mass.gov/doc/dcs-info-14-566-policy-design-insights-from-local-board-leaders-on-impact-implementation-and-equity-workforcegps-webinar/download,2026-08-25T13:52:47-04:00
https://www.mass.gov/doc/dcs-info-15-132-jobs-for-veterans-state-grant-standard-operating-procedures-training/download,2026-08-25T13:52:47-04:00
https://www.mass.gov/doc/dcs-info-14-567-impact-of-ai-on-job-and-skills-presentation/download,2026-08-25T13:52:47-04:00
https://www.mass.gov/doc/dcs-info-25-263-funding-opportunity-refugee-career-pathway-program/download,2026-08-25T13:52:47-04:00
https://www.mass.gov/doc/dcs-info-14-568-investing-in-america-agenda-registered-apprenticeship-and-other-pathways-for-opportunity-youth-workforcegps-webinar/download,2026-08-25T13:52:47-04:00
https://www.mass.gov/doc/dcs-info-15-133-call-for-participation-women-veterans-survey/download,2026-08-25T13:52:47-04:00
https://www.mass.gov/doc/dcs-info-15-133a-women-veterans-survey-flyer/download,2026-08-25T13:52:47-04:00
https://www.mass.gov/doc/dcs-info-15-134-jobs-for-veterans-state-grants-staff-roles-and-responsibilities-and-coordination-with-workforce-innovation-and-opportunity-act-services-to-veterans/download,2026-08-25T13:52:47-04:00
https://www.mass.gov/doc/dcs-info-15-134a-veterans-program-letter-no-05-24/download,2026-08-25T13:52:47-04:00
https://www.mass.gov/doc/dcs-policy-14-104-subsequent-eligibility-for-ita-training-provider-courses/download,2026-08-25T13:44:49-04:00
https://www.mass.gov/doc/dcs-info-14-569-grow-with-google-gwg-training-scholarship-program-continued/download,2026-08-25T13:52:47-04:00
https://www.mass.gov/doc/dcs-info-14-569a-coursera-administrator-guide/download,2026-08-25T13:52:47-04:00
https://www.mass.gov/doc/dcs-info-14-569b-coursera-learner-guide/download,2026-08-25T13:52:47-04:00
https://www.mass.gov/doc/dcs-info-14-569c-gwg-flyer/download,2026-08-25T13:52:47-04:00
https://www.mass.gov/doc/dcs-info-14-569d-gwg-flyer-spanish/download,2026-08-25T13:52:47-04:00
https://www.mass.gov/doc/dcs-info-14-569e-google-career-certificates-flyer/download,2026-08-25T13:52:47-04:00
https://www.mass.gov/doc/dcs-info-14-569f-prescreening-tool-fillable-pdf/download,2026-08-25T13:52:47-04:00
https://www.mass.gov/doc/dcs-info-14-569g-prescreening-tool-editable-word-doc/download,2026-08-25T13:52:47-04:00
https://www.mass.gov/doc/dcs-info-14-569h-prescreening-tool-fillable-pdf-spanish/download,2026-08-25T13:52:47-04:00
https://www.mass.gov/doc/dcs-info-14-569i-prescreening-tool-editable-word-doc-spanish/download,2026-08-25T13:52:47-04:00
https://www.mass.gov/doc/dcs-info-14-569j-prescreening-staff-guide/download,2026-08-25T13:52:47-04:00
https://www.mass.gov/doc/dcs-info-14-569k-follow-up-survey-fillable/download,2026-08-25T13:52:47-04:00
https://www.mass.gov/doc/dcs-info-14-569l-gwg-ccs-slide/download,2026-08-25T13:46:49-04:00
https://www.mass.gov/doc/dcs-info-14-569n-data-analytics-course-outline/download,2026-08-25T13:52:47-04:00
https://www.mass.gov/doc/dcs-info-14-569o-it-support-course-outline/download,2026-08-25T13:52:47-04:00
https://www.mass.gov/doc/dcs-info-14-569p-ux-design-course-outline/download,2026-08-25T13:52:47-04:00
https://www.mass.gov/doc/dcs-info-14-569q-project-management-course-outline/download,2026-08-25T13:52:47-04:00
https://www.mass.gov/doc/dcs-info-14-569r-it-automation-with-python-course-outline/download,2026-08-25T13:52:47-04:00
https://www.mass.gov/doc/dcs-info-14-569s-digital-marketing-e-commerce-course-outline/download,2026-08-25T13:52:47-04:00
https://www.mass.gov/doc/dcs-info-14-569t-specialization-learning-hours-breakdown/download,2026-08-25T13:52:47-04:00
https://www.mass.gov/doc/dcs-info-36-106-construction-career-fair/download,2026-08-25T13:52:47-04:00
https://www.mass.gov/doc/dcs-info-36-106a-construction-fair-flyer-english/download,2026-08-25T13:52:47-04:00
https://www.mass.gov/doc/dcs-info-36-106b-construction-fair-flyer-spanish/download,2026-08-25T13:46:49-04:00
https://www.mass.gov/doc/fy24-city-of-quincy-budget-20/download,2026-08-25T13:46:49-04:00
https://www.mass.gov/doc/fy24-fall-river-budget-19/download,2026-08-25T13:46:49-04:00
https://www.mass.gov/doc/fy24-franklin-hampshire-budget-18/download,2026-08-25T13:46:49-04:00
https://www.mass.gov/doc/fy24-jtec-budget-15/download,2026-08-25T13:46:49-04:00
https://www.mass.gov/doc/fy24-lawrence-budget-20/download,2026-08-25T13:46:49-04:00
https://www.mass.gov/doc/fy24-lowell-budget-20/download,2026-08-25T13:46:49-04:00
https://www.mass.gov/doc/fy24-new-bedford-budget-18/download,2026-08-25T13:46:49-04:00
https://www.mass.gov/doc/fy24-north-central-budget-23/download,2026-08-25T13:46:49-04:00
https://www.mass.gov/doc/fy24-north-shore-budget-16/download,2026-08-25T13:46:49-04:00
https://www.mass.gov/doc/fy24-edic-budget-19/download,2026-08-25T13:46:49-04:00
https://www.mass.gov/doc/fy24-hampden-budget-21/download,2026-08-25T13:46:49-04:00
https://www.mass.gov/doc/fy24-metro-north-reb-budget-22/download,2026-08-25T13:46:49-04:00
https://www.mass.gov/doc/fy24-metro-southwest-budget-19/download,2026-08-25T13:46:49-04:00
https://www.mass.gov/doc/dcs-info-25-264-funding-opportunity-national-farmworker-jobs-program-grants-for-housing-services/download,2026-08-25T13:46:49-04:00
https://www.mass.gov/doc/fy24-metro-north-reb-budget-23/download,2026-08-25T13:46:49-04:00
https://www.mass.gov/doc/dcs-info-25-265-funding-opportunity-workforce-pathways-for-youth-rounds-4-and-5/download,2026-08-25T13:46:49-04:00
https://www.mass.gov/doc/dcs-info-14-570-career-coaching-train-the-trainer-cohort-resources-for-career-assessments-workforcegps-webinar/download,2026-08-25T13:46:49-04:00
https://www.mass.gov/doc/dcs-info-14-571-call-for-participation-disability-benefits-training-opportunity/download,2026-08-25T13:46:49-04:00
https://www.mass.gov/doc/dcs-info-25-266-funding-opportunity-call-for-ideas-bja-fy24-second-chance-act-improving-reentry-education-and-employment-outcomes/download,2026-08-25T13:46:49-04:00
https://www.mass.gov/doc/dcs-info-25-266a-call-for-ideas-template/download,2026-08-25T13:46:49-04:00
https://www.mass.gov/doc/dcs-info-02-160-moses-version-408-will-be-released-on-wednesday-may-29-2024/download,2026-08-25T13:46:49-04:00
https://www.mass.gov/doc/dcs-info-25-267-funding-opportunity-call-for-ideas-critical-sector-job-quality-grants-funding-opportunity/download,2026-08-25T13:46:49-04:00
https://www.mass.gov/doc/dcs-info-25-267a-call-for-ideas-template/download,2026-08-25T13:46:49-04:00
https://www.mass.gov/doc/dcs-info-09-134-fy2024-career-center-performance-reports-quarter-ending-march-31-2024/download,2026-08-25T13:46:49-04:00
https://www.mass.gov/doc/dcs-info-09-134a-tab00-table-of-contents/download,2026-08-25T13:46:49-04:00
https://www.mass.gov/doc/dcs-info-09-134b-tab01-executive-summary/download,2026-08-25T13:46:49-04:00
https://www.mass.gov/doc/dcs-info-09-134c-tab02-employer-summary/download,2026-08-25T13:46:49-04:00
https://www.mass.gov/doc/dcs-info-09-134d-tab03-job-seeker-summary/download,2026-08-25T13:46:49-04:00
https://www.mass.gov/doc/dcs-info-09-134e-tab04-veteran-summary/download,2026-08-25T13:46:49-04:00
https://www.mass.gov/doc/dcs-info-09-134f-tab05-res-summary/download,2026-08-25T13:46:49-04:00
https://www.mass.gov/doc/dcs-info-09-134g-tab06-title-i-adults-and-dislocated-worker-summary/download,2026-08-25T13:46:49-04:00
https://www.mass.gov/doc/dcs-info-09-134h-tab07-title-i-youth-summary/download,2026-08-25T13:46:49-04:00
https://www.mass.gov/doc/dcs-info-09-134i-tab08-national-dislocated-worker-grants-summary/download,2026-08-25T13:46:49-04:00
https://www.mass.gov/doc/dcs-info-09-134j-tab09-trade-summary/download,2026-08-25T13:46:49-04:00
https://www.mass.gov/doc/dcs-info-09-134k-tab10-labor-exchange-vets-resea-performance-summary/download,2026-08-25T13:46:49-04:00
https://www.mass.gov/doc/dcs-info-09-134l-tab11-title-i-performance/download,2026-08-25T13:46:49-04:00
https://www.mass.gov/doc/dcs-info-09-134m-tab12-trade-performance-summary/download,2026-08-25T13:46:49-04:00
https://www.mass.gov/doc/dcs-info-09-134n-tab13-performance-cohorts/download,2026-08-25T13:46:49-04:00
https://www.mass.gov/doc/dcs-info-25-268-funding-opportunity-dol-building-pathways-to-infrastructure-jobs-round-2/download,2026-08-25T13:46:49-04:00
https://www.mass.gov/doc/fy24-berkshire-training-budget-20/download,2026-08-25T13:46:49-04:00
https://www.mass.gov/doc/dcs-info-14-572-rural-outreach-strategies-connecting-workers-and-employers-to-the-workforce-system-workforcegps-webinar/download,2026-08-25T13:46:49-04:00
https://www.mass.gov/doc/dcs-info-14-573-career-coaching-train-the-trainer-cohort-digital-tools-for-career-coaches-workforcegps-webinar/download,2026-08-25T13:46:49-04:00
https://www.mass.gov/doc/fy24-new-bedford-budget-20/download,2026-08-25T13:46:49-04:00
https://www.mass.gov/doc/fy24-berkshire-training-budget-19/download,2026-08-25T13:46:49-04:00
https://www.mass.gov/doc/fy24-brockton-budget-19/download,2026-08-25T13:45:34-04:00
https://www.mass.gov/doc/fy24-edic-budget-20/download,2026-08-25T13:45:34-04:00
https://www.mass.gov/doc/fy24-fall-river-budget-20/download,2026-08-25T13:45:34-04:00
https://www.mass.gov/doc/fy24-franklin-hampshire-budget-19/download,2026-08-25T13:45:34-04:00
https://www.mass.gov/doc/fy24-jtec-budget-16/download,2026-08-25T13:45:34-04:00
https://www.mass.gov/doc/fy24-hampden-budget-22/download,2026-08-25T13:45:34-04:00
https://www.mass.gov/doc/fy24-lawrence-budget-21/download,2026-08-25T13:45:34-04:00
https://www.mass.gov/doc/fy24-lowell-budget-21/download,2026-08-25T13:45:34-04:00
https://www.mass.gov/doc/fy24-metro-north-reb-budget-24/download,2026-08-25T13:45:34-04:00
https://www.mass.gov/doc/fy24-metro-southwest-budget-20/download,2026-08-25T13:45:34-04:00
https://www.mass.gov/doc/fy24-new-bedford-budget-19/download,2026-08-25T13:45:34-04:00
https://www.mass.gov/doc/fy24-north-central-budget-24/download,2026-08-25T13:45:34-04:00
https://www.mass.gov/doc/fy24-north-shore-budget-17/download,2026-08-25T13:45:34-04:00
https://www.mass.gov/doc/dcs-info-25-269-fy25-innovation-career-pathways-grants/download,2026-08-25T13:45:34-04:00
https://www.mass.gov/doc/fy24-mass-regional-budget-1/download,2026-08-25T13:45:34-04:00
https://www.mass.gov/doc/dcs-info-25-270-funding-opportunity-youth-homeless-demonstration-program/download,2026-08-25T13:45:34-04:00
https://www.mass.gov/doc/board-meeting-agenda-final-mswb-06-20-24/download,2026-08-25T13:45:34-04:00
https://www.mass.gov/doc/mswb-meeting-minutes-final-02-27-24/download,2026-08-25T13:45:34-04:00
https://www.mass.gov/doc/11-30-mswb-meeting-minutesupdate-darien/download,2026-08-25T13:45:34-04:00
https://www.mass.gov/doc/dcs-info-14-574-mastering-dx-generative-ai-applied-to-transforming-workforce-system-services-naswa-webinar/download,2026-08-25T13:45:34-04:00
https://www.mass.gov/doc/dcs-info-14-575-career-coaching-train-the-trainer-cohort-trauma-informed-care-workforcegps-webinar/download,2026-08-25T13:45:34-04:00
https://www.mass.gov/doc/dcs-info-15-136-request-for-information-on-black-veterans-and-good-jobs/download,2026-08-25T13:45:34-04:00
https://www.mass.gov/doc/dcs-policy-17-111-masshire-workforce-board-certification-guidance-fy25-fy26/download,2026-08-25T13:45:34-04:00
https://www.mass.gov/doc/dcs-policy-17-111a-assurances/download,2026-08-25T13:33:50-04:00
https://www.mass.gov/doc/dcs-policy-17-111b-decertification-information-failure-to-meet-performance-wioa-rule/download,2026-08-25T13:45:34-04:00
https://www.mass.gov/doc/dcs-policy-17-111d-mwbceo-agreement-template/download,2026-08-25T13:45:34-04:00
https://www.mass.gov/doc/dcs-policy-17-111e-mwb-certification-high-performance-criteria-response-template/download,2026-08-25T13:45:34-04:00
https://www.mass.gov/doc/dcs-policy-17-111f-mwb-membership-matrixtemplate/download,2026-08-25T13:33:50-04:00
https://www.mass.gov/doc/dcs-policy-17-111g-mwb-certification-package-signature-formcontact-sheet/download,2026-08-25T13:33:50-04:00
https://www.mass.gov/doc/dcs-policy-17-111h-submission-checklist/download,2026-08-25T13:45:34-04:00
https://www.mass.gov/doc/dcs-policy-17-111c-definitions/download,2026-08-25T13:45:34-04:00
https://www.mass.gov/doc/dcs-info-02-161-compromisedspoofed-accounts-sending-suspiciousphishing-scam-emails/download,2026-08-25T13:45:34-04:00
https://www.mass.gov/doc/mdcs-wotc-dashboard-april-1-2024-june-30-2024/download,2026-08-25T13:45:34-04:00
https://www.mass.gov/doc/fy23-lawrence-budget-24/download,2026-08-25T13:45:34-04:00
https://www.mass.gov/doc/fy23-north-central-budget-24/download,2026-08-25T13:45:34-04:00
https://www.mass.gov/doc/fy24-berkshire-training-budget-21/download,2026-08-25T13:45:34-04:00
https://www.mass.gov/doc/fy24-brockton-budget-20/download,2026-08-25T13:45:34-04:00
https://www.mass.gov/doc/fy24-edic-budget-21/download,2026-08-25T13:45:34-04:00
https://www.mass.gov/doc/fy24-franklin-hampshire-budget-20/download,2026-08-25T13:45:34-04:00
https://www.mass.gov/doc/fy24-hampden-budget-23/download,2026-08-25T13:45:34-04:00
https://www.mass.gov/doc/fy24-jtec-budget-17/download,2026-08-25T13:45:34-04:00
https://www.mass.gov/doc/fy24-lawrence-budget-22/download,2026-08-25T13:45:34-04:00
https://www.mass.gov/doc/fy24-new-bedford-budget-21/download,2026-08-25T13:45:34-04:00
https://www.mass.gov/doc/fy24-north-central-budget-25-0/download,2026-08-25T13:45:34-04:00
https://www.mass.gov/doc/fy24-north-central-budget-26/download,2026-08-25T13:45:34-04:00
https://www.mass.gov/doc/fy24-north-shore-budget-18/download,2026-08-25T13:45:34-04:00
https://www.mass.gov/doc/fy24-worcester-budget-21/download,2026-08-25T13:45:34-04:00
https://www.mass.gov/doc/wioa-youth-program-july-2024/download,2026-08-25T13:45:34-04:00
https://www.mass.gov/doc/wioa-adult-and-dislocated-worker-program-july-2024/download,2026-08-25T13:45:34-04:00
https://www.mass.gov/doc/dcs-info-14-576-review-of-ten-23-23-on-quality-pre-apprenticeships-workforcegps-webinar/download,2026-08-25T13:45:34-04:00
https://www.mass.gov/doc/fy24-metro-southwest-budget-21/download,2026-08-25T13:44:49-04:00
https://www.mass.gov/doc/fy24-city-of-quincy-budget-21/download,2026-08-25T13:44:49-04:00
https://www.mass.gov/doc/fy24-worcester-budget-20/download,2026-08-25T13:44:49-04:00
https://www.mass.gov/doc/berkshire-training-and-employment-inc-fy25-pv/download,2026-08-25T13:33:50-04:00
https://www.mass.gov/doc/city-of-fall-river-fy25-pv/download,2026-08-25T13:33:50-04:00
https://www.mass.gov/doc/city-of-lawrence-fy25-pv/download,2026-08-25T13:33:50-04:00
https://www.mass.gov/doc/franklin-hampshire-employment-training-consortium-fy25-pv/download,2026-08-25T13:33:50-04:00
https://www.mass.gov/doc/job-training-employment-corp-fy25-pv/download,2026-08-25T13:33:50-04:00
https://www.mass.gov/doc/masshire-gr-n-bedford-wkfc-bd-fy25-pv/download,2026-08-25T13:33:50-04:00
https://www.mass.gov/doc/masshire-hampden-county-workforce-bd-inc-fy25-pv/download,2026-08-25T13:33:50-04:00
https://www.mass.gov/doc/metro-north-regional-employment-board-fy25-pv/download,2026-08-25T13:33:50-04:00
https://www.mass.gov/doc/metro-south-west-workfore-board-fy25-pv/download,2026-08-25T13:33:50-04:00
https://www.mass.gov/doc/north-central-ma-wkfc-board-inc-fy25-pv/download,2026-08-25T13:33:50-04:00
https://www.mass.gov/doc/dcs-info-14-577-digital-accessibility-training/download,2026-08-25T13:44:49-04:00
https://www.mass.gov/doc/fy25-berkshire-training-initial-budget/download,2026-08-25T13:44:49-04:00
https://www.mass.gov/doc/dcs-policy-04-113u4-cy2024-resea-allocations/download,2026-08-25T13:44:49-04:00
https://www.mass.gov/doc/fy24-city-of-quincy-budget-22/download,2026-08-25T13:44:49-04:00
https://www.mass.gov/doc/dcs-info-14-578-enhancing-skills-support-for-serving-veterans-2024-workforcegps-webinar-0/download,2026-08-25T13:44:49-04:00
https://www.mass.gov/doc/dcs-info-14-579-american-job-centers-getting-support-from-publicprivate-partnerships-in-the-silver-state-workforcegps-webinar/download,2026-08-25T13:44:49-04:00
https://www.mass.gov/doc/dcs-info-14-580-careeronestop-expand-training-options-for-customers-workforcegps-webinar/download,2026-08-25T13:44:49-04:00
https://www.mass.gov/doc/dcs-info-15-137-jobs-for-veterans-state-grant-2024-incentive-award-winners/download,2026-08-25T13:44:49-04:00
https://www.mass.gov/doc/dcs-info-15-137a-jvsg-performance-incentive-award-2024-winners/download,2026-08-25T13:44:49-04:00
https://www.mass.gov/doc/city-of-quincy-fy25-pv/download,2026-08-25T13:33:50-04:00
https://www.mass.gov/doc/dcs-info-25-271-funding-opportunity-veteran-and-spouse-transitional-assistance-grant-program/download,2026-08-25T13:44:49-04:00
https://www.mass.gov/doc/dcs-info-25-272-funding-opportunity-youthbuild-competitive-grants/download,2026-08-25T13:44:49-04:00
https://www.mass.gov/doc/topsection-30-training-for-vendors-july-2024/download,2026-08-25T13:33:50-04:00
https://www.mass.gov/doc/dcs-info-25-273-funding-opportunity-fiscal-year-2024-good-jobs-challenge-notice/download,2026-08-25T13:44:49-04:00
https://www.mass.gov/doc/dcs-info-15-138-carpenters-union-tour-for-veterans/download,2026-08-25T13:44:49-04:00
https://www.mass.gov/doc/dcs-info-15-138a-flyer-carpenters-union-tour/download,2026-08-25T13:44:49-04:00
https://www.mass.gov/doc/dcs-info-14-581-equal-employment-opportunity-commission-webinar-on-hard-of-hearing/download,2026-08-25T13:44:49-04:00
https://www.mass.gov/doc/fy24-brockton-budget-21/download,2026-08-25T13:44:49-04:00
https://www.mass.gov/doc/fy24-metro-north-reb-budget-25/download,2026-08-25T13:44:49-04:00
https://www.mass.gov/doc/fy24-metro-southwest-budget-22/download,2026-08-25T13:44:49-04:00
https://www.mass.gov/doc/fy24-new-bedford-budget-22/download,2026-08-25T13:44:49-04:00
https://www.mass.gov/doc/fy24-north-central-budget-27/download,2026-08-25T13:44:49-04:00
https://www.mass.gov/doc/dcs-policy-08-131-reporting-requirements-instances-of-suspected-fraud-program-abuse-and-criminal-conduct/download,2026-08-25T13:44:49-04:00
https://www.mass.gov/doc/dcs-info-14-582-american-job-centers-getting-support-from-publicprivate-partnerships-in-the-silver-state-workforcegps-webinar/download,2026-08-25T13:44:49-04:00
https://www.mass.gov/doc/dcs-info-14-583-amplifying-youth-voices-navigating-youth-engagement-from-advisors-to-leaders-workforcegps-webinar/download,2026-08-25T13:44:49-04:00
https://www.mass.gov/doc/dcs-info-14-584-mastering-dx-partnering-with-it-for-workforce-system-digital-transformation-naswa-webinar/download,2026-08-25T13:44:49-04:00
https://www.mass.gov/doc/dcs-info-14-585-national-apprenticeship-week-2024-workforcegps-webinar/download,2026-08-25T13:44:49-04:00
https://www.mass.gov/doc/dcs-info-25-274-funding-opportunity-growth-opportunities-rounds-4-5-reentry-employment-opportunities/download,2026-08-25T13:44:49-04:00
https://www.mass.gov/doc/read-only-users-guide-2025/download,2026-08-25T13:44:49-04:00
https://www.mass.gov/doc/dcs-policy-03-101-3-unified-workforce-development-complaint-system-and-appeals-process-revised/download,2026-08-25T13:34:46-04:00
https://www.mass.gov/doc/fy24-edic-budget-22/download,2026-08-25T13:44:49-04:00
https://www.mass.gov/doc/dcs-info-09-135-fy2025-performance-goal-negotiation-the-statistical-adjustment-model/download,2026-08-25T13:44:49-04:00
https://www.mass.gov/doc/fy24-north-shore-budget-19/download,2026-08-25T13:44:49-04:00
https://www.mass.gov/doc/resea-ccs-odv-views-past-16-days/download,2026-08-25T13:44:49-04:00
https://www.mass.gov/doc/dcs-info-14-586-988-day-mental-health-awareness-month-a-call-to-action-to-the-workforce/download,2026-08-25T13:44:49-04:00
https://www.mass.gov/doc/dcs-info-14-587-beyond-compliance-planning-that-matters-and-ajc-certifications-that-drive-collaboration-workforcegps-webinar/download,2026-08-25T13:44:49-04:00
https://www.mass.gov/doc/dcs-info-14-588-sector-strategies-event-series-workforcegps-webinar/download,2026-08-25T13:44:49-04:00
https://www.mass.gov/doc/dcs-policy-04-114-local-annual-plan-guidance-fiscal-year-2025/download,2026-08-25T13:33:50-04:00
https://www.mass.gov/doc/dcs-policy-04-114-04-114a-fy25-local-annual-plan-checklist/download,2026-08-25T13:42:59-04:00
https://www.mass.gov/doc/dcs-policy-04-114-04-114b-submission-instructions/download,2026-08-25T13:44:49-04:00
https://www.mass.gov/doc/dcs-policy-04-114-04-114c-notification-of-local-workforce-system-changes-form/download,2026-08-25T13:44:49-04:00
https://www.mass.gov/doc/dcs-policy-04-114-04-114d-masshire-career-center-hours-of-operation-form/download,2026-08-25T13:44:49-04:00
https://www.mass.gov/doc/dcs-policy-04-114-04-114e-assurances/download,2026-08-25T13:44:49-04:00
https://www.mass.gov/doc/dcs-policy-04-114-04-114f-local-annual-plan-signatories-form/download,2026-08-25T13:44:49-04:00
https://www.mass.gov/doc/dcs-policy-04-114-04-114g-financial-modification-authorization-form/download,2026-08-25T13:44:49-04:00
https://www.mass.gov/doc/dcs-policy-04-114-04-114h-instructions-for-program-summary-charts/download,2026-08-25T13:44:49-04:00
https://www.mass.gov/doc/dcs-policy-04-114-04-114i-program-summary-charts-s-and-1-4/download,2026-08-25T13:44:49-04:00
https://www.mass.gov/doc/dcs-policy-04-114-04-114j-integrated-budget-and-narrative-template/download,2026-08-25T13:44:49-04:00
https://www.mass.gov/doc/dcs-policy-04-114-04-114k-integrated-budget-instructions/download,2026-08-25T13:44:14-04:00
https://www.mass.gov/doc/dcs-policy-04-114-04-114l-integrated-budget-program-list/download,2026-08-25T13:44:14-04:00
https://www.mass.gov/doc/dcs-policy-04-114-04-114m-notice-instructions-for-updating-local-performance-goals-for-fy25/download,2026-08-25T13:44:14-04:00
https://www.mass.gov/doc/dcs-policy-04-114-04-114n-state-one-stop-allocations/download,2026-08-25T13:44:14-04:00
https://www.mass.gov/doc/dcs-policy-04-114-04-114o-title-i-allocations-adult-dw-youth-includes-charts-1-7/download,2026-08-25T13:44:14-04:00
https://www.mass.gov/doc/dcs-policy-04-114-04-114p-state-allotments-wioa-title-i-es-federal-to-state-allocations/download,2026-08-25T13:44:14-04:00
https://www.mass.gov/doc/dcs-policy-04-114-04-114q-wagner-peyser-90-and-10-allocations-includes-charts-1-3/download,2026-08-25T13:44:14-04:00
https://www.mass.gov/doc/dcs-policy-04-114-04-114r-local-allocations-compared/download,2026-08-25T13:44:14-04:00
https://www.mass.gov/doc/dcs-policy-04-114-04-114s-overview-of-wioa-and-wagner-peyser-allocations/download,2026-08-25T13:44:14-04:00
https://www.mass.gov/doc/dcs-policy-04-114-04-114u1-cy2022-resea-allocations-wadditional-funding-and-performance-awards/download,2026-08-25T13:44:14-04:00
https://www.mass.gov/doc/dcs-policy-04-114u2-cy2023-resea-allocations/download,2026-08-25T13:44:14-04:00
https://www.mass.gov/doc/dcs-policy-04-114u3-cy2024-resea-allocations/download,2026-08-25T13:33:50-04:00
https://www.mass.gov/doc/dcs-policy-04-114v1-fy22-taa-allocations/download,2026-08-25T13:44:14-04:00
https://www.mass.gov/doc/dcs-policy-04-114w-local-information-required-local-agricultural-labor-market/download,2026-08-25T13:44:14-04:00
https://www.mass.gov/doc/dcs-info-02-162-moses-version-409-will-be-released-on-thursday-september-26-2024/download,2026-08-25T13:44:14-04:00
https://www.mass.gov/doc/dcs-info-37-105-massachusetts-workforce-skills-fund-pilot-program/download,2026-08-25T13:44:14-04:00
https://www.mass.gov/doc/dcs-info-37-105a-ma-workforce-skills-fund-program-overview/download,2026-08-25T13:44:14-04:00
https://www.mass.gov/doc/dcs-info-37-105b-ma-workforce-skills-fund-faq/download,2026-08-25T13:44:14-04:00
https://www.mass.gov/doc/dcs-info-15-139-roles-and-responsibilities-of-masshire-career-center-staff-serving-veterans-tegl-no-03-24-jobs-for-veterans-state-grants-jvsg-program-reforms/download,2026-08-25T13:44:14-04:00
https://www.mass.gov/doc/mswb-board-meeting-minutes-june-20-2024/download,2026-08-25T13:44:14-04:00
https://www.mass.gov/doc/dcs-info-25-275-funding-opportunity-apprenticeship-expansion-and-opportunity-grants-fy25/download,2026-08-25T13:44:14-04:00
https://www.mass.gov/doc/dcs-info-14-589-understanding-bls-skills-and-employment-projections-data-workforcegps-webinar/download,2026-08-25T13:44:14-04:00
https://www.mass.gov/doc/city-of-worcester-fy25-pv/download,2026-08-25T13:33:50-04:00
https://www.mass.gov/doc/city-of-salem-fy25-pv/download,2026-08-25T13:33:50-04:00
https://www.mass.gov/doc/dcs-info-02-163-masshire-jobquest-updates-to-on-demand-videos/download,2026-08-25T13:33:50-04:00
https://www.mass.gov/doc/city-of-lowell-fy25-pv/download,2026-08-25T13:33:50-04:00
https://www.mass.gov/doc/city-of-boston-fy25-pv/download,2026-08-25T13:33:50-04:00
https://www.mass.gov/doc/brockton-area-workforce-investment-fy25-pv/download,2026-08-25T13:33:50-04:00
https://www.mass.gov/doc/dcs-info-14-590-call-for-participation-disability-benefits-training-opportunity/download,2026-08-25T13:44:14-04:00
https://www.mass.gov/doc/dcs-info-14-590a-training-flyer/download,2026-08-25T13:44:14-04:00
https://www.mass.gov/doc/fy25-berkshire-training-budget-3/download,2026-08-25T13:44:14-04:00
https://www.mass.gov/doc/fy25-brockton-budget-4/download,2026-08-25T13:44:14-04:00
https://www.mass.gov/doc/fy25-franklin-hampshire-budget-3/download,2026-08-25T13:44:14-04:00
https://www.mass.gov/doc/fy25-jtec-budget-3/download,2026-08-25T13:44:14-04:00
https://www.mass.gov/doc/fy25-lowell-budget-3/download,2026-08-25T13:44:14-04:00
https://www.mass.gov/doc/fy25-new-bedford-budget-3/download,2026-08-25T13:44:14-04:00
https://www.mass.gov/doc/fy25-north-central-budget-3/download,2026-08-25T13:44:14-04:00
https://www.mass.gov/doc/fy25-brockton-initial-budget/download,2026-08-25T13:44:14-04:00
https://www.mass.gov/doc/fy25-city-of-quincy-initial-budget/download,2026-08-25T13:44:14-04:00
https://www.mass.gov/doc/fy25-fall-river-initial-budget/download,2026-08-25T13:44:14-04:00
https://www.mass.gov/doc/fy25-franklin-hampshire-initial-budget/download,2026-08-25T13:44:14-04:00
https://www.mass.gov/doc/fy25-hampden-initial-budget/download,2026-08-25T13:44:14-04:00
https://www.mass.gov/doc/fy25-jtec-initial-budget/download,2026-08-25T13:44:14-04:00
https://www.mass.gov/doc/fy25-lawrence-initial-budget/download,2026-08-25T13:44:14-04:00
https://www.mass.gov/doc/fy25-lowell-initial-budget/download,2026-08-25T13:44:14-04:00
https://www.mass.gov/doc/fy25-metro-north-reb-initial-budget/download,2026-08-25T13:44:14-04:00
https://www.mass.gov/doc/fy25-metro-southwest-initial-budget/download,2026-08-25T13:44:14-04:00
https://www.mass.gov/doc/fy25-new-bedford-initial-budget/download,2026-08-25T13:44:14-04:00
https://www.mass.gov/doc/fy25-north-central-initial-budget/download,2026-08-25T13:44:14-04:00
https://www.mass.gov/doc/massachusetts-regional-employment-board-inc-fy25-pv/download,2026-08-25T13:33:50-04:00
https://www.mass.gov/doc/cape-islands-workforce-development-board-inc-fy25-pv/download,2026-08-25T13:34:46-04:00
https://www.mass.gov/doc/berkshire-county-regional-employment-board-fy25/download,2026-08-25T13:44:14-04:00
https://www.mass.gov/doc/dcs-info-14-591-elevate-your-outreach-workforcegps-webinar/download,2026-08-25T13:44:14-04:00
https://www.mass.gov/doc/dcs-info-14-592-mental-health-support-leveraging-the-988-suicide-crisis-lifeline-in-the-workplace-workforcegps-webinar/download,2026-08-25T13:44:14-04:00
https://www.mass.gov/doc/fy25-berkshire-reb-initial-budget/download,2026-08-25T13:44:14-04:00
https://www.mass.gov/doc/fy25-brockton-budget-5/download,2026-08-25T13:44:14-04:00
https://www.mass.gov/doc/fy25-cape-cod-wib-initial-budget/download,2026-08-25T13:43:33-04:00
https://www.mass.gov/doc/fy25-city-of-boston-budget-4/download,2026-08-25T13:43:33-04:00
https://www.mass.gov/doc/fy25-city-of-boston-budget-5/download,2026-08-25T13:43:33-04:00
https://www.mass.gov/doc/fy25-city-of-boston-initial-budget/download,2026-08-25T13:43:33-04:00
https://www.mass.gov/doc/fy25-franklin-hampshire-budget-4/download,2026-08-25T13:43:33-04:00
https://www.mass.gov/doc/fy25-lowell-budget-4/download,2026-08-25T13:43:33-04:00
https://www.mass.gov/doc/fy25-mass-regional-initial-budget/download,2026-08-25T13:43:33-04:00
https://www.mass.gov/doc/fy25-metro-north-reb-budget-4/download,2026-08-25T13:43:33-04:00
https://www.mass.gov/doc/fy25-metro-north-reb-budget-5/download,2026-08-25T13:43:33-04:00
https://www.mass.gov/doc/fy25-metro-southwest-budget-3/download,2026-08-25T13:43:33-04:00
https://www.mass.gov/doc/fy25-metro-southwest-budget-4/download,2026-08-25T13:43:33-04:00
https://www.mass.gov/doc/fy25-new-bedford-budget-4/download,2026-08-25T13:43:33-04:00
https://www.mass.gov/doc/fy25-north-shore-budget-2/download,2026-08-25T13:43:33-04:00
https://www.mass.gov/doc/fy25-north-shore-budget-3/download,2026-08-25T13:43:33-04:00
https://www.mass.gov/doc/mh-image/download,2026-08-25T13:43:33-04:00
https://www.mass.gov/doc/fy25-city-of-quincy-budget-3/download,2026-08-25T13:43:33-04:00
https://www.mass.gov/doc/fy25-city-of-quincy-budget-4/download,2026-08-25T13:43:33-04:00
https://www.mass.gov/doc/fy25-fall-river-budget-3/download,2026-08-25T13:43:33-04:00
https://www.mass.gov/doc/fy25-fall-river-budget-4/download,2026-08-25T13:43:33-04:00
https://www.mass.gov/doc/fy25-hampden-budget-4/download,2026-08-25T13:43:33-04:00
https://www.mass.gov/doc/fy25-hampden-budget-5/download,2026-08-25T13:43:33-04:00
https://www.mass.gov/doc/fy25-lawrence-budget-3/download,2026-08-25T13:43:33-04:00
https://www.mass.gov/doc/fy25-lawrence-budget-4/download,2026-08-25T13:43:33-04:00
https://www.mass.gov/doc/dcs-info-14-593-amplifying-youth-voics-examples-of-youth-adult-partnership-initiatives-workforcegps-webinar/download,2026-08-25T13:43:33-04:00
https://www.mass.gov/doc/dcs-info-14-594-navigating-the-2024-uniform-guidance-revisions-what-you-need-to-know-workforcegps-webinar/download,2026-08-25T13:43:33-04:00
https://www.mass.gov/doc/dcs-policy-08-132-ea-shelter-masshire-career-center-funds-fy25-additional-update/download,2026-08-25T13:33:50-04:00
https://www.mass.gov/doc/dcs-policy-08-132a-ea-shelter-funds-part-i-allocations/download,2026-08-25T13:34:46-04:00
https://www.mass.gov/doc/dcs-policy-08-132b-scoring-rubric/download,2026-08-25T13:43:33-04:00
https://www.mass.gov/doc/dcs-policy-08-132c-part-i-ii-local-budgets-and-budget-narrative/download,2026-08-25T13:43:33-04:00
https://www.mass.gov/doc/dcs-policy-08-132d-part-iia-scope-of-work-template/download,2026-08-25T13:43:33-04:00
https://www.mass.gov/doc/dcs-policy-08-132e-local-shelter-work-report-narrative-template/download,2026-08-25T13:43:33-04:00
https://www.mass.gov/doc/fy25-berkshire-training-budget-1/download,2026-08-25T13:43:33-04:00
https://www.mass.gov/doc/fy25-brockton-budget-1/download,2026-08-25T13:43:33-04:00
https://www.mass.gov/doc/fy25-city-of-quincy-budget-1/download,2026-08-25T13:43:33-04:00
https://www.mass.gov/doc/fy25-fall-river-budget-1/download,2026-08-25T13:43:33-04:00
https://www.mass.gov/doc/fy25-franklin-hampshire-budget-1/download,2026-08-25T13:43:33-04:00
https://www.mass.gov/doc/fy25-lawrence-budget-1/download,2026-08-25T13:43:33-04:00
https://www.mass.gov/doc/fy25-lowell-budget-1/download,2026-08-25T13:43:33-04:00
https://www.mass.gov/doc/fy25-metro-southwest-budget-1/download,2026-08-25T13:43:33-04:00
https://www.mass.gov/doc/fy25-new-bedford-budget-1/download,2026-08-25T13:43:33-04:00
https://www.mass.gov/doc/fy25-north-central-budget-1/download,2026-08-25T13:43:33-04:00
https://www.mass.gov/doc/dcs-policy-08-133-temporary-authorized-training-tax-credit-for-emergency-assistance-tattcea/download,2026-08-25T13:34:46-04:00
https://www.mass.gov/doc/mdcs-wotc-dashboard-july-1-2024-september-30-2024/download,2026-08-25T13:43:33-04:00
https://www.mass.gov/doc/dcs-info-14-595-be-pro-be-proud-building-tomorrows-workforce-workforcegps-webinar/download,2026-08-25T13:43:33-04:00
https://www.mass.gov/doc/fy25-franklin-hampshire-budget-5/download,2026-08-25T13:43:33-04:00
https://www.mass.gov/doc/fy25-hampden-budget-1/download,2026-08-25T13:43:33-04:00
https://www.mass.gov/doc/fy25-metro-north-reb-budget-1/download,2026-08-25T13:43:33-04:00
https://www.mass.gov/doc/dcs-policy-08-134-training-on-the-job-toj-for-emergency-assistance-ea-shelter-residents/download,2026-08-25T13:34:46-04:00
https://www.mass.gov/doc/dcs-jpp-02-2024-masshire-and-nextgen-careers-training-partnership/download,2026-08-25T13:33:50-04:00
https://www.mass.gov/doc/dcs-jpp-02-2024a-nextgen-careers-service-delivery-regions-crosswalk/download,2026-08-25T13:33:50-04:00
https://www.mass.gov/doc/dcs-jpp-02-2024b-nextgen-careers-referral-form-completed-by-nextgen/download,2026-08-25T13:33:50-04:00
https://www.mass.gov/doc/dcs-jpp-02-2024c-shared-customer-release-form-completed-by-nextgen-consumer/download,2026-08-25T13:43:33-04:00
https://www.mass.gov/doc/dcs-jpp-02-2024d-training-justification-form-completed-by-mcc/download,2026-08-25T13:43:33-04:00
https://www.mass.gov/doc/dcs-jpp-02-2024e-nextgen-careers-individual-training-request-form-completed-by-mcc/download,2026-08-25T13:43:33-04:00
https://www.mass.gov/doc/dcs-jpp-02-2024f-moses-tracking-guide-for-the-nextgen-careers/download,2026-08-25T13:42:59-04:00
https://www.mass.gov/doc/dcs-jpp-02-2024g-master-agreement/download,2026-08-25T13:42:59-04:00
https://www.mass.gov/doc/dcs-jpp-02-2024h-masshirenextgen-careers-employment-voucher-invoice/download,2026-08-25T13:42:59-04:00
https://www.mass.gov/doc/dcs-jpp-02-2024i-nextgen-careers-individual-training-account-ita-modification-request/download,2026-08-25T13:42:59-04:00
https://www.mass.gov/doc/dcs-jpp-02-2024j-powerpoint-presentation-on-training-funds-for-nextgen-careers-consumers/download,2026-08-25T13:42:59-04:00
https://www.mass.gov/doc/fy25-brockton-budget-3/download,2026-08-25T13:42:59-04:00
https://www.mass.gov/doc/fy25-city-of-boston-budget-1/download,2026-08-25T13:42:59-04:00
https://www.mass.gov/doc/fy25-city-of-boston-budget-2/download,2026-08-25T13:42:59-04:00
https://www.mass.gov/doc/fy25-hampden-budget-3/download,2026-08-25T13:42:59-04:00
https://www.mass.gov/doc/fy25-metro-north-reb-budget-3/download,2026-08-25T13:42:59-04:00
https://www.mass.gov/doc/fy25-city-of-boston-budget-3/download,2026-08-25T13:42:59-04:00
https://www.mass.gov/doc/dcs-info-15-140-homeless-veterans-reintegration-program-requirements-and-functions/download,2026-08-25T13:42:59-04:00
https://www.mass.gov/doc/dcs-info-15-141-dvop-eligibility-flowchart-and-dvop-eligibility-screening-tool/download,2026-08-25T13:42:59-04:00
https://www.mass.gov/doc/dcs-info-14-596-strategies-for-effective-on-the-job-training-implementation-workforcegps-webinar/download,2026-08-25T13:42:59-04:00
https://www.mass.gov/doc/fy23-edic-budget-25/download,2026-08-25T13:42:59-04:00
https://www.mass.gov/doc/fy24-edic-budget-23/download,2026-08-25T13:42:59-04:00
https://www.mass.gov/doc/fy25-metro-north-reb-budget-6/download,2026-08-25T13:42:59-04:00
https://www.mass.gov/doc/fy25-new-bedford-budget-5/download,2026-08-25T13:42:59-04:00
https://www.mass.gov/doc/fy25-north-central-budget-5/download,2026-08-25T13:42:59-04:00
https://www.mass.gov/doc/dcs-info-09-136-fy2024-career-center-performance-reports-quarter-ending-june-30-2024/download,2026-08-25T13:42:59-04:00
https://www.mass.gov/doc/dcs-info-09-136a-tab00-table-of-contents/download,2026-08-25T13:42:59-04:00
https://www.mass.gov/doc/dcs-info-09-136b-tab01-executive-summary/download,2026-08-25T13:42:59-04:00
https://www.mass.gov/doc/dcs-info-09-136c-tab02-employer-summary/download,2026-08-25T13:42:59-04:00
https://www.mass.gov/doc/dcs-info-09-136d-tab03-job-seeker-summary/download,2026-08-25T13:42:59-04:00
https://www.mass.gov/doc/dcs-info-09-136e-tab04-veteran-summary/download,2026-08-25T13:42:59-04:00
https://www.mass.gov/doc/dcs-info-09-136f-tab05-res-summary/download,2026-08-25T13:42:59-04:00
https://www.mass.gov/doc/dcs-info-09-136g-tab06-title-i-adults-and-dislocated-worker-summary/download,2026-08-25T13:42:59-04:00
https://www.mass.gov/doc/dcs-info-09-136h-tab07-title-i-youth-summary/download,2026-08-25T13:42:59-04:00
https://www.mass.gov/doc/dcs-info-09-136i-tab08-national-dislocated-worker-grants-summary/download,2026-08-25T13:42:59-04:00
https://www.mass.gov/doc/dcs-info-09-136j-tab09-trade-summary/download,2026-08-25T13:42:59-04:00
https://www.mass.gov/doc/dcs-info-09-136k-tab10-labor-exchange-vets-resea-performance-summary/download,2026-08-25T13:42:59-04:00
https://www.mass.gov/doc/dcs-info-09-136l-tab11-title-i-performance/download,2026-08-25T13:42:59-04:00
https://www.mass.gov/doc/dcs-info-09-136m-tab12-trade-performance-summary/download,2026-08-25T13:42:59-04:00
https://www.mass.gov/doc/dcs-info-09-136n-tab13-performance-cohorts/download,2026-08-25T13:42:59-04:00
https://www.mass.gov/doc/fy25-berkshire-training-budget-2/download,2026-08-25T13:42:59-04:00
https://www.mass.gov/doc/fy25-brockton-budget-2/download,2026-08-25T13:42:59-04:00
https://www.mass.gov/doc/fy25-city-of-quincy-budget-2/download,2026-08-25T13:42:59-04:00
https://www.mass.gov/doc/fy25-fall-river-budget-2/download,2026-08-25T13:42:59-04:00
https://www.mass.gov/doc/fy25-franklin-hampshire-budget-2/download,2026-08-25T13:42:59-04:00
https://www.mass.gov/doc/fy25-hampden-budget-2/download,2026-08-25T13:42:59-04:00
https://www.mass.gov/doc/fy25-jtec-budget-2/download,2026-08-25T13:42:59-04:00
https://www.mass.gov/doc/fy25-lawrence-budget-2/download,2026-08-25T13:42:59-04:00
https://www.mass.gov/doc/fy25-lowell-budget-2/download,2026-08-25T13:42:59-04:00
https://www.mass.gov/doc/fy25-metro-north-reb-budget-2/download,2026-08-25T13:42:59-04:00
https://www.mass.gov/doc/fy25-metro-southwest-budget-2/download,2026-08-25T13:42:59-04:00
https://www.mass.gov/doc/fy25-new-bedford-budget-2/download,2026-08-25T13:42:59-04:00
https://www.mass.gov/doc/fy25-north-central-budget-2/download,2026-08-25T13:36:29-04:00
https://www.mass.gov/doc/fy25-north-shore-budget-1/download,2026-08-25T13:36:29-04:00
https://www.mass.gov/doc/dcs-info-25-276-funding-opportunity-workforce-pathways-for-youth-round-5-announced/download,2026-08-25T13:36:29-04:00
https://www.mass.gov/doc/dcs-info-14-597-save-the-date-board-governance-series-training/download,2026-08-25T13:36:29-04:00
https://www.mass.gov/doc/h2a-h2b-job-orders-by-area/download,2026-08-25T13:36:29-04:00
https://www.mass.gov/doc/dcs-info-05-193-sharing-our-story-masshire-communication-portal/download,2026-08-25T13:36:29-04:00
https://www.mass.gov/doc/dcs-policy-03-114-1-competitive-selection-of-career-center-operator-or-career-center-operatorservice-provider/download,2026-08-25T13:36:29-04:00
https://www.mass.gov/doc/dcs-policy-03-114-1a-appeals-process/download,2026-08-25T13:36:29-04:00
https://www.mass.gov/doc/dcs-policy-03-114-1b-request-for-proposal-template-for-operatorservice-provider/download,2026-08-25T13:36:29-04:00
https://www.mass.gov/doc/dcs-policy-03-114-1c-career-center-operator-statement-of-work-sow-examples-from-other-states/download,2026-08-25T13:36:29-04:00
https://www.mass.gov/doc/fy25-north-shore-budget-4/download,2026-08-25T13:36:29-04:00
https://www.mass.gov/doc/dcs-policy-21-105-h-2b-non-agricultural-job-orders-and-roles-and-responsibilities/download,2026-08-25T13:36:29-04:00
https://www.mass.gov/doc/fy25-berkshire-training-budget-4/download,2026-08-25T13:36:29-04:00
https://www.mass.gov/doc/fy25-brockton-budget-7/download,2026-08-25T13:36:29-04:00
https://www.mass.gov/doc/fy25-fall-river-budget-5/download,2026-08-25T13:36:29-04:00
https://www.mass.gov/doc/fy25-franklin-hampshire-budget-6/download,2026-08-25T13:36:29-04:00
https://www.mass.gov/doc/fy25-hampden-budget-6/download,2026-08-25T13:36:29-04:00
https://www.mass.gov/doc/fy25-jtec-budget-4/download,2026-08-25T13:36:29-04:00
https://www.mass.gov/doc/fy25-lawrence-budget-5/download,2026-08-25T13:36:29-04:00
https://www.mass.gov/doc/fy25-lowell-budget-5/download,2026-08-25T13:36:29-04:00
https://www.mass.gov/doc/fy25-metro-north-reb-budget-8/download,2026-08-25T13:36:29-04:00
https://www.mass.gov/doc/fy25-metro-southwest-budget-6/download,2026-08-25T13:36:29-04:00
https://www.mass.gov/doc/fy25-north-central-budget-7/download,2026-08-25T13:36:29-04:00
https://www.mass.gov/doc/fy25-north-shore-budget-5/download,2026-08-25T13:36:29-04:00
https://www.mass.gov/doc/dcs-policy-08-119-remote-career-center-seminar-0/download,2026-08-25T13:33:50-04:00
https://www.mass.gov/doc/dcs-info-14-598-apprenticeship-opportunities-for-individuals-reentering-their-communities-post-incarceration-workforcegps-webinar/download,2026-08-25T13:36:29-04:00
https://www.mass.gov/doc/fy25-brockton-budget-6/download,2026-08-25T13:36:29-04:00
https://www.mass.gov/doc/fy25-metro-southwest-budget-5/download,2026-08-25T13:36:29-04:00
https://www.mass.gov/doc/fy25-new-bedford-budget-6/download,2026-08-25T13:36:29-04:00
https://www.mass.gov/doc/fy25-north-central-budget-6/download,2026-08-25T13:36:29-04:00
https://www.mass.gov/doc/dcs-policy-10-112-data-element-validation-for-fy-2025/download,2026-08-25T13:33:50-04:00
https://www.mass.gov/doc/dcs-policy-10-111-masshire-department-of-career-services-field-management-and-oversight-fiscal-year-2025-monitoring-review-of-the-masshire-workforce-boards/download,2026-08-25T13:33:50-04:00
https://www.mass.gov/doc/dcs-policy-10-111a-fy25-mdcs-program-elements/download,2026-08-25T13:36:29-04:00
https://www.mass.gov/doc/dcs-policy-10-111b-fy25-career-center-program-questionnaire/download,2026-08-25T13:36:29-04:00
https://www.mass.gov/doc/dcs-policy-10-111c-fy25-customer-program-file-review/download,2026-08-25T13:36:29-04:00
https://www.mass.gov/doc/dcs-policy-10-111d-fy25-youth-customer-program-file-review/download,2026-08-25T13:36:29-04:00
https://www.mass.gov/doc/dcs-policy-10-111e-fy25-american-with-disabilities-act-complianceeeocomplaint/download,2026-08-25T13:36:29-04:00
https://www.mass.gov/doc/dcs-policy-10-111f-fy25-language-access-assessment-lep/download,2026-08-25T13:36:29-04:00
https://www.mass.gov/doc/dcs-policy-10-111g-fy25-veterans-caseload-data-analysis-sheet-vcdas/download,2026-08-25T13:36:29-04:00
https://www.mass.gov/doc/dcs-policy-10-111i-fy25-significant-barriers-to-employment-sbe-checklist/download,2026-08-25T13:36:29-04:00
https://www.mass.gov/doc/dcs-policy-10-111j-fy25-officer-list/download,2026-08-25T13:36:29-04:00
https://www.mass.gov/doc/dcs-policy-10-111ka-fy25-initial-resea-review-checklist-fillable/download,2026-08-25T13:33:50-04:00
https://www.mass.gov/doc/dcs-policy-10-111kb-fy25-initial-resea-review-checklist-printable/download,2026-08-25T13:33:50-04:00
https://www.mass.gov/doc/dcs-policy-10-111la-fy25-resea-review-checklist-fillable/download,2026-08-25T13:33:50-04:00
https://www.mass.gov/doc/dcs-policy-10-111lb-fy25-resea-review-checklist-printable/download,2026-08-25T13:33:50-04:00
https://www.mass.gov/doc/dcs-policy-10-111n-fy25-workforce-board-questionnaire/download,2026-08-25T13:36:29-04:00
https://www.mass.gov/doc/dcs-policy-17-112-masshire-fy25-workforce-board-career-center-oversight-and-monitoring-requirements/download,2026-08-25T13:33:50-04:00
https://www.mass.gov/doc/fy24-north-central-budget-28/download,2026-08-25T13:36:29-04:00
https://www.mass.gov/doc/fy25-city-of-boston-budget-6/download,2026-08-25T13:36:29-04:00
https://www.mass.gov/doc/fy25-metro-north-reb-budget-7/download,2026-08-25T13:36:29-04:00
https://www.mass.gov/doc/dcs-info-25-277-ma-office-for-refugees-and-immigrants-request-for-response-on-commbuys/download,2026-08-25T13:36:29-04:00
https://www.mass.gov/doc/fy25-worcester-budget-4/download,2026-08-25T13:36:29-04:00
https://www.mass.gov/doc/worcester-initial-budget-fy25/download,2026-08-25T13:36:29-04:00
https://www.mass.gov/doc/dcs-policy-04-109-wioa-local-4-year-plan-guidance-fy22-25-0/download,2026-08-25T13:33:50-04:00
https://www.mass.gov/doc/fy25-worcester-budget-1/download,2026-08-25T13:36:29-04:00
https://www.mass.gov/doc/fy25-worcester-budget-2/download,2026-08-25T13:36:29-04:00
https://www.mass.gov/doc/fy25-worcester-budget-3/download,2026-08-25T13:35:34-04:00
https://www.mass.gov/doc/fy25-worcester-budget-5/download,2026-08-25T13:35:34-04:00
https://www.mass.gov/doc/11-21-24-meeting-minutes-mhswb/download,2026-08-25T13:35:34-04:00
https://www.mass.gov/doc/11-21-24-final-agenda-mswb-3/download,2026-08-25T13:35:34-04:00
https://www.mass.gov/doc/dcs-info-05-194-behavioral-health-workforce-career-navigator-launched/download,2026-08-25T13:35:34-04:00
https://www.mass.gov/doc/dcs-policy-08-135-the-agricultural-recruitment-system-ars/download,2026-08-25T13:35:34-04:00
https://www.mass.gov/doc/dcs-policy-21-106-h-2a-agricultural-clearance-orders-job-orders-roles-and-responsibilities/download,2026-08-25T13:35:34-04:00
https://www.mass.gov/doc/fy25-berkshire-training-budget-5/download,2026-08-25T13:35:34-04:00
https://www.mass.gov/doc/fy25-brockton-budget-8/download,2026-08-25T13:35:34-04:00
https://www.mass.gov/doc/fy25-city-of-quincy-budget-5/download,2026-08-25T13:35:34-04:00
https://www.mass.gov/doc/fy25-fall-river-budget-6/download,2026-08-25T13:35:34-04:00
https://www.mass.gov/doc/fy25-franklin-hampshire-budget-7/download,2026-08-25T13:35:34-04:00
https://www.mass.gov/doc/fy25-jtec-budget-5/download,2026-08-25T13:35:34-04:00
https://www.mass.gov/doc/fy25-lawrence-budget-6/download,2026-08-25T13:35:34-04:00
https://www.mass.gov/doc/fy25-lowell-budget-6/download,2026-08-25T13:35:34-04:00
https://www.mass.gov/doc/fy25-metro-southwest-budget-7/download,2026-08-25T13:35:34-04:00
https://www.mass.gov/doc/fy25-north-central-budget-8/download,2026-08-25T13:35:34-04:00
https://www.mass.gov/doc/fy25-north-shore-budget-6/download,2026-08-25T13:35:34-04:00
https://www.mass.gov/doc/fy25-worcester-budget-6/download,2026-08-25T13:35:34-04:00
https://www.mass.gov/doc/fy25-city-of-boston-budget-7/download,2026-08-25T13:35:34-04:00
https://www.mass.gov/doc/fy25-hampden-budget-7/download,2026-08-25T13:35:34-04:00
https://www.mass.gov/doc/fy25-metro-north-reb-budget-9/download,2026-08-25T13:35:34-04:00
https://www.mass.gov/doc/fy25-berkshire-training-budget-6/download,2026-08-25T13:35:34-04:00
https://www.mass.gov/doc/fy25-brockton-budget-9/download,2026-08-25T13:35:34-04:00
https://www.mass.gov/doc/fy25-city-of-boston-budget-8/download,2026-08-25T13:35:34-04:00
https://www.mass.gov/doc/fy25-city-of-quincy-budget-6/download,2026-08-25T13:35:34-04:00
https://www.mass.gov/doc/fy25-fall-river-budget-7/download,2026-08-25T13:35:34-04:00
https://www.mass.gov/doc/fy25-franklin-hampshire-budget-8/download,2026-08-25T13:35:34-04:00
https://www.mass.gov/doc/fy25-hampden-budget-8/download,2026-08-25T13:35:34-04:00
https://www.mass.gov/doc/fy25-jtec-budget-6/download,2026-08-25T13:35:34-04:00
https://www.mass.gov/doc/fy25-lawrence-budget-7/download,2026-08-25T13:35:34-04:00
https://www.mass.gov/doc/fy25-lowell-budget-7/download,2026-08-25T13:35:34-04:00
https://www.mass.gov/doc/fy25-metro-north-reb-budget-10/download,2026-08-25T13:35:34-04:00
https://www.mass.gov/doc/fy25-metro-southwest-budget-8/download,2026-08-25T13:35:34-04:00
https://www.mass.gov/doc/fy25-new-bedford-budget-7/download,2026-08-25T13:35:34-04:00
https://www.mass.gov/doc/fy25-north-central-budget-9/download,2026-08-25T13:35:34-04:00
https://www.mass.gov/doc/fy25-north-shore-budget-7/download,2026-08-25T13:35:34-04:00
https://www.mass.gov/doc/fy25-worcester-budget-7/download,2026-08-25T13:35:34-04:00
https://www.mass.gov/doc/dcs-info-25-278-funding-opportunity-2024-bidders-conference-for-the-homeless-veterans-reintegration-program-hvrp/download,2026-08-25T13:35:34-04:00
https://www.mass.gov/doc/dcs-info-05-195-2024-massstep-newsletter-issuance/download,2026-08-25T13:35:34-04:00
https://www.mass.gov/doc/dcs-info-05-195a-2024-massstep-newsletter-attachment-a/download,2026-08-25T13:35:34-04:00
https://www.mass.gov/doc/fy25-north-central-budget-10/download,2026-08-25T13:35:34-04:00
https://www.mass.gov/doc/public-housing-notice-phn-repository/download,2026-08-25T12:37:00-04:00
https://www.mass.gov/doc/dcs-info-08-131-ten-13-24-updated-promising-practices-in-achieving-nondiscrimination-and-equal-opportunity-a-section-188-disability-reference-guide-2024/download,2026-08-25T13:35:34-04:00
https://www.mass.gov/doc/dcs-info-02-164-masshire-jobquest-mymassgov-upcoming-changes-to-how-job-seekers-will-log-in-to-masshire-jobquest/download,2026-08-25T13:35:34-04:00
https://www.mass.gov/doc/dcs-policy-10-100-7-required-posters-for-display-in-masshire-career-centers-and-sub-recipient-offices/download,2026-08-25T13:35:34-04:00
https://www.mass.gov/doc/dcs-policy-10-100-7a-required-poster-list/download,2026-08-25T13:35:34-04:00
https://www.mass.gov/doc/dcs-policy-10-111ha-fy25-required-posters-fillable/download,2026-08-25T13:33:50-04:00
https://www.mass.gov/doc/dcs-policy-10-111hb-fy25-required-poster-printable/download,2026-08-25T13:33:50-04:00
https://www.mass.gov/doc/dcs-policy-21-107-farm-labor-camp-inspections-foreign-labor-certification-flc-h2anprogram/download,2026-08-25T13:34:46-04:00
https://www.mass.gov/doc/dcs-policy-21-107a-overview-of-housing-inspection-process-and-timeline/download,2026-08-25T13:34:46-04:00
https://www.mass.gov/doc/dcs-policy-10-111ma-fy25-ccs-checklist-fillable/download,2026-08-25T13:33:50-04:00
https://www.mass.gov/doc/dcs-policy-10-111mb-fy25-ccs-checklist-printable/download,2026-08-25T13:33:50-04:00
https://www.mass.gov/doc/dcs-policy-08-101-2b-language-line-quick-reference-guide/download,2026-08-25T13:34:46-04:00
https://www.mass.gov/doc/dcs-policy-08-101-2c-report-of-usage-fillable-form/download,2026-08-25T13:34:46-04:00
https://www.mass.gov/doc/dcs-policy-08-133-1-temporary-authorized-training-tax-credit-for-emergency-assistance-tattcea/download,2026-08-25T13:33:50-04:00
https://www.mass.gov/doc/dcs-policy-08-133-1a-swdi-and-swdi-p-designation/download,2026-08-25T13:34:46-04:00
https://www.mass.gov/doc/dcs-policy-08-133-1b-sample-nfl-9/download,2026-08-25T13:34:46-04:00
https://www.mass.gov/doc/dcs-policy-08-133-1c-sample-length-of-stay-approval-extension-notice/download,2026-08-25T13:34:46-04:00
https://www.mass.gov/doc/dcs-policy-08-133-1d-sample-length-of-stay-denial-extension-notice/download,2026-08-25T13:34:46-04:00
https://www.mass.gov/doc/dcs-policy-08-133-1e-moses-tracking/download,2026-08-25T13:34:46-04:00
https://www.mass.gov/doc/dcs-policy-08-133-1f-tattcea-flow-charts/download,2026-08-25T13:34:46-04:00
https://www.mass.gov/doc/dcs-policy-08-133-1g-masshire-welcome-flyer-english/download,2026-08-25T13:34:46-04:00
https://www.mass.gov/doc/dcs-policy-08-133-1h-masshire-welcome-flyer-spanish/download,2026-08-25T13:34:46-04:00
https://www.mass.gov/doc/dcs-policy-08-133-1i-masshire-welcome-flyer-haitian-creole/download,2026-08-25T13:34:46-04:00
https://www.mass.gov/doc/dcs-policy-08-134-1-training-on-the-job-for-emergency-assistance-ea-shelter-residents/download,2026-08-25T13:34:46-04:00
https://www.mass.gov/doc/dcs-policy-08-134-1a-toj-procedural-guidance/download,2026-08-25T13:34:46-04:00
https://www.mass.gov/doc/dcs-policy-08-134-1b-sample-employer-eligibility-checklist/download,2026-08-25T13:34:46-04:00
https://www.mass.gov/doc/dcs-policy-08-134-1c-sample-toj-contract/download,2026-08-25T13:34:46-04:00
https://www.mass.gov/doc/dcs-policy-08-134-1d-sample-employer-invoice-monthly/download,2026-08-25T13:34:46-04:00
https://www.mass.gov/doc/dcs-policy-08-134-1e-sample-toj-monthly-progress-report/download,2026-08-25T13:34:46-04:00
https://www.mass.gov/doc/dcs-policy-08-134-1f-sample-ma-certificate-of-good-standing/download,2026-08-25T13:34:46-04:00
https://www.mass.gov/doc/dcs-policy-03-101-4-unified-workforce-development-complaint-system-and-appeals-process/download,2026-08-25T13:34:46-04:00
https://www.mass.gov/doc/dcs-info-14-599-mymassgov-introduction-training/download,2026-08-25T13:34:46-04:00
https://www.mass.gov/doc/dcs-info-14-600-digital-literacy-and-resilience-resources-to-support-digital-skill-building-workforcegps-webinar/download,2026-08-25T13:34:46-04:00
https://www.mass.gov/doc/dcs-info-14-601-2025-masshire-cultural-competency-workshop-series/download,2026-08-25T13:34:46-04:00
https://www.mass.gov/doc/dcs-info-14-601a-cultural-competency-workshop-series-training-components/download,2026-08-25T13:34:46-04:00
https://www.mass.gov/doc/dcs-info-02-165-moses-version-410-will-be-released-on-wednesday-january-22-2025/download,2026-08-25T13:34:46-04:00
https://www.mass.gov/doc/fy25-berkshire-training-budget-8/download,2026-08-25T13:34:46-04:00
https://www.mass.gov/doc/fy25-brockton-budget-11/download,2026-08-25T13:34:46-04:00
https://www.mass.gov/doc/fy25-city-of-boston-budget-10/download,2026-08-25T13:34:46-04:00
https://www.mass.gov/doc/fy25-city-of-quincy-budget-8/download,2026-08-25T13:34:46-04:00
https://www.mass.gov/doc/fy25-fall-river-budget-9/download,2026-08-25T13:34:46-04:00
https://www.mass.gov/doc/fy25-franklin-hampshire-budget-10/download,2026-08-25T13:34:46-04:00
https://www.mass.gov/doc/fy25-hampden-budget-10/download,2026-08-25T13:34:46-04:00
https://www.mass.gov/doc/fy25-jtec-budget-8/download,2026-08-25T13:34:46-04:00
https://www.mass.gov/doc/fy25-lawrence-budget-9/download,2026-08-25T13:34:46-04:00
https://www.mass.gov/doc/fy25-lowell-budget-9/download,2026-08-25T13:34:46-04:00
https://www.mass.gov/doc/fy25-metro-north-reb-budget-12/download,2026-08-25T13:34:46-04:00
https://www.mass.gov/doc/fy25-metro-southwest-budget-10/download,2026-08-25T13:34:46-04:00
https://www.mass.gov/doc/fy25-new-bedford-budget-9/download,2026-08-25T13:34:46-04:00
https://www.mass.gov/doc/fy25-north-central-budget-12/download,2026-08-25T13:34:46-04:00
https://www.mass.gov/doc/fy25-north-shore-budget-9/download,2026-08-25T13:34:46-04:00
https://www.mass.gov/doc/fy25-worcester-budget-9/download,2026-08-25T13:34:46-04:00
https://www.mass.gov/doc/dcs-policy-04-113-1-adult-community-learning-services-acls/download,2026-08-25T13:33:00-04:00
https://www.mass.gov/doc/dcs-policy-04-113-3-massachusetts-commission-for-the-blind-mcb/download,2026-08-25T13:33:00-04:00
https://www.mass.gov/doc/dcs-policy-04-113-4-massachusetts-rehabilitation-commission-mrc/download,2026-08-25T13:33:00-04:00
https://www.mass.gov/doc/dcs-policy-04-113-5-senior-community-services-employment-prog-scsep/download,2026-08-25T13:33:00-04:00
https://www.mass.gov/doc/dcs-policy-04-113-6-national-senior-community-service-and-employment-program-scsep/download,2026-08-25T13:33:00-04:00
https://www.mass.gov/doc/masstalent/download,2026-08-25T13:33:00-04:00
https://www.mass.gov/doc/rr-re-employment/download,2026-08-25T13:33:00-04:00
https://www.mass.gov/doc/dcs-info-14-602-2024-updated-national-dislocated-worker-grant-program-policy-overview-workforcegps-webinar/download,2026-08-25T13:33:00-04:00
https://www.mass.gov/doc/dcs-info-14-603-careeronestop-for-new-americans-workforcegps-webinar/download,2026-08-25T13:33:00-04:00
https://www.mass.gov/doc/dcs-info-14-601b-cultural-competency-flyer/download,2026-08-25T13:33:00-04:00
https://www.mass.gov/doc/fy25-berkshire-training-budget-7/download,2026-08-25T13:33:00-04:00
https://www.mass.gov/doc/fy25-brockton-budget-12/download,2026-08-25T13:32:12-04:00
https://www.mass.gov/doc/fy25-cape-cod-wib-budget-1/download,2026-08-25T13:32:12-04:00
https://www.mass.gov/doc/fy25-city-of-boston-budget-9/download,2026-08-25T13:32:12-04:00
https://www.mass.gov/doc/fy25-city-of-quincy-budget-7/download,2026-08-25T13:32:12-04:00
https://www.mass.gov/doc/fy25-fall-river-budget-8/download,2026-08-25T13:32:12-04:00
https://www.mass.gov/doc/fy25-franklin-hampshire-budget-9/download,2026-08-25T13:32:12-04:00
https://www.mass.gov/doc/fy25-franklin-hampshire-budget-11/download,2026-08-25T13:32:12-04:00
https://www.mass.gov/doc/fy25-hampden-budget-9/download,2026-08-25T13:32:12-04:00
https://www.mass.gov/doc/fy25-hampden-budget-11/download,2026-08-25T13:32:12-04:00
https://www.mass.gov/doc/fy25-jtec-budget-7/download,2026-08-25T13:32:12-04:00
https://www.mass.gov/doc/fy25-lawrence-budget-8/download,2026-08-25T13:32:12-04:00
https://www.mass.gov/doc/fy25-lowell-budget-8/download,2026-08-25T13:32:12-04:00
https://www.mass.gov/doc/fy25-lowell-budget-10/download,2026-08-25T13:32:12-04:00
https://www.mass.gov/doc/fy25-metro-north-reb-budget-11/download,2026-08-25T13:32:12-04:00
https://www.mass.gov/doc/fy25-metro-southwest-budget-9/download,2026-08-25T13:32:12-04:00
https://www.mass.gov/doc/fy25-metro-southwest-budget-11/download,2026-08-25T13:32:12-04:00
https://www.mass.gov/doc/fy25-new-bedford-budget-8/download,2026-08-25T13:32:12-04:00
https://www.mass.gov/doc/fy25-north-central-budget-11/download,2026-08-25T13:32:12-04:00
https://www.mass.gov/doc/fy25-north-central-budget-13/download,2026-08-25T13:32:12-04:00
https://www.mass.gov/doc/fy25-north-shore-budget-8/download,2026-08-25T13:32:12-04:00
https://www.mass.gov/doc/fy25-worcester-budget-8/download,2026-08-25T13:32:12-04:00
https://www.mass.gov/doc/mdcs-wotc-dashboard-october-1-2024-december-31-2024/download,2026-08-25T13:32:12-04:00
https://www.mass.gov/doc/cis-360-adult-2025-what-is-new/download,2026-08-25T13:32:12-04:00
https://www.mass.gov/doc/cis-360-adult-2026-part-1-account-creation-and-career-plan/download,2026-08-25T13:01:27-04:00
https://www.mass.gov/doc/cis-360-adult-2026-part-2-assessments-and-careers/download,2026-08-25T13:01:27-04:00
https://www.mass.gov/doc/cis-360-adult-2026-part-3-education-and-employment/download,2026-08-25T13:04:12-04:00
https://www.mass.gov/doc/dcs-info-14-604-wagner-peyser-emphasizing-the-best-in-employment-services-workforcegps-webinar/download,2026-08-25T13:32:12-04:00
https://www.mass.gov/doc/dcs-info-09-137-fy2025-career-center-performance-reports-quarter-ending-september-30-2024/download,2026-08-25T13:32:12-04:00
https://www.mass.gov/doc/dcs-info-09-137a-tab00-table-of-contents/download,2026-08-25T13:32:12-04:00
https://www.mass.gov/doc/dcs-info-09-137b-tab01-executive-summary/download,2026-08-25T13:32:12-04:00
https://www.mass.gov/doc/dcs-info-09-137c-tab02-employer-summary/download,2026-08-25T13:32:12-04:00
https://www.mass.gov/doc/dcs-info-09-137d-tab03-job-seeker-summary/download,2026-08-25T13:32:12-04:00
https://www.mass.gov/doc/dcs-info-09-137e-tab04-veteran-summary/download,2026-08-25T13:32:12-04:00
https://www.mass.gov/doc/dcs-info-09-137f-tab05-shared-customers-and-res-summary/download,2026-08-25T13:32:12-04:00
https://www.mass.gov/doc/dcs-info-09-137g-tab06-title-i-adults-and-dislocated-worker-summary/download,2026-08-25T13:32:12-04:00
https://www.mass.gov/doc/dcs-info-09-137h-tab07-title-i-youth-summary/download,2026-08-25T13:32:12-04:00
https://www.mass.gov/doc/dcs-info-09-137i-tab08-national-dislocated-worker-grants-summary/download,2026-08-25T13:32:12-04:00
https://www.mass.gov/doc/dcs-info-09-137j-tab09-trade-summary/download,2026-08-25T13:32:12-04:00
https://www.mass.gov/doc/dcs-info-09-137k-tab10-labor-exchange-vets-resea-performance-summary/download,2026-08-25T13:32:12-04:00
https://www.mass.gov/doc/dcs-info-09-137l-tab11-title-i-performance/download,2026-08-25T13:32:12-04:00
https://www.mass.gov/doc/dcs-info-09-137m-tab12-trade-performance-summary/download,2026-08-25T13:32:12-04:00
https://www.mass.gov/doc/dcs-info-09-137n-tab13-performance-cohort/download,2026-08-25T13:32:12-04:00
https://www.mass.gov/doc/dls-property-tax-and-excise-tax-bulletin-hero-act/download,2026-08-25T19:11:59-04:00
https://www.mass.gov/doc/dcs-info-02-167-torqworks-torq-no-longer-available/download,2026-08-25T13:32:12-04:00
https://www.mass.gov/doc/dcs-info-25-279-funding-opportunity-pathway-home-6/download,2026-08-25T13:32:12-04:00
https://www.mass.gov/doc/dcs-info-14-605-partnering-with-employers-for-inclusive-hiring-and-retention-services-workforcegps-webinar/download,2026-08-25T13:32:12-04:00
https://www.mass.gov/doc/dcs-info-14-606-jobs-for-veterans-state-grant-jvsg-training-series/download,2026-08-25T13:32:12-04:00
https://www.mass.gov/doc/fy25-berkshire-training-budget-9/download,2026-08-25T13:32:12-04:00
https://www.mass.gov/doc/fy25-berkshire-training-budget-10/download,2026-08-25T13:32:12-04:00
https://www.mass.gov/doc/fy25-berkshire-training-budget-11/download,2026-08-25T13:32:12-04:00
https://www.mass.gov/doc/fy25-city-of-quincy-budget-9/download,2026-08-25T13:32:12-04:00
https://www.mass.gov/doc/fy25-city-of-quincy-budget-10/download,2026-08-25T13:32:12-04:00
https://www.mass.gov/doc/fy25-fall-river-budget-10/download,2026-08-25T13:31:32-04:00
https://www.mass.gov/doc/fy25-fall-river-budget-11/download,2026-08-25T13:31:32-04:00
https://www.mass.gov/doc/fy25-franklin-hampshire-budget-12/download,2026-08-25T13:31:32-04:00
https://www.mass.gov/doc/fy25-franklin-hampshire-budget-13/download,2026-08-25T13:31:32-04:00
https://www.mass.gov/doc/fy25-jtec-budget-9/download,2026-08-25T13:31:32-04:00
https://www.mass.gov/doc/fy25-jtec-budget-10/download,2026-08-25T13:31:32-04:00
https://www.mass.gov/doc/fy25-lawrence-budget-10/download,2026-08-25T13:31:32-04:00
https://www.mass.gov/doc/fy25-lawrence-budget-11/download,2026-08-25T13:31:32-04:00
https://www.mass.gov/doc/fy25-new-bedford-budget-10/download,2026-08-25T13:31:32-04:00
https://www.mass.gov/doc/fy25-new-bedford-budget-11/download,2026-08-25T13:31:32-04:00
https://www.mass.gov/doc/fy25-north-shore-budget-10/download,2026-08-25T13:31:32-04:00
https://www.mass.gov/doc/fy25-north-shore-budget-11/download,2026-08-25T13:31:32-04:00
https://www.mass.gov/doc/dcs-info-08-132-masshire-policy-review-process/download,2026-08-25T13:31:32-04:00
https://www.mass.gov/doc/fy25-brockton-budget-13/download,2026-08-25T13:31:32-04:00
https://www.mass.gov/doc/fy25-city-of-boston-budget-11/download,2026-08-25T13:31:32-04:00
https://www.mass.gov/doc/fy25-hampden-budget-12/download,2026-08-25T13:31:32-04:00
https://www.mass.gov/doc/fy25-lowell-budget-11/download,2026-08-25T13:31:32-04:00
https://www.mass.gov/doc/fy25-lowell-budget-12/download,2026-08-25T13:31:32-04:00
https://www.mass.gov/doc/fy25-metro-north-reb-budget-13/download,2026-08-25T13:31:32-04:00
https://www.mass.gov/doc/fy25-metro-southwest-budget-12/download,2026-08-25T13:31:32-04:00
https://www.mass.gov/doc/fy25-metro-southwest-budget-13/download,2026-08-25T13:31:32-04:00
https://www.mass.gov/doc/fy25-worcester-budget-10/download,2026-08-25T13:31:32-04:00
https://www.mass.gov/doc/fy25-worcester-budget-11/download,2026-08-25T13:31:32-04:00
https://www.mass.gov/doc/fy25-worcester-budget-12/download,2026-08-25T13:31:32-04:00
https://www.mass.gov/doc/annual-renewal-certification-form/download,2026-08-25T12:05:50-04:00
https://www.mass.gov/doc/fy25-north-central-budget-14/download,2026-08-25T13:31:32-04:00
https://www.mass.gov/doc/fy25-north-central-budget-15/download,2026-08-25T13:31:32-04:00
https://www.mass.gov/doc/fillable-2026-aco-designation/download,2026-08-25T14:24:40-04:00
https://www.mass.gov/doc/section-30-qa-for-vendors-january-8-2025/download,2026-08-25T13:31:32-04:00
https://www.mass.gov/doc/dcs-info-14-607-opioid-disaster-grants-navigating-the-updated-tegl-09-24-workforcegps-webinar/download,2026-08-25T13:31:32-04:00
https://www.mass.gov/doc/dcs-policy-10-113-masshire-department-of-career-services-mdcs-state-monitor-advocate-sma-monitoring-review-of-services-provided-to-migrant-and-seasonal-farmworkers-msfws-by-masshire-career-centers-mccs/download,2026-08-25T13:31:32-04:00
https://www.mass.gov/doc/dcs-policy-10-113a-glossary-of-terms-and-abbreviations-used-in-the-provision-of-services-to-migrant-and-seasonal-farmworkers-msfws/download,2026-08-25T13:31:32-04:00
https://www.mass.gov/doc/dcs-policy-10-113b-sma-msfw-program-compliance-monitoring-review-tool/download,2026-08-25T13:31:32-04:00
https://www.mass.gov/doc/dcs-policy-10-113c-sma-masshire-career-center-mcc-site-visit-schedule/download,2026-08-25T13:31:32-04:00
https://www.mass.gov/doc/dcs-policy-10-113d-migrant-and-seasonal-farm-worker-msfw-desk-aid/download,2026-08-25T13:31:32-04:00
https://www.mass.gov/doc/dcs-policy-10-113e-sma-monitoring-review-checklist/download,2026-08-25T13:31:32-04:00
https://www.mass.gov/doc/dcs-policy-10-113f-masshire-career-center-questionnaire/download,2026-08-25T13:31:32-04:00
https://www.mass.gov/doc/dcs-policy-10-113g-workforce-board-questionnaire/download,2026-08-25T13:31:32-04:00
https://www.mass.gov/doc/dcs-info-15-142-hire-vets-medallion-program-2025/download,2026-08-25T13:31:32-04:00
https://www.mass.gov/doc/fy25-berkshire-training-budget-12/download,2026-08-25T13:31:32-04:00
https://www.mass.gov/doc/fy25-city-of-quincy-budget-11/download,2026-08-25T13:31:32-04:00
https://www.mass.gov/doc/fy25-franklin-hampshire-budget-14/download,2026-08-25T13:31:32-04:00
https://www.mass.gov/doc/fy25-hampden-budget-13/download,2026-08-25T13:31:32-04:00
https://www.mass.gov/doc/fy25-lawrence-budget-12/download,2026-08-25T13:31:32-04:00
https://www.mass.gov/doc/fy25-lowell-budget-13/download,2026-08-25T13:31:32-04:00
https://www.mass.gov/doc/fy25-metro-north-reb-budget-14/download,2026-08-25T13:31:32-04:00
https://www.mass.gov/doc/fy25-metro-southwest-budget-14/download,2026-08-25T13:31:32-04:00
https://www.mass.gov/doc/fy25-north-central-budget-16/download,2026-08-25T13:31:32-04:00
https://www.mass.gov/doc/fy25-franklin-hampshire-budget-15/download,2026-08-25T13:31:32-04:00
https://www.mass.gov/doc/dcs-info-14-608-employment-modernization-and-transformation-emt-training/download,2026-08-25T13:31:32-04:00
https://www.mass.gov/doc/fy25-north-shore-budget-12/download,2026-08-25T13:30:52-04:00
https://www.mass.gov/doc/fy25-brockton-budget-14/download,2026-08-25T13:30:52-04:00
https://www.mass.gov/doc/dcs-policy-04-114-attachment1-adult-community-learning-services-acls/download,2026-08-25T13:30:52-04:00
https://www.mass.gov/doc/dcs-policy-04-114-attachment3-massachusetts-commission-for-the-blind-mcb/download,2026-08-25T13:30:52-04:00
https://www.mass.gov/doc/dcs-policy-04-114-attachment4-massability/download,2026-08-25T13:30:52-04:00
https://www.mass.gov/doc/resea-dnr-after-attainment-excel/download,2026-08-25T13:30:52-04:00
https://www.mass.gov/doc/dcs-info-25-280-grant-availability-climate-service-corps-grants/download,2026-08-25T13:30:52-04:00
https://www.mass.gov/doc/dcs-policy-08-136-job-corps-program-change-related-to-masshire-career-centers/download,2026-08-25T13:30:52-04:00
https://www.mass.gov/doc/dcs-info-25-281-funding-opportunity-homeless-veterans-reintegration-program-hvrp/download,2026-08-25T13:30:52-04:00
https://www.mass.gov/doc/dcs-info-25-282-funding-opportunity-office-of-special-programs-osep-training-and-information-for-parents-of-children-with-disabilities/download,2026-08-25T13:30:52-04:00
https://www.mass.gov/doc/dcs-info-23-106-reemployment-services-eligibility-assessment-resea-assistance-form-updated-and-fillable/download,2026-08-25T13:30:52-04:00
https://www.mass.gov/doc/dcs-info-23-106a-resea-assistance-form/download,2026-08-25T13:30:52-04:00
https://www.mass.gov/doc/dcs-policy-04-114-attachment5-ma-scsep/download,2026-08-25T13:30:52-04:00
https://www.mass.gov/doc/dcs-policy-08-105-1-migrant-seasonal-farmworker-requirements-under-wioa/download,2026-08-25T13:30:52-04:00
https://www.mass.gov/doc/dcs-policy-08-105-1a-msfw-desk-reference/download,2026-08-25T13:30:52-04:00
https://www.mass.gov/doc/dcs-policy-08-105-1b-msfw-data-collection-in-moses/download,2026-08-25T13:30:52-04:00
https://www.mass.gov/doc/dcs-info-05-196-federal-worker-support-website-launched/download,2026-08-25T13:30:52-04:00
https://www.mass.gov/doc/dcs-policy-03-108-2-public-information-and-records-request/download,2026-08-25T13:30:52-04:00
https://www.mass.gov/doc/dcs-policy-03-108-2a-masshire-career-center-records-request-form/download,2026-08-25T13:30:52-04:00
https://www.mass.gov/doc/dcs-info-fy2025-career-center-performance-reports-quarter-ending-december-31-2024/download,2026-08-25T13:30:52-04:00
https://www.mass.gov/doc/dcs-info-09-138a-tab00-table-of-contents/download,2026-08-25T13:30:52-04:00
https://www.mass.gov/doc/dcs-info-09-138b-tab01-executive-summary/download,2026-08-25T13:30:52-04:00
https://www.mass.gov/doc/dcs-info-09-138c-tab02-employer-summary/download,2026-08-25T13:30:52-04:00
https://www.mass.gov/doc/dcs-info-09-138d-tab03-job-seeker-summary/download,2026-08-25T13:30:52-04:00
https://www.mass.gov/doc/dcs-info-09-138e-tab04-veteran-summary/download,2026-08-25T13:30:52-04:00
https://www.mass.gov/doc/dcs-info-09-138f-tab05-shared-customers-and-res-summary/download,2026-08-25T13:30:52-04:00
https://www.mass.gov/doc/dcs-info-09-138g-tab06-title-i-adults-and-dislocated-worker-summary/download,2026-08-25T13:30:52-04:00
https://www.mass.gov/doc/dcs-info-09-138h-tab07-title-i-youth-summary/download,2026-08-25T13:30:52-04:00
https://www.mass.gov/doc/dcs-info-09-138i-tab08-national-dislocated-worker-grants-summary/download,2026-08-25T13:30:52-04:00
https://www.mass.gov/doc/dcs-info-09-138j-tab09-trade-summary/download,2026-08-25T13:30:52-04:00
https://www.mass.gov/doc/dcs-info-09-138k-tab10-labor-exchange-vets-resea-performance-summary/download,2026-08-25T13:30:52-04:00
https://www.mass.gov/doc/dcs-info-09-138l-tab11-title-i-performance/download,2026-08-25T13:30:52-04:00
https://www.mass.gov/doc/dcs-info-09-138m-tab12-trade-performance-summary/download,2026-08-25T13:30:52-04:00
https://www.mass.gov/doc/dcs-info-09-138n-tab13-performance-cohort/download,2026-08-25T13:30:52-04:00
https://www.mass.gov/doc/fy25-new-bedford-budget-12/download,2026-08-25T13:30:52-04:00
https://www.mass.gov/doc/fy25-berkshire-training-budget-13/download,2026-08-25T13:30:52-04:00
https://www.mass.gov/doc/fy25-brockton-budget-15/download,2026-08-25T13:30:52-04:00
https://www.mass.gov/doc/fy25-city-of-boston-budget-12/download,2026-08-25T13:30:52-04:00
https://www.mass.gov/doc/fy25-city-of-quincy-budget-12/download,2026-08-25T13:30:52-04:00
https://www.mass.gov/doc/fy25-hampden-budget-14/download,2026-08-25T13:30:52-04:00
https://www.mass.gov/doc/fy25-lawrence-budget-13/download,2026-08-25T13:30:52-04:00
https://www.mass.gov/doc/fy25-lowell-budget-14/download,2026-08-25T13:30:52-04:00
https://www.mass.gov/doc/fy25-metro-north-reb-budget-15/download,2026-08-25T13:30:52-04:00
https://www.mass.gov/doc/fy25-metro-southwest-budget-15/download,2026-08-25T13:30:52-04:00
https://www.mass.gov/doc/fy25-north-shore-budget-13/download,2026-08-25T13:30:52-04:00
https://www.mass.gov/doc/fy25-worcester-budget-13/download,2026-08-25T13:30:52-04:00
https://www.mass.gov/doc/dcs-info-30-100-1-department-of-economic-research-data-and-resources/download,2026-08-25T13:30:52-04:00
https://www.mass.gov/doc/dcs-info-14-609-masshire-department-of-career-services-mdcs-new-training-protocols/download,2026-08-25T13:30:12-04:00
https://www.mass.gov/doc/dcs-info-25-283-funding-opportunity-waste-reduction-innovation-grant-applications/download,2026-08-25T13:30:52-04:00
https://www.mass.gov/doc/dcs-info-02-167-moses-version-411-will-be-released-on-wednesday-april-16-2025/download,2026-08-25T13:30:12-04:00
https://www.mass.gov/doc/fy25-city-of-boston-budget-13/download,2026-08-25T13:30:12-04:00
https://www.mass.gov/doc/fy25-city-of-quincy-budget-13/download,2026-08-25T13:30:12-04:00
https://www.mass.gov/doc/fy25-lawrence-budget-14/download,2026-08-25T13:30:12-04:00
https://www.mass.gov/doc/fy25-lowell-budget-15/download,2026-08-25T13:30:12-04:00
https://www.mass.gov/doc/fy25-metro-north-reb-budget-16/download,2026-08-25T13:30:12-04:00
https://www.mass.gov/doc/fy25-metro-southwest-budget-16/download,2026-08-25T13:30:12-04:00
https://www.mass.gov/doc/fy25-north-shore-budget-14/download,2026-08-25T13:30:12-04:00
https://www.mass.gov/doc/dcs-info-14-610-microsoft-ai-skills-fest-invitation/download,2026-08-25T13:30:12-04:00
https://www.mass.gov/doc/dcs-info-14-610a-ai-skills-fest-1-pagers/download,2026-08-25T13:30:12-04:00
https://www.mass.gov/doc/dcs-policy-04-114-attachment6-national-senior-community-service-and-employment-program-scsep-operation-able/download,2026-08-25T13:30:12-04:00
https://www.mass.gov/doc/dcs-info-14-611-direct-care-workersphcast-train-the-trainer-free-virtual-workshop/download,2026-08-25T13:30:12-04:00
https://www.mass.gov/doc/dcs-info-14-611a-phcast-train-the-trainer-flyer/download,2026-08-25T13:30:12-04:00
https://www.mass.gov/doc/fy25-north-central-budget-17/download,2026-08-25T13:30:12-04:00
https://www.mass.gov/doc/december-2025-mdcs-training-calendar/download,2026-08-25T12:57:38-04:00
https://www.mass.gov/doc/job-orders-status-report/download,2026-08-25T13:30:12-04:00
https://www.mass.gov/doc/msfw-customers-and-services/download,2026-08-25T13:30:12-04:00
https://www.mass.gov/doc/msfw-and-non-msfw-services/download,2026-08-25T13:30:12-04:00
https://www.mass.gov/doc/msfw-demographics/download,2026-08-25T13:30:12-04:00
https://www.mass.gov/doc/mdcs-director-signature-for-email/download,2026-08-25T13:30:12-04:00
https://www.mass.gov/doc/dcs-info-05-197-3rd-annual-massachusetts-advanced-manufacturing-training-strategic-planning-meeting/download,2026-08-25T13:30:12-04:00
https://www.mass.gov/doc/dcs-info-05-197a-3rd-annual-massachusetts-advanced-manufacturing-training-strategic-planning-meeting-flyer/download,2026-08-25T13:30:12-04:00
https://www.mass.gov/doc/masshire-career-center-listings-by-city-and-town-v1/download,2026-08-25T13:30:12-04:00
https://www.mass.gov/doc/masshire-career-center-listings-by-city-and-town-v2/download,2026-08-25T13:30:12-04:00
https://www.mass.gov/doc/dcs-info-02-168-new-reports-including-migrant-and-seasonal-farmworkers-crystal-reports/download,2026-08-25T13:30:12-04:00
https://www.mass.gov/doc/dcs-info-14-612-resilience-workshops-for-people-impacted-by-cuts-to-federal-programs/download,2026-08-25T13:30:12-04:00
https://www.mass.gov/doc/fy25-new-bedford-budget-13/download,2026-08-25T13:30:12-04:00
https://www.mass.gov/doc/wioa-adult-and-dislocated-worker-program-april-2025/download,2026-08-25T13:30:12-04:00
https://www.mass.gov/doc/wioa-title-i-performance-training-april-2025/download,2026-08-25T13:30:12-04:00
https://www.mass.gov/doc/wioa-youth-program-april-2025/download,2026-08-25T13:30:12-04:00
https://www.mass.gov/doc/dcs-jpi-01-2025-department-of-transitional-assistance-ebt-vendor-change-information/download,2026-08-25T13:30:12-04:00
https://www.mass.gov/doc/fy25-lawrence-budget-15/download,2026-08-25T13:30:12-04:00
https://www.mass.gov/doc/dcs-policy-04-114-attachment7-the-center-for-workforce-inclusion/download,2026-08-25T13:30:12-04:00
https://www.mass.gov/doc/dcs-info-11-103-rapid-response-federal-layoff-information-sessions-announced/download,2026-08-25T13:30:12-04:00
https://www.mass.gov/doc/dcs-info-11-103a-rapid-response-federal-layoff-information-session-flyer/download,2026-08-25T13:30:12-04:00
https://www.mass.gov/doc/fy25-city-of-quincy-budget-14/download,2026-08-25T13:30:12-04:00
https://www.mass.gov/doc/fy25-fall-river-budget-12/download,2026-08-25T13:30:12-04:00
https://www.mass.gov/doc/fy25-franklin-hampshire-budget-16/download,2026-08-25T13:30:12-04:00
https://www.mass.gov/doc/fy25-hampden-budget-15/download,2026-08-25T13:30:12-04:00
https://www.mass.gov/doc/fy25-jtec-budget-11/download,2026-08-25T13:30:12-04:00
https://www.mass.gov/doc/fy25-new-bedford-budget-14/download,2026-08-25T13:30:12-04:00
https://www.mass.gov/doc/fy25-north-central-budget-18/download,2026-08-25T13:30:12-04:00
https://www.mass.gov/doc/dcs-policy-04-115-wioa-local-4-year-plan-guidance-fy26-29/download,2026-08-25T13:30:12-04:00
https://www.mass.gov/doc/dcs-policy-04-115a-template-for-4-year-local-plan-responses/download,2026-08-25T13:30:12-04:00
https://www.mass.gov/doc/dcs-policy-04-115b-signatories-page/download,2026-08-25T13:30:12-04:00
https://www.mass.gov/doc/dcs-policy-04-115c-ma-workforce-agenda/download,2026-08-25T13:30:12-04:00
https://www.mass.gov/doc/fy25-berkshire-training-budget-14/download,2026-08-25T13:30:12-04:00
https://www.mass.gov/doc/fy25-city-of-quincy-budget-15/download,2026-08-25T13:30:12-04:00
https://www.mass.gov/doc/fy25-franklin-hampshire-budget-17/download,2026-08-25T13:29:10-04:00
https://www.mass.gov/doc/fy25-jtec-budget-12/download,2026-08-25T13:29:10-04:00
https://www.mass.gov/doc/fy25-lawrence-budget-16/download,2026-08-25T13:29:10-04:00
https://www.mass.gov/doc/fy25-new-bedford-budget-15/download,2026-08-25T13:29:10-04:00
https://www.mass.gov/doc/fy25-north-central-budget-19/download,2026-08-25T13:29:10-04:00
https://www.mass.gov/doc/fy25-north-shore-budget-15/download,2026-08-25T13:29:10-04:00
https://www.mass.gov/doc/fy25-worcester-budget-14/download,2026-08-25T13:29:10-04:00
https://www.mass.gov/doc/fy25-brockton-budget-16/download,2026-08-25T13:29:10-04:00
https://www.mass.gov/doc/fy25-city-of-boston-budget-14/download,2026-08-25T13:29:10-04:00
https://www.mass.gov/doc/fy25-fall-river-budget-13/download,2026-08-25T13:29:10-04:00
https://www.mass.gov/doc/fy25-hampden-budget-16/download,2026-08-25T13:29:10-04:00
https://www.mass.gov/doc/fy25-metro-north-reb-budget-17/download,2026-08-25T13:29:10-04:00
https://www.mass.gov/doc/fy25-metro-southwest-budget-17/download,2026-08-25T13:29:10-04:00
https://www.mass.gov/doc/dcs-info-14-614-public-adult-educationacls-english-language-learners-ged-pilot-program/download,2026-08-25T13:29:10-04:00
https://www.mass.gov/doc/it-coordinators-powerpoint-may-2025/download,2026-08-25T13:29:10-04:00
https://www.mass.gov/doc/dcs-policy-04-1132b-fy25-26-wpp-expansion-program-allocations/download,2026-08-25T13:29:10-04:00
https://www.mass.gov/doc/dcs-policy-18-116-poverty-guidelines-lower-living-standard-income-levels-2025/download,2026-08-25T13:29:10-04:00
https://www.mass.gov/doc/dcs-policy-23-107-work-search-activities-for-resea-participants/download,2026-08-25T13:29:10-04:00
https://www.mass.gov/doc/dcs-jpi-02-2025-resources-rights-as-trump-administration-reinstates-involuntary-collection-on-student/download,2026-08-25T13:29:10-04:00
https://www.mass.gov/doc/dcs-info-02-163-1-masshire-jobquest-updates-to-on-demand-videos/download,2026-08-25T13:29:10-04:00
https://www.mass.gov/doc/fy25-berkshire-training-budget-15/download,2026-08-25T13:29:10-04:00
https://www.mass.gov/doc/fy25-city-of-quincy-budget-16/download,2026-08-25T13:29:10-04:00
https://www.mass.gov/doc/fy25-fall-river-budget-14/download,2026-08-25T13:29:10-04:00
https://www.mass.gov/doc/fy25-franklin-hampshire-budget-18/download,2026-08-25T13:29:10-04:00
https://www.mass.gov/doc/fy25-jtec-budget-13/download,2026-08-25T13:29:10-04:00
https://www.mass.gov/doc/fy25-lawrence-budget-17/download,2026-08-25T13:29:10-04:00
https://www.mass.gov/doc/fy25-new-bedford-budget-16/download,2026-08-25T13:29:10-04:00
https://www.mass.gov/doc/fy25-north-shore-budget-16/download,2026-08-25T13:29:10-04:00
https://www.mass.gov/doc/dcs-info-02-169-moses-version-412-will-be-released-on-wednesday-june-11-2025/download,2026-08-25T13:29:10-04:00
https://www.mass.gov/doc/dcs-info-15-143-call-for-nominations-jobs-for-veterans-state-grant-performance-incentive-awards-ffy25/download,2026-08-25T13:29:10-04:00
https://www.mass.gov/doc/dcs-info-15-143a-performance-incentive-awards-nomination-procedures/download,2026-08-25T13:29:10-04:00
https://www.mass.gov/doc/dcs-info-15-143b-performance-incentive-awards-nomination-form/download,2026-08-25T13:29:10-04:00
https://www.mass.gov/doc/fy25-brockton-budget-17/download,2026-08-25T13:29:10-04:00
https://www.mass.gov/doc/fy25-city-of-boston-budget-15/download,2026-08-25T13:29:10-04:00
https://www.mass.gov/doc/fy25-hampden-budget-17/download,2026-08-25T13:29:10-04:00
https://www.mass.gov/doc/fy25-lowell-budget-16/download,2026-08-25T13:29:10-04:00
https://www.mass.gov/doc/fy25-metro-north-reb-budget-18/download,2026-08-25T13:29:10-04:00
https://www.mass.gov/doc/fy25-metro-southwest-budget-18/download,2026-08-25T13:29:10-04:00
https://www.mass.gov/doc/fy25-north-central-budget-20/download,2026-08-25T13:29:10-04:00
https://www.mass.gov/doc/dcs-policy-14-105-subsequent-eligibility-for-ita-training-provider-courses-fy26/download,2026-08-25T13:29:10-04:00
https://www.mass.gov/doc/dcs-info-09-139-fy2025-career-center-performance-reports-quarter-ending-march-31-2025/download,2026-08-25T13:29:10-04:00
https://www.mass.gov/doc/dcs-info-09-139a-tab00-table-of-contents/download,2026-08-25T13:29:10-04:00
https://www.mass.gov/doc/dcs-info-09-139b-tab01-executive-summary/download,2026-08-25T13:29:10-04:00
https://www.mass.gov/doc/dcs-info-09-139c-tab02-employer-summary/download,2026-08-25T13:29:10-04:00
https://www.mass.gov/doc/dcs-info-09-139d-tab03-job-seeker-summary/download,2026-08-25T13:29:10-04:00
https://www.mass.gov/doc/dcs-info-09-139e-tab04-veteran-summary/download,2026-08-25T13:29:10-04:00
https://www.mass.gov/doc/dcs-info-09-139f-tab05-shared-customers-and-res-summary/download,2026-08-25T13:29:10-04:00
https://www.mass.gov/doc/dcs-info-09-139g-tab06-title-i-adults-and-dislocated-worker-summary/download,2026-08-25T13:29:10-04:00
https://www.mass.gov/doc/dcs-info-09-139h-tab07-title-i-youth-summary/download,2026-08-25T13:28:31-04:00
https://www.mass.gov/doc/dcs-info-09-139i-tab08-national-dislocated-worker-grants-summary/download,2026-08-25T13:28:31-04:00
https://www.mass.gov/doc/dcs-info-09-139j-tab09-trade-summary/download,2026-08-25T13:28:31-04:00
https://www.mass.gov/doc/dcs-info-09-139k-tab10-labor-exchange-vets-resea-performance-summary/download,2026-08-25T13:28:31-04:00
https://www.mass.gov/doc/dcs-info-09-139l-tab11-title-i-performance/download,2026-08-25T13:28:31-04:00
https://www.mass.gov/doc/dcs-info-09-139m-tab12-trade-performance-summary/download,2026-08-25T13:28:31-04:00
https://www.mass.gov/doc/dcs-info-09-139n-tab13-performance-cohort/download,2026-08-25T13:28:31-04:00
https://www.mass.gov/doc/dcs-info-08-133-stopping-the-use-of-federal-funds-in-conducting-voter-registration-within-the-american-job-center-network-tegl-08-21-change-2/download,2026-08-25T13:28:31-04:00
https://www.mass.gov/doc/fy24-berkshire-training-budget-22/download,2026-08-25T13:28:31-04:00
https://www.mass.gov/doc/fy25-berkshire-training-budget-17/download,2026-08-25T13:28:31-04:00
https://www.mass.gov/doc/fy25-city-of-boston-budget-19/download,2026-08-25T13:28:31-04:00
https://www.mass.gov/doc/dcs-policy-04-116-local-annual-plan-guidance-fiscal-year-2026/download,2026-08-25T13:28:31-04:00
https://www.mass.gov/doc/dcs-policy-04-116a-fy26-local-annual-plan-checklist/download,2026-08-25T13:28:31-04:00
https://www.mass.gov/doc/dcs-policy-04-116b-submission-instructions/download,2026-08-25T13:28:31-04:00
https://www.mass.gov/doc/dcs-policy-04-116c-notification-of-local-workforce-system-changes-form/download,2026-08-25T13:28:31-04:00
https://www.mass.gov/doc/dcs-policy-04-116d-masshire-career-center-hours-of-operation-form/download,2026-08-25T13:28:31-04:00
https://www.mass.gov/doc/dcs-policy-04-116e-assurances/download,2026-08-25T12:54:09-04:00
https://www.mass.gov/doc/dcs-policy-04-116f-local-annual-plan-signatories-form/download,2026-08-25T13:28:31-04:00
https://www.mass.gov/doc/dcs-policy-04-116g-financial-modification-authorization-form/download,2026-08-25T13:05:17-04:00
https://www.mass.gov/doc/dcs-policy-04-116h-instructions-for-program-summary-charts/download,2026-08-25T13:05:17-04:00
https://www.mass.gov/doc/dcs-policy-04-116i-program-summary-charts-s-and-1-4/download,2026-08-25T13:05:17-04:00
https://www.mass.gov/doc/dcs-policy-04-116j-integrated-budget-and-narrative-template/download,2026-08-25T13:04:12-04:00
https://www.mass.gov/doc/dcs-policy-04-116k-integrated-budget-instructions/download,2026-08-25T13:04:12-04:00
https://www.mass.gov/doc/dcs-policy-04-116l-integrated-budget-program-list/download,2026-08-25T13:05:17-04:00
https://www.mass.gov/doc/dcs-policy-04-116n-state-one-stop-allocations/download,2026-08-25T13:05:17-04:00
https://www.mass.gov/doc/dcs-policy-04-116o-title-i-allocations-adult-dw-youth-includes-charts-1-7/download,2026-08-25T13:05:17-04:00
https://www.mass.gov/doc/dcs-policy-04-116p-state-allotments-wioa-title-i-es-federal-to-state-allocations/download,2026-08-25T13:05:17-04:00
https://www.mass.gov/doc/dcs-policy-04-116q-wagner-peyser-90-and-10-allocations-includes-charts-1-3/download,2026-08-25T13:05:17-04:00
https://www.mass.gov/doc/dcs-policy-04-116r-local-allocations-compared/download,2026-08-25T13:05:17-04:00
https://www.mass.gov/doc/dcs-policy-04-116u1-cy2023-resea-allocations/download,2026-08-25T13:05:17-04:00
https://www.mass.gov/doc/dcs-policy-04-116u2-cy2024-resea-allocations/download,2026-08-25T13:05:17-04:00
https://www.mass.gov/doc/dcs-policy-04-116v-local-information-required-local-agricultural-labor-market/download,2026-08-25T13:05:17-04:00
https://www.mass.gov/doc/dcs-policy-04-116-02a-fy25-fy26-wpp-expansion-program-allocations/download,2026-08-25T13:05:17-04:00
https://www.mass.gov/doc/dcs-policy-03-112-1-open-meeting-law/download,2026-08-25T12:54:09-04:00
https://www.mass.gov/doc/fy25-brockton-budget-19/download,2026-08-25T13:05:17-04:00
https://www.mass.gov/doc/fy25-franklin-hampshire-budget-20/download,2026-08-25T13:05:17-04:00
https://www.mass.gov/doc/fy25-hampden-budget-19/download,2026-08-25T13:05:17-04:00
https://www.mass.gov/doc/fy25-jtec-budget-15/download,2026-08-25T13:05:17-04:00
https://www.mass.gov/doc/fy25-lawrence-budget-19/download,2026-08-25T13:05:17-04:00
https://www.mass.gov/doc/fy25-lowell-budget-18/download,2026-08-25T13:05:17-04:00
https://www.mass.gov/doc/60-dayer-notification-letter/download,2026-08-25T12:54:09-04:00
https://www.mass.gov/doc/individual-needs-assessment/download,2026-08-25T13:05:17-04:00
https://www.mass.gov/doc/resea-assistance-form/download,2026-08-25T13:05:17-04:00
https://www.mass.gov/doc/resea-notification-letter/download,2026-08-25T12:54:09-04:00
https://www.mass.gov/doc/resea-ui-eligibility-assessment-questionnaire-0/download,2026-08-25T12:54:09-04:00
https://www.mass.gov/doc/ccs-powerpoint-template/download,2026-08-25T13:04:12-04:00
https://www.mass.gov/doc/fy25-city-of-quincy-budget-18/download,2026-08-25T13:05:17-04:00
https://www.mass.gov/doc/fy25-metro-north-reb-budget-20/download,2026-08-25T13:05:17-04:00
https://www.mass.gov/doc/fy25-metro-southwest-budget-20/download,2026-08-25T13:05:17-04:00
https://www.mass.gov/doc/fy25-new-bedford-budget-18/download,2026-08-25T13:05:17-04:00
https://www.mass.gov/doc/fy25-north-central-budget-22/download,2026-08-25T13:05:17-04:00
https://www.mass.gov/doc/fy25-north-shore-budget-18/download,2026-08-25T13:05:17-04:00
https://www.mass.gov/doc/fy25-worcester-budget-16/download,2026-08-25T13:05:17-04:00
https://www.mass.gov/doc/labor-market-research/download,2026-08-25T13:05:17-04:00
https://www.mass.gov/doc/fy24-berkshire-training-budget-23/download,2026-08-25T13:05:17-04:00
https://www.mass.gov/doc/resea-policy-procedures-manual/download,2026-08-25T12:55:15-04:00
https://www.mass.gov/doc/dcs-info-25-284-career-technical-expansion-cte-funding-information-session/download,2026-08-25T13:05:17-04:00
https://www.mass.gov/doc/dcs-info-31-121-masshire-awards-2025/download,2026-08-25T13:05:17-04:00
https://www.mass.gov/doc/dcs-info-31-121a-2025-masshire-awards-nomination-package/download,2026-08-25T13:05:17-04:00
https://www.mass.gov/doc/dcs-info-15-144-jobs-for-veterans-state-grant-2025-incentive-award-winners/download,2026-08-25T13:05:17-04:00
https://www.mass.gov/doc/dcs-info-15-144a-jvsg-performance-incentive-award-2025-winners/download,2026-08-25T13:05:17-04:00
https://www.mass.gov/doc/dcs-policy-15-106-disabled-veteran-outreach-program-specialist-dvops-outreach-plans/download,2026-08-25T13:05:17-04:00
https://www.mass.gov/doc/dcs-policy-15-106a-dvop-outreach-plan-template/download,2026-08-25T13:05:17-04:00
https://www.mass.gov/doc/dcs-policy-15-106b-outreach-plan-tracker/download,2026-08-25T13:05:17-04:00
https://www.mass.gov/doc/dcs-policy-15-106c-outreach-plan-guide/download,2026-08-25T13:05:17-04:00
https://www.mass.gov/doc/lmi-worksheet-arabic/download,2026-08-25T13:05:17-04:00
https://www.mass.gov/doc/lmi-worksheet-chinese/download,2026-08-25T13:05:17-04:00
https://www.mass.gov/doc/lmi-worksheet-french/download,2026-08-25T13:05:17-04:00
https://www.mass.gov/doc/lmi-worksheet-haitian-creole/download,2026-08-25T13:05:17-04:00
https://www.mass.gov/doc/lmi-worksheet-italian/download,2026-08-25T13:05:17-04:00
https://www.mass.gov/doc/lmi-worksheet-khmer/download,2026-08-25T13:05:17-04:00
https://www.mass.gov/doc/lmi-worksheet-korean/download,2026-08-25T13:05:17-04:00
https://www.mass.gov/doc/lmi-worksheet-laos/download,2026-08-25T13:05:17-04:00
https://www.mass.gov/doc/lmi-worksheet-portuguese/download,2026-08-25T13:05:17-04:00
https://www.mass.gov/doc/lmi-worksheet-russian/download,2026-08-25T13:04:12-04:00
https://www.mass.gov/doc/lmi-worksheet-spanish/download,2026-08-25T13:04:12-04:00
https://www.mass.gov/doc/lmi-worksheet-vietnamese/download,2026-08-25T13:04:12-04:00
https://www.mass.gov/doc/work-search-log-arabic-0/download,2026-08-25T13:04:12-04:00
https://www.mass.gov/doc/work-search-log-chinese-0/download,2026-08-25T13:04:12-04:00
https://www.mass.gov/doc/work-search-log-french-0/download,2026-08-25T13:04:12-04:00
https://www.mass.gov/doc/work-search-log-haitian-creole-0/download,2026-08-25T13:04:12-04:00
https://www.mass.gov/doc/work-search-log-italian-0/download,2026-08-25T13:04:12-04:00
https://www.mass.gov/doc/work-search-log-khmer-0/download,2026-08-25T13:04:12-04:00
https://www.mass.gov/doc/work-search-log-korean-0/download,2026-08-25T13:04:12-04:00
https://www.mass.gov/doc/work-search-log-lao-0/download,2026-08-25T13:04:12-04:00
https://www.mass.gov/doc/work-search-log-russian-0/download,2026-08-25T13:04:12-04:00
https://www.mass.gov/doc/work-search-log-spanish/download,2026-08-25T13:04:12-04:00
https://www.mass.gov/doc/work-search-log-vietnamese-0/download,2026-08-25T13:04:12-04:00
https://www.mass.gov/doc/work-search-log-portuguese-0/download,2026-08-25T13:04:12-04:00
https://www.mass.gov/doc/dcs-info-14-615-careeronestop-for-justice-impacted-jobseekers-workforcegps-webinar/download,2026-08-25T13:04:12-04:00
https://www.mass.gov/doc/dcs-policy-23-100-4-reemployment-services-and-eligibility-assessment-resea-policy-and-procedures-manual-updated-july-2025/download,2026-08-25T13:04:12-04:00
https://www.mass.gov/doc/ui-eligibility-questionnaire-arabic/download,2026-08-25T12:54:09-04:00
https://www.mass.gov/doc/ui-eligibility-questionnaire-chinese/download,2026-08-25T12:54:09-04:00
https://www.mass.gov/doc/ui-eligibility-questionnaire-french/download,2026-08-25T12:54:09-04:00
https://www.mass.gov/doc/ui-eligibility-questionnaire-haitian-creole/download,2026-08-25T12:54:09-04:00
https://www.mass.gov/doc/ui-eligibility-questionnaire-italian/download,2026-08-25T12:54:09-04:00
https://www.mass.gov/doc/ui-eligibility-questionnaire-khmer/download,2026-08-25T12:54:09-04:00
https://www.mass.gov/doc/ui-eligibility-questionnaire-korean/download,2026-08-25T12:54:09-04:00
https://www.mass.gov/doc/ui-eligibility-questionnaire-laos/download,2026-08-25T12:54:09-04:00
https://www.mass.gov/doc/ui-eligibility-questionnaire-portuguese/download,2026-08-25T12:54:09-04:00
https://www.mass.gov/doc/ui-eligibility-questionnaire-russian/download,2026-08-25T12:54:09-04:00
https://www.mass.gov/doc/ui-eligibility-questionnaire-spanish/download,2026-08-25T12:54:09-04:00
https://www.mass.gov/doc/ui-eligibility-questionnaire-vietnamese/download,2026-08-25T12:54:09-04:00
https://www.mass.gov/doc/dcs-info-32-111-dua-call-center-hours-adjusted-to-improve-claims-processing/download,2026-08-25T13:04:12-04:00
https://www.mass.gov/doc/national-career-clusters-2026/download,2026-08-25T13:04:12-04:00
https://www.mass.gov/doc/dcs-info-17-101-state-wage-interchange-system-swis-employment-flag-agreement/download,2026-08-25T13:04:12-04:00
https://www.mass.gov/doc/dcs-info-17-101a-swis-employment-flag-agreement/download,2026-08-25T13:04:12-04:00
https://www.mass.gov/doc/dcs-info-25-285-youth-employment-gateway-cities-learning-community-pilot-request-for-information/download,2026-08-25T13:04:12-04:00
https://www.mass.gov/doc/dcs-info-25-285a-rfi-application/download,2026-08-25T13:04:12-04:00
https://www.mass.gov/doc/dcs-info-25-285b-budget-template-and-budget-narrative-form/download,2026-08-25T13:04:12-04:00
https://www.mass.gov/doc/dcs-info-25-285c-application-evaluation-rubric/download,2026-08-25T13:04:12-04:00
https://www.mass.gov/doc/dcs-info-32-112-dua-in-person-services-at-masshire-career-centers/download,2026-08-25T13:04:12-04:00
https://www.mass.gov/doc/dcs-info-32-112a-creating-a-dua-emt-claims-assistance-event/download,2026-08-25T13:04:12-04:00
https://www.mass.gov/doc/2026-career-cluster-redesign-intro/download,2026-08-25T13:04:12-04:00
https://www.mass.gov/doc/dcs-info-25-286-industry-driven-skills-training-fund-grant-program-tegl-02-25-call-for-ideas/download,2026-08-25T13:04:12-04:00
https://www.mass.gov/doc/dcs-info-25-286a-call-for-ideas-template/download,2026-08-25T13:04:12-04:00
https://www.mass.gov/doc/dcs-info-24-103-guidance-for-employers-regarding-immigration-and-work-authorization/download,2026-08-25T13:04:12-04:00
https://www.mass.gov/doc/dcs-info-25-287-request-for-proposals-training-resources-and-internship-network-train/download,2026-08-25T13:04:12-04:00
https://www.mass.gov/doc/dcs-info-29-109-massability-partners-in-possibility-event/download,2026-08-25T13:04:12-04:00
https://www.mass.gov/doc/2027-renewal-guidevideo-tutorial/download,2026-08-25T12:04:27-04:00
https://www.mass.gov/doc/fy25-city-of-boston-budget-21/download,2026-08-25T13:04:12-04:00
https://www.mass.gov/doc/dcs-policy-04-114t-fy25-jobs-for-veterans-state-grant-allocations/download,2026-08-25T13:04:12-04:00
https://www.mass.gov/doc/fy25-berkshire-training-budget-19/download,2026-08-25T13:04:12-04:00
https://www.mass.gov/doc/dcs-info-02-171-moses-version-413-will-be-released-on-wednesday-september-24-2025/download,2026-08-25T13:04:12-04:00
https://www.mass.gov/doc/dcs-policy-10-114-data-element-validation-for-fy-2026/download,2026-08-25T13:04:12-04:00
https://www.mass.gov/doc/dcs-jpp-01-2025-massability-and-masshire-training-partnership/download,2026-08-25T12:54:09-04:00
https://www.mass.gov/doc/dcs-jpp-01-2025a-mssability-referral-form-completed-by-massability/download,2026-08-25T13:04:12-04:00
https://www.mass.gov/doc/dcs-jpp-01-2025b-shared-customer-release-form-completed-by-massability-participant/download,2026-08-25T13:04:12-04:00
https://www.mass.gov/doc/dcs-jpp-01-2025c-training-justification-form-completed-by-mcc/download,2026-08-25T13:04:12-04:00
https://www.mass.gov/doc/dcs-jpp-01-2025d-massability-individual-training-request-form-completed-by-mcc/download,2026-08-25T13:04:12-04:00
https://www.mass.gov/doc/dcs-jpp-01-2025e-moses-tracking-guide-for-the-massability-training-fund-mrtf-updated/download,2026-08-25T13:04:12-04:00
https://www.mass.gov/doc/dcs-jpp-01-2025f-massability-individual-training-account-modification-request/download,2026-08-25T13:04:12-04:00
https://www.mass.gov/doc/dcs-jpp-01-2025g-master-agreement/download,2026-08-25T13:03:28-04:00
https://www.mass.gov/doc/dcs-jpp-01-2025h-masshiremassability-employment-voucher-invoice/download,2026-08-25T13:03:28-04:00
https://www.mass.gov/doc/dcs-policy-04-116u3-cy2025-resea-allocations/download,2026-08-25T13:03:28-04:00
https://www.mass.gov/doc/dcs-policy-04-116s-overview-of-wioa-and-wagner-peyser-allocations/download,2026-08-25T13:03:28-04:00
https://www.mass.gov/doc/dcs-info-25-288-funding-opportunity-fy25-mentoring-for-youth-affected-by-opioid-and-other-substance-use/download,2026-08-25T13:03:28-04:00
https://www.mass.gov/doc/berkshire-training-and-employment-inc-fy26-pv/download,2026-08-25T12:54:09-04:00
https://www.mass.gov/doc/brockton-area-workforce-investment-fy26-pv/download,2026-08-25T12:54:09-04:00
https://www.mass.gov/doc/city-of-boston-fy26-pv/download,2026-08-25T12:54:09-04:00
https://www.mass.gov/doc/city-of-fall-river-fy26-pv/download,2026-08-25T12:54:09-04:00
https://www.mass.gov/doc/city-of-lawrence-fy26-pv/download,2026-08-25T12:54:09-04:00
https://www.mass.gov/doc/city-of-lowell-fy26-pv/download,2026-08-25T12:54:09-04:00
https://www.mass.gov/doc/city-of-quincy-fy26-pv/download,2026-08-25T12:54:09-04:00
https://www.mass.gov/doc/city-of-salem-fy26-pv/download,2026-08-25T12:54:09-04:00
https://www.mass.gov/doc/city-of-worcester-fy26-pv/download,2026-08-25T12:54:09-04:00
https://www.mass.gov/doc/franklin-hampshire-employment-training-consortium-fy26-pv/download,2026-08-25T12:54:09-04:00
https://www.mass.gov/doc/job-training-employment-corp-fy26-pv/download,2026-08-25T12:54:09-04:00
https://www.mass.gov/doc/masshire-gr-n-bedford-wkfc-bd-fy26-pv/download,2026-08-25T12:54:09-04:00
https://www.mass.gov/doc/masshire-hampden-county-workforce-bd-inc-fy26-pv/download,2026-08-25T12:54:09-04:00
https://www.mass.gov/doc/metro-north-regional-employment-board-fy26-pv/download,2026-08-25T12:54:09-04:00
https://www.mass.gov/doc/metro-south-west-workfore-board-fy26-pv/download,2026-08-25T12:54:09-04:00
https://www.mass.gov/doc/north-central-ma-wkfc-board-inc-fy26-pv/download,2026-08-25T12:54:09-04:00
https://www.mass.gov/doc/fy26-berkshire-training-initial-budget/download,2026-08-25T13:03:28-04:00
https://www.mass.gov/doc/dcs-info-30-101-upcoming-geography-changes-for-labor-market-information-from-department-of-economic-research/download,2026-08-25T13:03:28-04:00
https://www.mass.gov/doc/fy26-brockton-budget-1/download,2026-08-25T13:03:28-04:00
https://www.mass.gov/doc/fy26-city-of-boston-budget-1/download,2026-08-25T13:03:28-04:00
https://www.mass.gov/doc/fy26-city-of-quincy-initial-budget/download,2026-08-25T13:03:28-04:00
https://www.mass.gov/doc/fy26-fall-river-budget-1/download,2026-08-25T13:03:28-04:00
https://www.mass.gov/doc/fy26-franklin-hampshire-budget-1/download,2026-08-25T13:03:28-04:00
https://www.mass.gov/doc/fy26-hampden-budget-1/download,2026-08-25T13:03:28-04:00
https://www.mass.gov/doc/fy26-jtec-budget-1/download,2026-08-25T13:03:28-04:00
https://www.mass.gov/doc/fy26-lawrence-budget-1/download,2026-08-25T13:03:28-04:00
https://www.mass.gov/doc/fy26-lowell-budget-1/download,2026-08-25T13:03:28-04:00
https://www.mass.gov/doc/fy26-metro-north-reb-budget-1/download,2026-08-25T13:03:28-04:00
https://www.mass.gov/doc/fy26-metro-southwest-budget-1/download,2026-08-25T13:03:28-04:00
https://www.mass.gov/doc/fy26-metro-southwest-budget-2/download,2026-08-25T13:03:28-04:00
https://www.mass.gov/doc/fy26-new-bedford-budget-1/download,2026-08-25T13:03:28-04:00
https://www.mass.gov/doc/fy26-new-bedford-budget-2/download,2026-08-25T13:03:28-04:00
https://www.mass.gov/doc/fy26-north-central-budget-1/download,2026-08-25T13:03:28-04:00
https://www.mass.gov/doc/fy26-north-central-budget-2/download,2026-08-25T13:03:28-04:00
https://www.mass.gov/doc/fy26-north-shore-budget-1/download,2026-08-25T13:03:28-04:00
https://www.mass.gov/doc/fy26-worcester-budget-1/download,2026-08-25T13:03:28-04:00
https://www.mass.gov/doc/fy26-worcester-budget-2/download,2026-08-25T13:03:28-04:00
https://www.mass.gov/doc/masshire-berkshire-local-plan-package/download,2026-08-25T13:01:27-04:00
https://www.mass.gov/doc/masshire-boston-local-plan-package/download,2026-08-25T13:03:28-04:00
https://www.mass.gov/doc/masshire-bristol-local-plan-package/download,2026-08-25T13:01:27-04:00
https://www.mass.gov/doc/masshire-greater-brockton-area-local-plan-package/download,2026-08-25T13:03:28-04:00
https://www.mass.gov/doc/masshire-cape-islands-local-plan-package/download,2026-08-25T13:01:27-04:00
https://www.mass.gov/doc/masshire-central-local-plan-package/download,2026-08-25T13:01:27-04:00
https://www.mass.gov/doc/masshire-franklin-hampshire-local-plan-package/download,2026-08-25T13:01:27-04:00
https://www.mass.gov/doc/masshire-greater-lowell-local-plan-package/download,2026-08-25T13:01:27-04:00
https://www.mass.gov/doc/masshire-hampden-local-plan-package/download,2026-08-25T13:01:27-04:00
https://www.mass.gov/doc/masshire-merrimack-valley-local-plan-package/download,2026-08-25T13:01:27-04:00
https://www.mass.gov/doc/masshire-metro-north-local-plan-package/download,2026-08-25T13:00:46-04:00
https://www.mass.gov/doc/masshire-metro-southwest-local-plan-package/download,2026-08-25T13:00:46-04:00
https://www.mass.gov/doc/masshire-north-central-local-plan-package/download,2026-08-25T13:00:46-04:00
https://www.mass.gov/doc/masshire-north-shore-local-plan-package/download,2026-08-25T13:00:46-04:00
https://www.mass.gov/doc/masshire-south-shore-local-plan-package/download,2026-08-25T13:03:28-04:00
https://www.mass.gov/doc/fy25-worcester-budget-17/download,2026-08-25T13:03:28-04:00
https://www.mass.gov/doc/fy26-city-of-boston-budget-2/download,2026-08-25T13:03:28-04:00
https://www.mass.gov/doc/masshire-greater-new-bedford-local-plan-package/download,2026-08-25T13:01:27-04:00
https://www.mass.gov/doc/moses-mini-clinic-follow-up-and-retention-2026/download,2026-08-25T13:03:28-04:00
https://www.mass.gov/doc/january-2026-mdcs-training-calendar/download,2026-08-25T12:55:15-04:00
https://www.mass.gov/doc/march-2026-mdcs-training-calendar/download,2026-08-25T12:54:09-04:00
https://www.mass.gov/doc/april-2026-mdcs-training-calendar/download,2026-08-25T12:54:09-04:00
https://www.mass.gov/doc/may-2026-mdcs-training-calendar/download,2026-08-25T12:54:09-04:00
https://www.mass.gov/doc/june-2026-mdcs-training-calendar/download,2026-08-25T12:54:09-04:00
https://www.mass.gov/doc/dcs-info-29-110-national-disability-employment-awareness-month-kick-off-resources/download,2026-08-25T13:03:28-04:00
https://www.mass.gov/doc/dcs-policy-03-101-5-unified-workforce-development-complaint-system-and-appeals-process-revised/download,2026-08-25T12:54:09-04:00
https://www.mass.gov/doc/dcs-policy-03-101-5a1-jurisdiction-revised-september-26-2025/download,2026-08-25T13:03:28-04:00
https://www.mass.gov/doc/dcs-policy-03-101-5a2-processing-complaints-revised-september-26-2025/download,2026-08-25T13:03:28-04:00
https://www.mass.gov/doc/dcs-policy-03-101-5a3-complaint-process-flow-chart-informal-resolution/download,2026-08-25T13:03:28-04:00
https://www.mass.gov/doc/dcs-policy-03-101-5a4-complaint-process-flow-chart-formal-resolution/download,2026-08-25T13:03:28-04:00
https://www.mass.gov/doc/dcs-policy-03-101-5a5-jurisdiction-timeframes-quick-reference-guide/download,2026-08-25T13:03:28-04:00
https://www.mass.gov/doc/dcs-policy-03-101-5b-appeals-and-hearings-process/download,2026-08-25T13:03:28-04:00
https://www.mass.gov/doc/dcs-policy-03-101-5b1-sample-script-oath-opening-statement/download,2026-08-25T13:03:28-04:00
https://www.mass.gov/doc/dcs-policy-03-101-5b2-sample-notice-of-hearing/download,2026-08-25T13:03:28-04:00
https://www.mass.gov/doc/dcs-policy-03-101-5b3-sample-notice-of-determination/download,2026-08-25T13:03:28-04:00
https://www.mass.gov/doc/dcs-policy-03-101-5c-complaint-system-official-complaint-form-eta-8429/download,2026-08-25T13:03:28-04:00
https://www.mass.gov/doc/dcs-policy-03-101-5c1-instructions-to-prepare-official-complaint-form-eta-8429/download,2026-08-25T13:03:28-04:00
https://www.mass.gov/doc/dcs-policy-03-101-5d-crc-complaint-information-form-2014-with-instructions-english/download,2026-08-25T13:03:28-04:00
https://www.mass.gov/doc/dcs-policy-03-101-5e-unified-workforce-development-system-complaint-log-revised-september-26-2025/download,2026-08-25T13:03:28-04:00
https://www.mass.gov/doc/dcs-policy-03-101-5e1-instructions-to-prepare-complaint-log-revised-september-26-2025/download,2026-08-25T13:03:28-04:00
https://www.mass.gov/doc/dcs-policy-03-101-5f-how-to-file-a-complaint-handoutenglish/download,2026-08-25T13:03:28-04:00
https://www.mass.gov/doc/dcs-policy-03-101-5f1-how-to-file-a-complaint-handout-spanish/download,2026-08-25T13:02:43-04:00
https://www.mass.gov/doc/dcs-policy-03-101-5g-training-provider-appeal-form/download,2026-08-25T13:02:43-04:00
https://www.mass.gov/doc/dcs-policy-03-101-5h-federal-contractor-statutes-and-complaint-contact-information/download,2026-08-25T13:02:43-04:00
https://www.mass.gov/doc/dcs-policy-03-101-5i-training-and-employment-guidance-letter-37-14/download,2026-08-25T13:02:43-04:00
https://www.mass.gov/doc/dcs-policy-03-101-5j-definitions/download,2026-08-25T13:02:43-04:00
https://www.mass.gov/doc/dcs-policy-03-101-5k-complaint-poster-english-pi-revised-september-26-2025/download,2026-08-25T13:02:43-04:00
https://www.mass.gov/doc/dcs-policy-03-101-5k1-complaint-poster-spanish-pi-revised-september-26-2025/download,2026-08-25T13:02:43-04:00
https://www.mass.gov/doc/dcs-policy-03-101-5l-equal-opportunity-is-the-law-poster-english-pi/download,2026-08-25T13:02:43-04:00
https://www.mass.gov/doc/dcs-policy-03-101-5l1-equal-opportunity-is-the-law-poster-spanish-pi/download,2026-08-25T13:02:43-04:00
https://www.mass.gov/doc/dcs-policy-03-101-5m-wioa-title-i-programtraining-approvaldenial-notification/download,2026-08-25T13:02:43-04:00
https://www.mass.gov/doc/dcs-info-14-616-new-training-jobs-for-veteran-state-grant-standard-operating-procedures/download,2026-08-25T13:02:43-04:00
https://www.mass.gov/doc/dcs-info-09-140-fy2025-career-center-performance-reports-quarter-ending-june-30-2025/download,2026-08-25T13:02:43-04:00
https://www.mass.gov/doc/dcs-info-09-140a-tab00-table-of-contents/download,2026-08-25T13:02:43-04:00
https://www.mass.gov/doc/dcs-info-09-140b-tab01-executive-summary/download,2026-08-25T13:02:43-04:00
https://www.mass.gov/doc/dcs-info-09-140c-tab02-employer-summary/download,2026-08-25T13:02:43-04:00
https://www.mass.gov/doc/dcs-info-09-140d-tab03-job-seeker-summary/download,2026-08-25T13:02:43-04:00
https://www.mass.gov/doc/dcs-info-09-140e-tab04-veteran-summary/download,2026-08-25T13:02:43-04:00
https://www.mass.gov/doc/dcs-info-09-140f-tab05-shared-customers-and-res-summary/download,2026-08-25T13:02:43-04:00
https://www.mass.gov/doc/dcs-info-09-140g-tab06-title-i-adults-and-dislocated-worker-summary/download,2026-08-25T13:02:43-04:00
https://www.mass.gov/doc/dcs-info-09-140h-tab07-title-i-youth-summary/download,2026-08-25T13:02:43-04:00
https://www.mass.gov/doc/dcs-info-09-140i-tab08-national-dislocated-worker-grants-summary/download,2026-08-25T13:02:43-04:00
https://www.mass.gov/doc/dcs-info-09-140j-tab09-trade-summary/download,2026-08-25T13:02:43-04:00
https://www.mass.gov/doc/dcs-info-09-140k-tab10-labor-exchange-vets-resea-performance-summary/download,2026-08-25T13:02:43-04:00
https://www.mass.gov/doc/dcs-info-09-140l-tab11-title-i-performance/download,2026-08-25T13:02:43-04:00
https://www.mass.gov/doc/dcs-info-09-140m-tab12-trade-performance-summary/download,2026-08-25T13:02:43-04:00
https://www.mass.gov/doc/dcs-info-09-140n-tab13-performance-cohort/download,2026-08-25T13:02:43-04:00
https://www.mass.gov/doc/dcs-info-05-198-sunset-of-the-massachusetts-senior-community-services-employment-program/download,2026-08-25T13:02:43-04:00
https://www.mass.gov/doc/dcs-policy-08-107-1-career-center-seminar-ccs-requirements-for-masshire-career-centers/download,2026-08-25T13:02:43-04:00
https://www.mass.gov/doc/dcs-policy-08-107-1a-customizable-and-non-customizable-powerpoint-slide-deck/download,2026-08-25T13:02:43-04:00
https://www.mass.gov/doc/dcs-policy-07-101-1-on-the-job-training-ojt/download,2026-08-25T13:02:43-04:00
https://www.mass.gov/doc/dcs-policy-07-101-1a-ojt-procedural-guidance/download,2026-08-25T13:02:43-04:00
https://www.mass.gov/doc/dcs-policy-07-101-1b-sample-employer-eligibility-checklist/download,2026-08-25T13:02:43-04:00
https://www.mass.gov/doc/dcs-policy-07-101-1c-sample-ojt-skill-gap-form/download,2026-08-25T13:02:43-04:00
https://www.mass.gov/doc/dcs-policy-07-101-1d-sample-ojt-contract/download,2026-08-25T13:02:43-04:00
https://www.mass.gov/doc/dcs-policy-07-101-1e-sample-ojt-justification-form/download,2026-08-25T13:02:43-04:00
https://www.mass.gov/doc/dcs-policy-07-101-1f-sample-employer-invoice-monthly/download,2026-08-25T13:02:43-04:00
https://www.mass.gov/doc/dcs-policy-07-101-1g-sample-ojt-monthly-progress-report/download,2026-08-25T13:02:43-04:00
https://www.mass.gov/doc/dcs-policy-07-101-1h-sample-ojt-local-monitoring-report/download,2026-08-25T13:02:43-04:00
https://www.mass.gov/doc/fy26-berkshire-training-budget-1/download,2026-08-25T13:02:43-04:00
https://www.mass.gov/doc/fy26-brockton-budget-2/download,2026-08-25T13:02:43-04:00
https://www.mass.gov/doc/fy26-city-of-boston-budget-3/download,2026-08-25T13:02:43-04:00
https://www.mass.gov/doc/fy26-city-of-quincy-budget-2/download,2026-08-25T13:02:43-04:00
https://www.mass.gov/doc/fy26-fall-river-budget-2/download,2026-08-25T13:02:43-04:00
https://www.mass.gov/doc/fy26-franklin-hampshire-budget-2/download,2026-08-25T13:02:43-04:00
https://www.mass.gov/doc/fy26-hampden-budget-2/download,2026-08-25T13:02:43-04:00
https://www.mass.gov/doc/fy26-jtec-budget-2/download,2026-08-25T13:02:43-04:00
https://www.mass.gov/doc/fy26-lawrence-budget-2/download,2026-08-25T13:02:43-04:00
https://www.mass.gov/doc/fy26-lowell-budget-2/download,2026-08-25T13:02:43-04:00
https://www.mass.gov/doc/fy26-metro-north-reb-budget-2/download,2026-08-25T13:01:27-04:00
https://www.mass.gov/doc/fy26-metro-southwest-budget-3/download,2026-08-25T13:01:27-04:00
https://www.mass.gov/doc/fy26-new-bedford-budget-3/download,2026-08-25T13:01:27-04:00
https://www.mass.gov/doc/fy26-north-central-budget-3/download,2026-08-25T13:01:27-04:00
https://www.mass.gov/doc/fy26-worcester-budget-3/download,2026-08-25T13:01:27-04:00
https://www.mass.gov/doc/dcs-info-05-199-massachusetts-broadband-institute-mbi-connected-online-program/download,2026-08-25T13:01:27-04:00
https://www.mass.gov/doc/berkshire-county-regional-employment-board-fy26-pv/download,2026-08-25T12:57:38-04:00
https://www.mass.gov/doc/cape-islands-workforce-development-board-inc-fy26-pv/download,2026-08-25T12:57:38-04:00
https://www.mass.gov/doc/massachusetts-regional-employment-board-inc-fy26-pv/download,2026-08-25T13:01:27-04:00
https://www.mass.gov/doc/fy26-berkshire-reb-initial-budget/download,2026-08-25T13:01:27-04:00
https://www.mass.gov/doc/fy26-brockton-budget-4/download,2026-08-25T13:01:27-04:00
https://www.mass.gov/doc/fy26-cape-cod-wib-initial-budget/download,2026-08-25T13:01:27-04:00
https://www.mass.gov/doc/fy26-city-of-boston-budget-5/download,2026-08-25T13:01:27-04:00
https://www.mass.gov/doc/fy26-city-of-quincy-budget-4/download,2026-08-25T13:01:27-04:00
https://www.mass.gov/doc/fy26-fall-river-budget-4/download,2026-08-25T13:01:27-04:00
https://www.mass.gov/doc/fy26-franklin-hampshire-budget-4/download,2026-08-25T13:01:27-04:00
https://www.mass.gov/doc/fy26-hampden-budget-4/download,2026-08-25T13:01:27-04:00
https://www.mass.gov/doc/fy26-lawrence-budget-4/download,2026-08-25T13:01:27-04:00
https://www.mass.gov/doc/fy26-lowell-budget-4/download,2026-08-25T13:01:27-04:00
https://www.mass.gov/doc/fy26-mass-regional-initial-budget/download,2026-08-25T13:01:27-04:00
https://www.mass.gov/doc/fy26-metro-north-reb-budget-4/download,2026-08-25T13:01:27-04:00
https://www.mass.gov/doc/fy26-metro-southwest-budget-5/download,2026-08-25T13:01:27-04:00
https://www.mass.gov/doc/fy26-new-bedford-budget-5/download,2026-08-25T13:01:27-04:00
https://www.mass.gov/doc/fy26-north-central-budget-5/download,2026-08-25T13:01:27-04:00
https://www.mass.gov/doc/fy26-north-shore-budget-4/download,2026-08-25T13:01:27-04:00
https://www.mass.gov/doc/fy26-worcester-budget-5/download,2026-08-25T13:01:27-04:00
https://www.mass.gov/doc/cis-360-adult-2026-state-log-in/download,2026-08-25T13:01:27-04:00
https://www.mass.gov/doc/dcs-info-02-172-moses-version-414-will-be-released-on-wednesday-october-29-2025/download,2026-08-25T13:01:27-04:00
https://www.mass.gov/doc/abe-enrollments/download,2026-08-25T13:01:27-04:00
https://www.mass.gov/doc/off-base-transition-training-obtt-for-veterans-november-13-2025/download,2026-08-25T13:01:27-04:00
https://www.mass.gov/doc/fy26-fy29-berkshire-4-year-plan-signatures/download,2026-08-25T13:01:27-04:00
https://www.mass.gov/doc/fy26-fy29-boston-4-year-plan-signatures/download,2026-08-25T13:01:27-04:00
https://www.mass.gov/doc/fy26-fy29-bristol-4-year-plan-signatures/download,2026-08-25T13:01:27-04:00
https://www.mass.gov/doc/fy26-fy29-brockton-4-year-plan-signatures/download,2026-08-25T13:01:27-04:00
https://www.mass.gov/doc/fy26-fy29-central-4-year-plan-signatures/download,2026-08-25T13:01:27-04:00
https://www.mass.gov/doc/fy26-mass-regional-budget-1/download,2026-08-25T13:01:27-04:00
https://www.mass.gov/doc/fy26-fy29-greater-new-bedford-4-year-plan-signatures/download,2026-08-25T13:01:27-04:00
https://www.mass.gov/doc/fy26-fy29-hampden-4-year-plan-signatures/download,2026-08-25T13:01:27-04:00
https://www.mass.gov/doc/fy26-fy29-north-central-4-year-plan-signatures/download,2026-08-25T13:01:27-04:00
https://www.mass.gov/doc/fy26-berkshire-training-budget-2xlsx/download,2026-08-25T13:00:46-04:00
https://www.mass.gov/doc/fy26-brockton-budget-3/download,2026-08-25T13:00:46-04:00
https://www.mass.gov/doc/fy26-franklin-hampshire-budget-3/download,2026-08-25T13:00:46-04:00
https://www.mass.gov/doc/fy26-jtec-budget-3/download,2026-08-25T13:00:46-04:00
https://www.mass.gov/doc/fy26-new-bedford-budget-4/download,2026-08-25T13:00:46-04:00
https://www.mass.gov/doc/fy26-north-central-budget-4/download,2026-08-25T13:00:46-04:00
https://www.mass.gov/doc/fy26-city-of-boston-budget-4/download,2026-08-25T13:00:46-04:00
https://www.mass.gov/doc/fy26-fall-river-budget-3/download,2026-08-25T13:00:46-04:00
https://www.mass.gov/doc/fy26-hampden-budget-3/download,2026-08-25T13:00:46-04:00
https://www.mass.gov/doc/watched-ccs-on-demand-video/download,2026-08-25T13:00:46-04:00
https://www.mass.gov/doc/fy26-city-of-quincy-budget-3/download,2026-08-25T13:00:46-04:00
https://www.mass.gov/doc/fy26-lawrence-budget-3/download,2026-08-25T13:00:46-04:00
https://www.mass.gov/doc/fy26-lowell-budget-3/download,2026-08-25T13:00:46-04:00
https://www.mass.gov/doc/fy26-metro-north-reb-budget-3/download,2026-08-25T13:00:46-04:00
https://www.mass.gov/doc/fy26-metro-southwest-budget-4/download,2026-08-25T13:00:46-04:00
https://www.mass.gov/doc/fy26-north-shore-budget-3/download,2026-08-25T13:00:46-04:00
https://www.mass.gov/doc/fy26-worcester-budget-4/download,2026-08-25T13:00:46-04:00
https://www.mass.gov/doc/dcs-policy-10-115-masshire-department-of-career-services-field-management-and-oversight-fiscal-year-2026-monitoring-and-biennial-systems-certification-review-of-the-masshire-workforce-boards/download,2026-08-25T13:00:46-04:00
https://www.mass.gov/doc/10-115a-fy26-mdcs-program-elements/download,2026-08-25T13:00:46-04:00
https://www.mass.gov/doc/10-115b-fy26-career-center-program-questionnaire/download,2026-08-25T12:54:09-04:00
https://www.mass.gov/doc/10-115c-fy26-customer-program-file-review/download,2026-08-25T13:00:46-04:00
https://www.mass.gov/doc/10-115d-fy26-youth-customer-program-file-review/download,2026-08-25T13:00:46-04:00
https://www.mass.gov/doc/10-115e-fy26-american-with-disabilities-act-complianceeeocomplaint/download,2026-08-25T12:59:00-04:00
https://www.mass.gov/doc/10-115f-fy26-language-access-assessment-lep/download,2026-08-25T13:00:46-04:00
https://www.mass.gov/doc/10-115g-fy26-veterans-caseload-data-analysis-sheet-vcdas/download,2026-08-25T12:54:09-04:00
https://www.mass.gov/doc/10-115ha-fy26-required-posters-fillable/download,2026-08-25T13:00:46-04:00
https://www.mass.gov/doc/10-115hb-fy26-required-poster-printable/download,2026-08-25T13:00:46-04:00
https://www.mass.gov/doc/10-115i-jvsg-eligibility-screening-tool/download,2026-08-25T13:00:46-04:00
https://www.mass.gov/doc/10-115j-fy26-complaint-officer-listing/download,2026-08-25T13:00:46-04:00
https://www.mass.gov/doc/10-115ka-fy26-initial-resea-review-checklist-fillable/download,2026-08-25T13:00:46-04:00
https://www.mass.gov/doc/10-115kb-fy26-initial-resea-review-checklist-printable/download,2026-08-25T13:00:46-04:00
https://www.mass.gov/doc/10-115la-fy26-resea-review-checklist-fillable/download,2026-08-25T13:00:46-04:00
https://www.mass.gov/doc/10-115lb-fy26-resea-review-checklist-printable/download,2026-08-25T13:00:46-04:00
https://www.mass.gov/doc/10-115ma-fy26-ccs-checklist-fillable/download,2026-08-25T13:00:46-04:00
https://www.mass.gov/doc/10-115mb-fy26-ccs-checklistprintable/download,2026-08-25T13:00:46-04:00
https://www.mass.gov/doc/10-115n-fy26-workforce-board-questionnaire/download,2026-08-25T12:59:50-04:00
https://www.mass.gov/doc/10-115o-fy26-youth-frameworks-questionnaire/download,2026-08-25T13:00:46-04:00
https://www.mass.gov/doc/dcs-policy-17-113-masshire-fy26-workforce-board-career-center-oversight-and-monitoring-requirements/download,2026-08-25T13:00:46-04:00
https://www.mass.gov/doc/dcs-policy-17-113a-fy26-wb-program-elements/download,2026-08-25T13:00:46-04:00
https://www.mass.gov/doc/dcs-policy-17-113b-fy26-career-center-program-questionnaire/download,2026-08-25T12:54:09-04:00
https://www.mass.gov/doc/dcs-policy-17-113c-fy26-customer-program-file-review/download,2026-08-25T13:00:46-04:00
https://www.mass.gov/doc/dcs-policy-17-113d-fy26-youth-customer-program-file-review/download,2026-08-25T13:00:46-04:00
https://www.mass.gov/doc/dcs-policy-17-113e-fy26-american-with-disabilities-act-complianceeeocomplaint/download,2026-08-25T13:00:46-04:00
https://www.mass.gov/doc/dcs-policy-17-113f-fy26-language-access-assessment-lep/download,2026-08-25T13:00:46-04:00
https://www.mass.gov/doc/dcs-policy-17-113g-fy26-veterans-caseload-data-analysis-sheet-vcdas/download,2026-08-25T12:54:09-04:00
https://www.mass.gov/doc/dcs-policy-17-113ha-fy26-required-posters-fillable/download,2026-08-25T13:00:46-04:00
https://www.mass.gov/doc/dcs-policy-17-113hb-fy26-required-poster-printable/download,2026-08-25T13:00:46-04:00
https://www.mass.gov/doc/dcs-policy-17-113i-fy26-jvsg-eligibility-screening-tool/download,2026-08-25T13:00:46-04:00
https://www.mass.gov/doc/dcs-policy-17-113j-fy26-officer-list/download,2026-08-25T13:00:46-04:00
https://www.mass.gov/doc/dcs-policy-17-113ka-fy26-initial-resea-review-checklist-fillable/download,2026-08-25T13:00:46-04:00
https://www.mass.gov/doc/dcs-policy-17-113kb-fy26-initial-resea-review-checklist-printable/download,2026-08-25T12:59:50-04:00
https://www.mass.gov/doc/dcs-policy-17-113la-fy26-resea-review-checklist-fillable/download,2026-08-25T12:59:50-04:00
https://www.mass.gov/doc/dcs-policy-17-113lb-fy26-resea-review-checklist-printable/download,2026-08-25T12:59:50-04:00
https://www.mass.gov/doc/dcs-policy-17-113ma-fy26-ccs-checklist-fillable/download,2026-08-25T12:59:50-04:00
https://www.mass.gov/doc/dcs-policy-17-113mb-fy26-ccs-checklist-printable/download,2026-08-25T12:59:50-04:00
https://www.mass.gov/doc/dcs-policy-04-116t-fy26-jobs-for-veterans-state-grant-allocations/download,2026-08-25T12:59:50-04:00
https://www.mass.gov/doc/dcs-info-29-111-meeting-the-moment-a-community-hearing-and-resource-fair/download,2026-08-25T12:59:50-04:00
https://www.mass.gov/doc/dcs-info-29-111a-meeting-the-moment-flyer/download,2026-08-25T12:59:50-04:00
https://www.mass.gov/doc/fy25-north-central-budget-24/download,2026-08-25T12:59:50-04:00
https://www.mass.gov/doc/2025-wioa-adult-and-dislocated-worker-program-october/download,2026-08-25T12:59:50-04:00
https://www.mass.gov/doc/2025-wioa-title-i-performance-training-october/download,2026-08-25T12:59:50-04:00
https://www.mass.gov/doc/2025-wioa-youth-program-october/download,2026-08-25T12:59:50-04:00
https://www.mass.gov/doc/dcs-info-14-617-resilience-workshop-for-people-impacted-by-cuts-to-federal-programs-fall-2025/download,2026-08-25T12:59:50-04:00
https://www.mass.gov/doc/fy26-berkshire-training-budget-4/download,2026-08-25T12:59:50-04:00
https://www.mass.gov/doc/fy26-brockton-budget-6/download,2026-08-25T12:59:50-04:00
https://www.mass.gov/doc/fy26-city-of-boston-budget-7/download,2026-08-25T12:59:50-04:00
https://www.mass.gov/doc/fy26-city-of-quincy-budget-6/download,2026-08-25T12:59:50-04:00
https://www.mass.gov/doc/fy26-fall-river-budget-6/download,2026-08-25T12:59:50-04:00
https://www.mass.gov/doc/fy26-franklin-hampshire-budget-6/download,2026-08-25T12:59:50-04:00
https://www.mass.gov/doc/fy26-hampden-budget-6/download,2026-08-25T12:59:50-04:00
https://www.mass.gov/doc/fy26-jtec-budget-5/download,2026-08-25T12:59:50-04:00
https://www.mass.gov/doc/fy26-lawrence-budget-6/download,2026-08-25T12:59:50-04:00
https://www.mass.gov/doc/fy26-lowell-budget-6/download,2026-08-25T12:59:50-04:00
https://www.mass.gov/doc/fy26-metro-north-reb-budget-6/download,2026-08-25T12:59:50-04:00
https://www.mass.gov/doc/fy26-metro-southwest-budget-7/download,2026-08-25T12:59:50-04:00
https://www.mass.gov/doc/fy26-new-bedford-budget-7/download,2026-08-25T12:59:50-04:00
https://www.mass.gov/doc/fy26-north-central-budget-7/download,2026-08-25T12:59:50-04:00
https://www.mass.gov/doc/fy26-north-shore-budget-6/download,2026-08-25T12:59:50-04:00
https://www.mass.gov/doc/fy26-worcester-budget-7/download,2026-08-25T12:59:50-04:00
https://www.mass.gov/doc/fy26-city-of-quincy-budget-5/download,2026-08-25T12:59:50-04:00
https://www.mass.gov/doc/fy26-city-of-quincy-budget-7/download,2026-08-25T12:59:50-04:00
https://www.mass.gov/doc/fy26-lowell-budget-5/download,2026-08-25T12:59:50-04:00
https://www.mass.gov/doc/fy26-lowell-budget-7/download,2026-08-25T12:59:50-04:00
https://www.mass.gov/doc/fy26-metro-north-reb-budget-5/download,2026-08-25T12:59:50-04:00
https://www.mass.gov/doc/fy26-metro-north-reb-budget-7/download,2026-08-25T12:59:50-04:00
https://www.mass.gov/doc/fy26-metro-southwest-budget-6/download,2026-08-25T12:59:50-04:00
https://www.mass.gov/doc/fy26-metro-southwest-budget-8/download,2026-08-25T12:59:50-04:00
https://www.mass.gov/doc/fy26-new-bedford-budget-6/download,2026-08-25T12:59:50-04:00
https://www.mass.gov/doc/fy26-new-bedford-budget-8/download,2026-08-25T12:59:50-04:00
https://www.mass.gov/doc/fy26-north-central-budget-6/download,2026-08-25T12:59:50-04:00
https://www.mass.gov/doc/fy26-north-central-budget-8/download,2026-08-25T12:59:50-04:00
https://www.mass.gov/doc/fy26-north-shore-budget-5/download,2026-08-25T12:59:50-04:00
https://www.mass.gov/doc/fy26-north-shore-budget-7/download,2026-08-25T12:59:50-04:00
https://www.mass.gov/doc/fy26-worcester-budget-6/download,2026-08-25T12:59:50-04:00
https://www.mass.gov/doc/fy26-worcester-budget-8/download,2026-08-25T12:59:50-04:00
https://www.mass.gov/doc/fy26-berkshire-training-budget-2/download,2026-08-25T12:59:50-04:00
https://www.mass.gov/doc/fy26-berkshire-training-budget-5/download,2026-08-25T12:59:50-04:00
https://www.mass.gov/doc/fy26-brockton-budget-5/download,2026-08-25T12:59:00-04:00
https://www.mass.gov/doc/fy26-brockton-budget-7/download,2026-08-25T12:59:00-04:00
https://www.mass.gov/doc/fy26-city-of-boston-budget-6/download,2026-08-25T12:59:00-04:00
https://www.mass.gov/doc/fy26-city-of-boston-budget-8/download,2026-08-25T12:59:00-04:00
https://www.mass.gov/doc/fy26-fall-river-budget-5/download,2026-08-25T12:59:00-04:00
https://www.mass.gov/doc/fy26-fall-river-budget-7/download,2026-08-25T12:59:00-04:00
https://www.mass.gov/doc/fy26-franklin-hampshire-budget-5/download,2026-08-25T12:59:00-04:00
https://www.mass.gov/doc/fy26-franklin-hampshire-budget-7/download,2026-08-25T12:59:00-04:00
https://www.mass.gov/doc/fy26-hampden-budget-5/download,2026-08-25T12:59:00-04:00
https://www.mass.gov/doc/fy26-hampden-budget-7/download,2026-08-25T12:59:00-04:00
https://www.mass.gov/doc/fy26-jtec-budget-4/download,2026-08-25T12:59:00-04:00
https://www.mass.gov/doc/fy26-jtec-budget-6/download,2026-08-25T12:59:00-04:00
https://www.mass.gov/doc/fy26-lawrence-budget-5/download,2026-08-25T12:59:00-04:00
https://www.mass.gov/doc/fy26-lawrence-budget-7/download,2026-08-25T12:59:00-04:00
https://www.mass.gov/doc/fy25-berkshire-training-budget-18/download,2026-08-25T12:59:00-04:00
https://www.mass.gov/doc/left-state-check-list/download,2026-08-25T12:59:00-04:00
https://www.mass.gov/doc/day-1jvsg-sop-intro-to-jvsg/download,2026-08-25T12:59:00-04:00
https://www.mass.gov/doc/day-2updatedjvsg-sop-mhcc-role-with-jvsg/download,2026-08-25T12:59:00-04:00
https://www.mass.gov/doc/day-3jvsg-sop-jvsg-program-operations/download,2026-08-25T12:59:00-04:00
https://www.mass.gov/doc/day-4jvsg-sop-reportsprogramsservices-for-eligible-veterans/download,2026-08-25T12:59:00-04:00
https://www.mass.gov/doc/fy26-brockton-initial-budget/download,2026-08-25T12:59:00-04:00
https://www.mass.gov/doc/fy26-city-of-boston-initial-budget/download,2026-08-25T12:59:00-04:00
https://www.mass.gov/doc/fy26-fall-river-initial-budget/download,2026-08-25T12:59:00-04:00
https://www.mass.gov/doc/fy26-franklin-hampshire-initial-budget/download,2026-08-25T12:59:00-04:00
https://www.mass.gov/doc/fy26-hampden-initial-budget/download,2026-08-25T12:59:00-04:00
https://www.mass.gov/doc/fy26-jtec-initial-budget/download,2026-08-25T12:59:00-04:00
https://www.mass.gov/doc/fy26-lawrence-initial-budget/download,2026-08-25T12:59:00-04:00
https://www.mass.gov/doc/fy26-lowell-initial-budget/download,2026-08-25T12:59:00-04:00
https://www.mass.gov/doc/fy26-metro-north-reb-initial-budget/download,2026-08-25T12:59:00-04:00
https://www.mass.gov/doc/fy26-metro-southwest-initial-budget/download,2026-08-25T12:59:00-04:00
https://www.mass.gov/doc/fy26-new-bedford-initial-budget/download,2026-08-25T12:59:00-04:00
https://www.mass.gov/doc/fy26-north-central-initial-budget/download,2026-08-25T12:59:00-04:00
https://www.mass.gov/doc/fy26-north-shore-initial-budget/download,2026-08-25T12:59:00-04:00
https://www.mass.gov/doc/fy26-worcester-initial-budget/download,2026-08-25T12:59:00-04:00
https://www.mass.gov/doc/fy25-berkshire-training-budget-18-0/download,2026-08-25T12:59:00-04:00
https://www.mass.gov/doc/fy25-city-of-quincy-budget-19/download,2026-08-25T12:59:00-04:00
https://www.mass.gov/doc/fy25-fall-river-budget-16/download,2026-08-25T12:59:00-04:00
https://www.mass.gov/doc/fy25-franklin-hampshire-budget-21/download,2026-08-25T12:59:00-04:00
https://www.mass.gov/doc/fy25-jtec-budget-16/download,2026-08-25T12:59:00-04:00
https://www.mass.gov/doc/fy25-lawrence-budget-20/download,2026-08-25T12:59:00-04:00
https://www.mass.gov/doc/fy25-new-bedford-budget-19/download,2026-08-25T12:59:00-04:00
https://www.mass.gov/doc/fy25-north-shore-budget-19/download,2026-08-25T12:59:00-04:00
https://www.mass.gov/doc/dcs-policy-23-105-3-resea-unemployment-insurance-eligibility-assessment-questionnaire/download,2026-08-25T12:54:09-04:00
https://www.mass.gov/doc/dcs-policy-23-105-3a-resea-ui-eligibility-assessment-questionnaire-form-english/download,2026-08-25T12:59:00-04:00
https://www.mass.gov/doc/dcs-policy-23-105-3b-ui-eligibility-assessment-questionnaire-definitions-english/download,2026-08-25T12:59:00-04:00
https://www.mass.gov/doc/dcs-policy-23-105-3c-resea-ui-eligibility-assessment-questionnaire-form-spanish/download,2026-08-25T12:59:00-04:00
https://www.mass.gov/doc/dcs-policy-23-105-3d-resea-ui-eligibility-assessment-questionnaire-form-chinese/download,2026-08-25T12:59:00-04:00
https://www.mass.gov/doc/mdcs-policy-23-105-3e-resea-ui-eligibility-assessment-questionnaire-form-portuguese/download,2026-08-25T12:54:09-04:00
https://www.mass.gov/doc/dcs-policy-23-105-3f-resea-ui-eligibility-assessment-questionnaire-form-vietnamese/download,2026-08-25T12:59:00-04:00
https://www.mass.gov/doc/dcs-policy-23-105-3g-resea-ui-eligibility-assessment-questionnaire-form-french/download,2026-08-25T12:57:38-04:00
https://www.mass.gov/doc/dcs-policy-23-105-3h-resea-ui-eligibility-assessment-questionnaire-form-haitian/download,2026-08-25T12:54:09-04:00
https://www.mass.gov/doc/dcs-policy-23-105-3i-resea-ui-eligibility-assessment-questionnaire-form-italian/download,2026-08-25T12:57:38-04:00
https://www.mass.gov/doc/dcs-policy-23-105-3j-resea-ui-eligibility-assessment-questionnaire-form-khmer/download,2026-08-25T12:57:38-04:00
https://www.mass.gov/doc/dcs-policy-23-105-3k-resea-ui-eligibility-assessment-questionnaire-form-korean/download,2026-08-25T12:57:38-04:00
https://www.mass.gov/doc/dcs-policy-23-105-3l-resea-ui-eligibility-assessment-questionnaire-form-russian/download,2026-08-25T12:57:38-04:00
https://www.mass.gov/doc/dcs-policy-23-105-3m-resea-ui-eligibility-assessment-questionnaire-form-lao/download,2026-08-25T12:57:38-04:00
https://www.mass.gov/doc/dcs-policy-23-105-3n-resea-ui-eligibility-assessment-questionnaire-form-arabic/download,2026-08-25T12:57:38-04:00
https://www.mass.gov/doc/dcs-info-02-173-moses-applications-entering-maintenance-only-mode/download,2026-08-25T12:57:38-04:00
https://www.mass.gov/doc/mdcs-wotc-dashboard-january-1-2025-march-31-2025/download,2026-08-25T12:57:38-04:00
https://www.mass.gov/doc/dcs-info-09-141-fy2026-career-center-performance-reports-quarter-ending-september-30-2025/download,2026-08-25T12:54:09-04:00
https://www.mass.gov/doc/dcs-info-09-141a-tab00-table-of-contents/download,2026-08-25T12:57:38-04:00
https://www.mass.gov/doc/dcs-info-09-141b-tab01-executive-summary/download,2026-08-25T12:57:38-04:00
https://www.mass.gov/doc/dcs-info-09-141c-tab02-employer-summary/download,2026-08-25T12:57:38-04:00
https://www.mass.gov/doc/dcs-info-09-141d-tab03-job-seeker-summary/download,2026-08-25T12:57:38-04:00
https://www.mass.gov/doc/dcs-info-09-141e-tab04-veteran-summary/download,2026-08-25T12:57:38-04:00
https://www.mass.gov/doc/dcs-info-09-141f-tab05-shared-customers-and-res-summary/download,2026-08-25T12:57:38-04:00
https://www.mass.gov/doc/dcs-info-09-141g-tab06-title-i-adults-and-dislocated-worker-summary/download,2026-08-25T12:57:38-04:00
https://www.mass.gov/doc/dcs-info-09-141h-tab07-title-i-youth-summary/download,2026-08-25T12:57:38-04:00
https://www.mass.gov/doc/dcs-info-09-141i-tab08-national-dislocated-worker-grants-summary/download,2026-08-25T12:57:38-04:00
https://www.mass.gov/doc/dcs-info-09-141k-tab10-labor-exchange-vets-resea-performance-summary/download,2026-08-25T12:57:38-04:00
https://www.mass.gov/doc/dcs-info-09-141l-tab11-title-i-performance/download,2026-08-25T12:57:38-04:00
https://www.mass.gov/doc/dcs-info-09-141m-tab12-trade-performance-summary/download,2026-08-25T12:57:38-04:00
https://www.mass.gov/doc/dcs-info-09-141n-tab13-performance-cohort/download,2026-08-25T12:57:38-04:00
https://www.mass.gov/doc/dcs-policy-16-102-wioa-waiver-requests-statutory-and-regulatory-requirements/download,2026-08-25T12:57:38-04:00
https://www.mass.gov/doc/dcs-policy-16-102a-example-of-waiver-options/download,2026-08-25T12:57:38-04:00
https://www.mass.gov/doc/dcs-policy-16-102b-waiver-request-template/download,2026-08-25T12:57:38-04:00
https://www.mass.gov/doc/fy25-brockton-budget-20/download,2026-08-25T12:57:38-04:00
https://www.mass.gov/doc/fy25-city-of-boston-budget-20/download,2026-08-25T12:57:38-04:00
https://www.mass.gov/doc/fy25-hampden-budget-20/download,2026-08-25T12:57:38-04:00
https://www.mass.gov/doc/fy25-lowell-budget-19/download,2026-08-25T12:57:38-04:00
https://www.mass.gov/doc/fy25-metro-north-reb-budget-21/download,2026-08-25T12:57:38-04:00
https://www.mass.gov/doc/fy25-north-central-budget-23/download,2026-08-25T12:57:38-04:00
https://www.mass.gov/doc/fy25-worcester-budget-18/download,2026-08-25T12:57:38-04:00
https://www.mass.gov/doc/fy24-berkshire-training-budget-24/download,2026-08-25T12:57:38-04:00
https://www.mass.gov/doc/mdcs-wotc-dashboard-april-1-2025-june-30-2025/download,2026-08-25T12:57:38-04:00
https://www.mass.gov/doc/mdcs-wotc-dashboard-july-1-2025-september-30-2025/download,2026-08-25T12:57:38-04:00
https://www.mass.gov/doc/fy26-city-of-quincy-budget-1/download,2026-08-25T12:57:38-04:00
https://www.mass.gov/doc/dcs-info-25-289-applications-now-open-behavioral-health-workforce-scholarship-program/download,2026-08-25T12:57:38-04:00
https://www.mass.gov/doc/change-notification-process-for-masshire-workforce-system-situational-or-permanent-office-closings/download,2026-08-25T12:57:38-04:00
https://www.mass.gov/doc/fy26-berkshire-reb-budget-1/download,2026-08-25T12:57:38-04:00
https://www.mass.gov/doc/fy26-berkshire-training-budget-6/download,2026-08-25T12:57:38-04:00
https://www.mass.gov/doc/fy26-brockton-budget-8/download,2026-08-25T12:57:38-04:00
https://www.mass.gov/doc/fy26-cape-cod-wib-budget-1/download,2026-08-25T12:57:38-04:00
https://www.mass.gov/doc/fy26-city-of-quincy-budget-8/download,2026-08-25T12:57:38-04:00
https://www.mass.gov/doc/fy26-fall-river-budget-8/download,2026-08-25T12:57:38-04:00
https://www.mass.gov/doc/fy26-franklin-hampshire-budget-8/download,2026-08-25T12:57:38-04:00
https://www.mass.gov/doc/fy26-jtec-budget-7/download,2026-08-25T12:55:15-04:00
https://www.mass.gov/doc/fy26-lawrence-budget-8/download,2026-08-25T12:55:15-04:00
https://www.mass.gov/doc/fy26-lowell-budget-8/download,2026-08-25T12:55:15-04:00
https://www.mass.gov/doc/fy26-new-bedford-budget-9/download,2026-08-25T12:55:15-04:00
https://www.mass.gov/doc/fy26-north-central-budget-9/download,2026-08-25T12:55:15-04:00
https://www.mass.gov/doc/fy26-north-shore-budget-8/download,2026-08-25T12:55:15-04:00
https://www.mass.gov/doc/fy26-worcester-budget-9/download,2026-08-25T12:55:15-04:00
https://www.mass.gov/doc/fy26-city-of-boston-budget-9/download,2026-08-25T12:55:15-04:00
https://www.mass.gov/doc/fy26-fall-river-budget-9/download,2026-08-25T12:55:15-04:00
https://www.mass.gov/doc/fy26-hampden-budget-8/download,2026-08-25T12:55:15-04:00
https://www.mass.gov/doc/fy26-hampden-budget-9/download,2026-08-25T12:55:15-04:00
https://www.mass.gov/doc/fy26-metro-north-reb-budget-8/download,2026-08-25T12:55:15-04:00
https://www.mass.gov/doc/fy26-metro-southwest-budget-9/download,2026-08-25T12:55:15-04:00
https://www.mass.gov/doc/fy26-north-shore-budget-9/download,2026-08-25T12:55:15-04:00
https://www.mass.gov/doc/dcs-policy-37-102-2-moses-data-entry-for-job-seekers-legacy-futureskills-guidance/download,2026-08-25T12:55:15-04:00
https://www.mass.gov/doc/dcs-policy-37-102-2a-ctiwctf-participant-tracking-in-moses/download,2026-08-25T12:55:15-04:00
https://www.mass.gov/doc/dcs-info-05-200-snap-work-rules-volunteer-site-opportunity/download,2026-08-25T12:55:15-04:00
https://www.mass.gov/doc/dcs-info-05-200a-snap-work-rules-volunteer-flyer-and-faq/download,2026-08-25T12:55:15-04:00
https://www.mass.gov/doc/dcs-info-05-201-pay-transparency-in-massachusetts/download,2026-08-25T12:55:15-04:00
https://www.mass.gov/doc/dcs-policy-08-137-change-notification-process-for-masshire-workforce-system-situational-or-permanent-office-closings/download,2026-08-25T12:55:15-04:00
https://www.mass.gov/doc/dcs-policy-08-137a-types-of-situational-closingschanges/download,2026-08-25T12:55:15-04:00
https://www.mass.gov/doc/dcs-policy-08-137b-situational-change-notification-form/download,2026-08-25T12:55:15-04:00
https://www.mass.gov/doc/dcs-policy-08-137c-permanent-change-notification-form/download,2026-08-25T12:55:15-04:00
https://www.mass.gov/doc/massachusetts-py2024-wioa-annual-performance-report-narrative-december-2025/download,2026-08-25T12:55:15-04:00
https://www.mass.gov/doc/resea-process-a-visual-overview/download,2026-08-25T12:55:15-04:00
https://www.mass.gov/doc/dcs-info-05-202-rfi-and-hers-mentorship-program-through-the-northeast-home-energy-rating-system-alliance/download,2026-08-25T12:55:15-04:00
https://www.mass.gov/doc/dcs-info-05-202a-nehers-updated-rack-card/download,2026-08-25T12:55:15-04:00
https://www.mass.gov/doc/dcs-info-05-202b-nehers-mentorships-flyer/download,2026-08-25T12:55:15-04:00
https://www.mass.gov/doc/dcs-policy-04-116-4-massability/download,2026-08-25T12:54:09-04:00
https://www.mass.gov/doc/dcs-policy-04-116-1-adult-community-learning-services/download,2026-08-25T12:55:15-04:00
https://www.mass.gov/doc/fy25-metro-southwest-budget-21/download,2026-08-25T12:55:15-04:00
https://www.mass.gov/doc/fy26-berkshire-training-budget-7/download,2026-08-25T12:55:15-04:00
https://www.mass.gov/doc/fy26-brockton-budget-9/download,2026-08-25T12:55:15-04:00
https://www.mass.gov/doc/fy26-city-of-boston-budget-10/download,2026-08-25T12:55:15-04:00
https://www.mass.gov/doc/fy26-city-of-quincy-budget-9/download,2026-08-25T12:55:15-04:00
https://www.mass.gov/doc/fy26-fall-river-budget-10/download,2026-08-25T12:55:15-04:00
https://www.mass.gov/doc/fy26-franklin-hampshire-budget-9/download,2026-08-25T12:55:15-04:00
https://www.mass.gov/doc/fy26-hampden-budget-10/download,2026-08-25T12:55:15-04:00
https://www.mass.gov/doc/fy26-jtec-budget-8/download,2026-08-25T12:55:15-04:00
https://www.mass.gov/doc/fy26-lawrence-budget-9/download,2026-08-25T12:55:15-04:00
https://www.mass.gov/doc/fy26-lowell-budget-9/download,2026-08-25T12:55:15-04:00
https://www.mass.gov/doc/fy26-metro-north-reb-budget-9/download,2026-08-25T12:55:15-04:00
https://www.mass.gov/doc/fy26-metro-southwest-budget-10/download,2026-08-25T12:55:15-04:00
https://www.mass.gov/doc/fy26-new-bedford-budget-10/download,2026-08-25T12:55:15-04:00
https://www.mass.gov/doc/fy26-north-central-budget-10/download,2026-08-25T12:55:15-04:00
https://www.mass.gov/doc/fy26-north-shore-budget-10/download,2026-08-25T12:55:15-04:00
https://www.mass.gov/doc/fy26-worcester-budget-10/download,2026-08-25T12:55:15-04:00
https://www.mass.gov/doc/dcs-info-02-174-moses-version-415-to-be-released-on-wednesday-january-28-2026/download,2026-08-25T12:52:40-04:00
https://www.mass.gov/doc/dcs-policy-04-116-5-national-senior-community-services-and-employment-program-scsep-cwi-works-inc/download,2026-08-25T12:52:40-04:00
https://www.mass.gov/doc/dcs-info-02-175-masshire-jobquest-has-a-new-address/download,2026-08-25T12:52:40-04:00
https://www.mass.gov/doc/fy26-city-of-quincy-budget-10/download,2026-08-25T12:52:40-04:00
https://www.mass.gov/doc/fy26-fall-river-budget-11/download,2026-08-25T12:52:40-04:00
https://www.mass.gov/doc/fy26-franklin-hampshire-budget-10/download,2026-08-25T12:52:40-04:00
https://www.mass.gov/doc/fy26-hampden-budget-11/download,2026-08-25T12:52:40-04:00
https://www.mass.gov/doc/fy26-jtec-budget-9/download,2026-08-25T12:52:40-04:00
https://www.mass.gov/doc/fy26-new-bedford-budget-11/download,2026-08-25T12:52:40-04:00
https://www.mass.gov/doc/fy26-north-central-budget-11/download,2026-08-25T12:52:40-04:00
https://www.mass.gov/doc/2026-wioa-youth-program-january/download,2026-08-25T12:52:40-04:00
https://www.mass.gov/doc/2026-wioa-adult-and-dislocated-worker-program-january/download,2026-08-25T12:52:40-04:00
https://www.mass.gov/doc/2026-wioa-title-i-performance-training-january/download,2026-08-25T12:52:40-04:00
https://www.mass.gov/doc/mdcs-wotc-dashboard-october-1-2025-december-31-2025/download,2026-08-25T12:52:40-04:00
https://www.mass.gov/doc/fy26-metro-southwest-budget-11/download,2026-08-25T12:52:40-04:00
https://www.mass.gov/doc/fy25-city-of-quincy-budget-20/download,2026-08-25T12:52:40-04:00
https://www.mass.gov/doc/fy25-metro-southwest-budget-22/download,2026-08-25T12:52:40-04:00
https://www.mass.gov/doc/fy25-north-shore-budget-20/download,2026-08-25T12:52:40-04:00
https://www.mass.gov/doc/dcs-info-15-145-hilton-honors-military-rewards-program/download,2026-08-25T12:52:40-04:00
https://www.mass.gov/doc/dcs-info-15-145a-hilton-honors-rewards-program-for-veterans-referral-form/download,2026-08-25T12:52:40-04:00
https://www.mass.gov/doc/fy26-berkshire-training-budget-8/download,2026-08-25T12:52:40-04:00
https://www.mass.gov/doc/fy26-brockton-budget-10/download,2026-08-25T12:52:40-04:00
https://www.mass.gov/doc/fy26-city-of-quincy-budget-11/download,2026-08-25T12:52:40-04:00
https://www.mass.gov/doc/fy26-fall-river-budget-12/download,2026-08-25T12:52:40-04:00
https://www.mass.gov/doc/fy26-franklin-hampshire-budget-11/download,2026-08-25T12:52:40-04:00
https://www.mass.gov/doc/fy26-jtec-budget-10/download,2026-08-25T12:52:40-04:00
https://www.mass.gov/doc/fy26-lawrence-budget-10/download,2026-08-25T12:52:40-04:00
https://www.mass.gov/doc/fy26-lowell-budget-10/download,2026-08-25T12:52:40-04:00
https://www.mass.gov/doc/fy26-new-bedford-budget-12/download,2026-08-25T12:52:40-04:00
https://www.mass.gov/doc/fy26-north-central-budget-12/download,2026-08-25T12:51:54-04:00
https://www.mass.gov/doc/fy26-north-shore-budget-11/download,2026-08-25T12:51:54-04:00
https://www.mass.gov/doc/fy26-worcester-budget-11/download,2026-08-25T12:51:54-04:00
https://www.mass.gov/doc/dcs-jpp-02-2025-fy2025-adult-and-community-learning-services-adult-career-pathway-funds/download,2026-08-25T12:51:54-04:00
https://www.mass.gov/doc/dcs-jpp-02-2025a-fy2025-adult-and-community-learning-services-adult-career-pathways-funds/download,2026-08-25T12:51:54-04:00
https://www.mass.gov/doc/dcs-jpp-03-2024-fy2024-adult-and-community-learning-services-adult-career-pathway-funds/download,2026-08-25T12:51:54-04:00
https://www.mass.gov/doc/dcs-jpp-03-2024a-fy2024-adult-and-community-learning-services-adult-career-pathways-funds/download,2026-08-25T12:51:54-04:00
https://www.mass.gov/doc/fy26-city-of-boston-budget-11/download,2026-08-25T12:51:54-04:00
https://www.mass.gov/doc/fy26-hampden-budget-12/download,2026-08-25T12:51:54-04:00
https://www.mass.gov/doc/fy26-metro-north-reb-budget-10/download,2026-08-25T12:51:54-04:00
https://www.mass.gov/doc/fy26-metro-southwest-budget-12/download,2026-08-25T12:51:54-04:00
https://www.mass.gov/doc/dcs-info-25-290-funding-opportunity-2026-homeless-veterans-reintegration-program-hvrp/download,2026-08-25T12:51:54-04:00
https://www.mass.gov/doc/dcs-jpp-01-2026-fy2026-adult-and-community-learning-services-adult-career-pathway-funds/download,2026-08-25T12:51:54-04:00
https://www.mass.gov/doc/dcs-jpp-01-2026a-fy2026-adult-and-community-learning-services-adult-career-pathways-funds/download,2026-08-25T12:51:54-04:00
https://www.mass.gov/doc/fy25-city-of-boston-budget-22/download,2026-08-25T12:51:54-04:00
https://www.mass.gov/doc/dcs-info-22-135-national-apprenticeship-week-2026/download,2026-08-25T12:51:54-04:00
https://www.mass.gov/doc/dcs-jpp-04-2024-fy24-wioa-state-partner-infrastructure-contributions/download,2026-08-25T12:51:54-04:00
https://www.mass.gov/doc/dcs-jpp-03-2025-fy25-wioa-state-partner-infrastructure-contributions/download,2026-08-25T12:51:54-04:00
https://www.mass.gov/doc/dcs-jpp-02-2026-fy26-wioa-state-partner-infrastructure-contributions/download,2026-08-25T12:51:54-04:00
https://www.mass.gov/doc/dcs-info-02-176-pay-transparency-in-massachusetts-masshire-jobquest-and-moses-updates/download,2026-08-25T12:51:54-04:00
https://www.mass.gov/doc/dcs-info-14-618-careeronestop-help-your-customers-stand-out-in-their-job-search-workforcegps-webinar/download,2026-08-25T12:51:54-04:00
https://www.mass.gov/doc/dcs-policy-19-102-1-youth-eligibility-high-poverty-area/download,2026-08-25T12:51:54-04:00
https://www.mass.gov/doc/dcs-policy-19-102-1a-instructions-determining-if-a-youth-resides-in-a-high-poverty-area/download,2026-08-25T12:51:54-04:00
https://www.mass.gov/doc/veteran-job-and-resource-fair-february-17-2026/download,2026-08-25T12:51:54-04:00
https://www.mass.gov/doc/dcs-info-14-619-trauma-and-resilience-in-the-workplace-trainings-and-action-labs/download,2026-08-25T12:51:54-04:00
https://www.mass.gov/doc/dcs-info-14-619a-trauma-resilience-in-the-workplace-flyer/download,2026-08-25T12:51:54-04:00
https://www.mass.gov/doc/dcs-info-05-203-lifeguard-and-waterfront-safety-staff-recruitment-through-the-department-of-conservation-and-recreation/download,2026-08-25T12:51:54-04:00
https://www.mass.gov/doc/dcs-info-24-104-premier-virtual-job-fair-platform-access-change/download,2026-08-25T12:51:54-04:00
https://www.mass.gov/doc/dcs-policy-17-114-ada-title-ii-digital-accessibility-compliance-deadline/download,2026-08-25T12:48:49-04:00
https://www.mass.gov/doc/dcs-info-05-203a-flyer-english/download,2026-08-25T12:51:54-04:00
https://www.mass.gov/doc/dcs-info-05-203b-flyer-portuguese/download,2026-08-25T12:51:54-04:00
https://www.mass.gov/doc/dcs-info-05-203c-flyer-spanish/download,2026-08-25T12:51:54-04:00
https://www.mass.gov/doc/dcs-policy-17-115-masshire-workforce-board-certification-guidance-fy27-fy28/download,2026-08-25T12:51:54-04:00
https://www.mass.gov/doc/dcs-policy-17-115a-assurances/download,2026-08-25T12:51:54-04:00
https://www.mass.gov/doc/dcs-policy-17-115b-decertification-information-failure-to-meet-performance-wioa-rule/download,2026-08-25T12:51:54-04:00
https://www.mass.gov/doc/dcs-policy-17-115c-definitions/download,2026-08-25T12:51:54-04:00
https://www.mass.gov/doc/dcs-policy-17-115d-mwbceo-agreement-template/download,2026-08-25T12:51:54-04:00
https://www.mass.gov/doc/dcs-policy-17-115e-mwb-certification-standards-criteria-response-template/download,2026-08-25T12:51:54-04:00
https://www.mass.gov/doc/dcs-policy-17-115f-mwb-certification-package-signature-formcontact-sheet/download,2026-08-25T12:51:54-04:00
https://www.mass.gov/doc/dcs-policy-17-115g-mwb-membership-matrixtemplate/download,2026-08-25T12:51:54-04:00
https://www.mass.gov/doc/dcs-policy-17-115h-submission-checklist/download,2026-08-25T12:51:54-04:00
https://www.mass.gov/doc/dcs-info-14-620-national-apprenticeship-week-public-webinar-workforcegps-webinar/download,2026-08-25T12:51:54-04:00
https://www.mass.gov/doc/frail-elder-waiver-fact-sheet-zh-chs/download,2026-08-25T09:41:23-04:00
https://www.mass.gov/doc/frail-elder-waiver-fact-sheet-zh-chs-0/download,2026-08-25T09:42:01-04:00
https://www.mass.gov/doc/dcs-info-14-621-registered-apprenticeship-grants-workforcegps-webinars/download,2026-08-25T12:51:54-04:00
https://www.mass.gov/doc/dcs-info-14-622-consumer-protection-job-searching-strategies-to-protect-against-scams-fraud-and-identity-theft-workforcegps-webinar/download,2026-08-25T12:51:54-04:00
https://www.mass.gov/doc/tick-exposure-and-tickborne-disease-syndromic-surveillance-report-july-2026/download,2026-08-25T13:53:26-04:00
https://www.mass.gov/doc/dcs-info-14-623-google-ai-digital-skills-partnership/download,2026-08-25T12:51:54-04:00
https://www.mass.gov/doc/eecfo-26-01emergency-preparednessadvisory/download,2026-08-25T15:19:10-04:00
https://www.mass.gov/doc/eecfo-26-01emergency-preparednessadvisory-haitian-creole/download,2026-08-25T15:20:29-04:00
https://www.mass.gov/doc/eecfo-26-01emergency-preparednessadvisory-portuguese/download,2026-08-25T15:20:00-04:00
https://www.mass.gov/doc/eecfo-26-01emergency-preparednessadvisory-spanish/download,2026-08-25T15:19:29-04:00
https://www.mass.gov/doc/dcs-info-25-291-funding-opportunity-pay-for-performance-pfp-incentive-payments-program/download,2026-08-25T12:51:54-04:00
https://www.mass.gov/doc/dcs-policy-17-115i-governance-structure-technical-assistance-supplement/download,2026-08-25T12:51:54-04:00
https://www.mass.gov/doc/goulet-trucking-inc-south-deerfield-ma-03-02-2026-warn-notice/download,2026-08-25T12:51:54-04:00
https://www.mass.gov/doc/boston-electrometallurgical-corporation-dba-boston-metal-woburn-ma-02-20-2026-warn-notice/download,2026-08-25T12:51:54-04:00
https://www.mass.gov/doc/charles-river-laboratories-inc-02-19-2026-updated-warn-notice/download,2026-08-25T12:51:12-04:00
https://www.mass.gov/doc/legends-global-dba-legends-attractions-llc-and-legends-music-llc-boston-ma-02-18-2026-warn-notice/download,2026-08-25T12:51:12-04:00
https://www.mass.gov/doc/ae-regional-distribution-co-llc-formerly-known-as-quiet-logistics-inc-devens-ma-02-11-2026-warn-notice/download,2026-08-25T12:51:12-04:00
https://www.mass.gov/doc/saks-company-llc-dba-neiman-marcus-boston-ma-02-10-2026-warn-notice/download,2026-08-25T12:51:12-04:00
https://www.mass.gov/doc/garlock-flexibles-gardner-ma-02-09-2026-warn-notice/download,2026-08-25T12:51:12-04:00
https://www.mass.gov/doc/smithfield-packaged-meats-corp-springfield-ma-02-06-2026-warn-notice/download,2026-08-25T12:51:12-04:00
https://www.mass.gov/doc/zipcar-inc-boston-ma-01-30-2026-warn-notice/download,2026-08-25T12:51:12-04:00
https://www.mass.gov/doc/panera-llc-franklin-ma-01-26-2026-warn-notice/download,2026-08-25T12:51:12-04:00
https://www.mass.gov/doc/thermo-fisher-scientific-franklin-ma-01-26-2026-warn-notice/download,2026-08-25T12:51:12-04:00
https://www.mass.gov/doc/medford-cpl-inc-medford-01-16-2026-warn-notice/download,2026-08-25T12:51:12-04:00
https://www.mass.gov/doc/takeda-pharmaceuticals-america-inc-cambridge-ma-01-15-2026-warn-notice/download,2026-08-25T12:51:12-04:00
https://www.mass.gov/doc/crrc-ma-springfield-ma-01-15-2026-warn-notice/download,2026-08-25T12:51:12-04:00
https://www.mass.gov/doc/smbc-manubank-dba-jeniusbank-statewide-ma-01-14-2026-warn-notice/download,2026-08-25T12:51:12-04:00
https://www.mass.gov/doc/curia-global-inc-burlington-ma-01-14-2026-warn-notice/download,2026-08-25T12:51:12-04:00
https://www.mass.gov/doc/labcorp-early-development-laboratories-inc-and-laboratory-corporation-of-amera-holdings-dba-labcorp-01-08-2026-warn-notice/download,2026-08-25T12:51:12-04:00
https://www.mass.gov/doc/tessera-therapeutics-inc-01-07-2026-warn-notice/download,2026-08-25T12:51:12-04:00
https://www.mass.gov/doc/smyth-companies-llc-12-19-2025-warn-notice/download,2026-08-25T12:51:12-04:00
https://www.mass.gov/doc/charles-river-laboratories-inc-12-16-2025-updated-warn-notices/download,2026-08-25T12:51:12-04:00
https://www.mass.gov/doc/immunitybio-inc-woburn-ma-12-08-2025-warn-notice/download,2026-08-25T12:51:12-04:00
https://www.mass.gov/doc/eastern-bank-brockton-ma-xx-12-08-2025-warn-notice/download,2026-08-25T12:51:12-04:00
https://www.mass.gov/doc/rebel-restaurants-inc-dba-tony-cs-and-temazcal-boston-12-10-2025-warn-notice/download,2026-08-25T12:51:12-04:00
https://www.mass.gov/doc/dental-benefit-management-inc-dba-benecare-dental-plans-worcester-12-02-2025-warn-notice/download,2026-08-25T12:51:12-04:00
https://www.mass.gov/doc/revvity-inc-lawrence-updated-12-01-2025-warn-notice/download,2026-08-25T12:51:12-04:00
https://www.mass.gov/doc/synqor-inc-11-25-2025-warn-notice/download,2026-08-25T12:51:12-04:00
https://www.mass.gov/doc/nordstrom-11-20-2025-warn-notice/download,2026-08-25T12:51:12-04:00
https://www.mass.gov/doc/charles-river-laboratories-inc-11-10-2025-warn-notices/download,2026-08-25T12:51:12-04:00
https://www.mass.gov/doc/empire-hospitality-llc-dba-westford-regency-inn-and-conference-center-10-16-2025-warn-notice/download,2026-08-25T12:51:12-04:00
https://www.mass.gov/doc/the-fresh-market-framingham-10-14-2025-warn-notice/download,2026-08-25T12:51:12-04:00
https://www.mass.gov/doc/revvity-inc-boston-updated-10-03-2025-warn-notice/download,2026-08-25T12:51:12-04:00
https://www.mass.gov/doc/takeda-development-center-americas-inc-10-01-2025-warn-notice/download,2026-08-25T12:51:12-04:00
https://www.mass.gov/doc/alerislife-inc-updated-09-30-2025-warn-notice/download,2026-08-25T12:51:12-04:00
https://www.mass.gov/doc/tjx-companies-inc-09-22-2025-warn-notice/download,2026-08-25T12:51:12-04:00
https://www.mass.gov/doc/piedmont-airlines-inc-09-22-2025-warn-notice/download,2026-08-25T12:51:12-04:00
https://www.mass.gov/doc/alerislife-inc-09-03-2025-warn-notice/download,2026-08-25T12:51:12-04:00
https://www.mass.gov/doc/ngp-management-llc-09-02-2025-warn-notice/download,2026-08-25T12:51:12-04:00
https://www.mass.gov/doc/airborn-a-molex-company-08-20-2025-warn-notice/download,2026-08-25T12:51:12-04:00
https://www.mass.gov/doc/tuscan-brands-kitchen-burlington-08-19-2025-warn-notice/download,2026-08-25T12:51:12-04:00
https://www.mass.gov/doc/sdh-services-east-llcdbasodexo-08-18-2025-warn-notice/download,2026-08-25T12:51:12-04:00
https://www.mass.gov/doc/kovalus-separation-solutions-llc-08-08-2025-updated-warn-notice/download,2026-08-25T12:51:12-04:00
https://www.mass.gov/doc/cold-chain-technologies-08-04-2025-warn-notice/download,2026-08-25T12:51:12-04:00
https://www.mass.gov/doc/ayr-wellness-massachusetts-m3-07-31-2025-warn-notice/download,2026-08-25T12:51:12-04:00
https://www.mass.gov/doc/sarepta-therapeutics-inc-07-17-2025-warn-notice/download,2026-08-25T12:51:12-04:00
https://www.mass.gov/doc/gskplc-07-16-2025-warn-notice/download,2026-08-25T12:51:12-04:00
https://www.mass.gov/doc/hannaford-bros-marlborough-07-14-2025-warn-notice/download,2026-08-25T12:51:12-04:00
https://www.mass.gov/doc/azurity-pharmaceuticals-inc-07-08-2025-warn-notice/download,2026-08-25T12:51:12-04:00
https://www.mass.gov/doc/sc-corp-07-02-2025-warn-notice/download,2026-08-25T12:51:12-04:00
https://www.mass.gov/doc/spring-fling-job-fair-april-2-2026/download,2026-08-25T12:51:12-04:00
https://www.mass.gov/doc/dcs-policy-04-116-3-massachusetts-commission-for-the-blind-mcb/download,2026-08-25T12:51:12-04:00
https://www.mass.gov/doc/boston-electrometallurgical-corporation-dba-boston-metal-woburn-ma-03-12-2026-updated-warn-notice/download,2026-08-25T12:50:02-04:00
https://www.mass.gov/doc/dcs-policy-14-100-8-eligible-training-provider-list-etpl-subsequentcontinuing-eligibility/download,2026-08-25T12:48:49-04:00
https://www.mass.gov/doc/dcs-policy-14-100-8a-continuing-eligibility-data-report/download,2026-08-25T12:50:02-04:00
https://www.mass.gov/doc/fy26-brockton-budget-11/download,2026-08-25T12:50:02-04:00
https://www.mass.gov/doc/fy26-city-of-quincy-budget-12/download,2026-08-25T12:50:02-04:00
https://www.mass.gov/doc/fy26-fall-river-budget-13/download,2026-08-25T12:50:02-04:00
https://www.mass.gov/doc/fy26-franklin-hampshire-budget-12/download,2026-08-25T12:50:02-04:00
https://www.mass.gov/doc/fy26-jtec-budget-11/download,2026-08-25T12:50:02-04:00
https://www.mass.gov/doc/fy26-lawrence-budget-11/download,2026-08-25T12:50:02-04:00
https://www.mass.gov/doc/fy26-lowell-budget-11/download,2026-08-25T12:50:02-04:00
https://www.mass.gov/doc/fy26-new-bedford-budget-13/download,2026-08-25T12:50:02-04:00
https://www.mass.gov/doc/fy26-north-central-budget-13/download,2026-08-25T12:50:02-04:00
https://www.mass.gov/doc/fy26-north-shore-budget-12/download,2026-08-25T12:50:02-04:00
https://www.mass.gov/doc/fy26-worcester-budget-13/download,2026-08-25T12:50:02-04:00
https://www.mass.gov/doc/fy26-berkshire-training-budget-9/download,2026-08-25T12:50:02-04:00
https://www.mass.gov/doc/fy26-hampden-budget-13/download,2026-08-25T12:50:02-04:00
https://www.mass.gov/doc/fy26-metro-north-reb-budget-11/download,2026-08-25T12:50:02-04:00
https://www.mass.gov/doc/fy26-metro-southwest-budget-13/download,2026-08-25T12:50:02-04:00
https://www.mass.gov/doc/smurfit-westrock-03-19-2026-wakefield-ma-warn-notice/download,2026-08-25T12:50:02-04:00
https://www.mass.gov/doc/fy26-city-of-boston-budget-12/download,2026-08-25T12:50:02-04:00
https://www.mass.gov/doc/dcs-info-14-624-careeronestop-help-your-customers-stand-out-in-their-job-search-workforcegps-webinar/download,2026-08-25T12:50:02-04:00
https://www.mass.gov/doc/dcs-info-14-625-key-sub-regulatory-guidance-for-the-national-apprenticeship-system-workforcegps-webinar/download,2026-08-25T12:50:02-04:00
https://www.mass.gov/doc/fy26-berkshire-training-budget-10/download,2026-08-25T12:50:02-04:00
https://www.mass.gov/doc/fy26-brockton-budget-12/download,2026-08-25T12:50:02-04:00
https://www.mass.gov/doc/fy26-city-of-quincy-budget-13/download,2026-08-25T12:50:02-04:00
https://www.mass.gov/doc/fy26-fall-river-budget-14/download,2026-08-25T12:50:02-04:00
https://www.mass.gov/doc/fy26-franklin-hampshire-budget-13/download,2026-08-25T12:50:02-04:00
https://www.mass.gov/doc/fy26-jtec-budget-12/download,2026-08-25T12:50:02-04:00
https://www.mass.gov/doc/fy26-lawrence-budget-12/download,2026-08-25T12:50:02-04:00
https://www.mass.gov/doc/fy26-lowell-budget-12/download,2026-08-25T12:50:02-04:00
https://www.mass.gov/doc/fy26-new-bedford-budget-14/download,2026-08-25T12:50:02-04:00
https://www.mass.gov/doc/fy26-north-central-budget-14/download,2026-08-25T12:50:02-04:00
https://www.mass.gov/doc/fy26-north-shore-budget-13/download,2026-08-25T12:50:02-04:00
https://www.mass.gov/doc/fy26-worcester-budget-14/download,2026-08-25T12:50:02-04:00
https://www.mass.gov/doc/fy26-city-of-boston-budget-13/download,2026-08-25T12:50:02-04:00
https://www.mass.gov/doc/fy26-hampden-budget-14/download,2026-08-25T12:50:02-04:00
https://www.mass.gov/doc/fy26-metro-north-reb-budget-12/download,2026-08-25T12:50:02-04:00
https://www.mass.gov/doc/fy26-metro-southwest-budget-14/download,2026-08-25T12:50:02-04:00
https://www.mass.gov/doc/dcs-jpp-02-2020-1-work-participant-program-wpp-expansion-program/download,2026-08-25T12:48:49-04:00
https://www.mass.gov/doc/dcs-jpp-02-2020-1a-wpp-snap-enrollment-instructions-psi-form-jvs-sample-email-secure-email-setup-instructions-abawd-work-rules/download,2026-08-25T12:48:49-04:00
https://www.mass.gov/doc/compass-group-usa-inc-dba-chartwells-03-24-2026-boston-ma-warn-notice/download,2026-08-25T12:50:02-04:00
https://www.mass.gov/doc/revvity-inc-boston-03-24-2026-updated-warn-notice/download,2026-08-25T12:50:02-04:00
https://www.mass.gov/doc/charles-river-laboratories-inc-03-25-2026-wilmington-ma-updated-warn-notice/download,2026-08-25T12:50:02-04:00
https://www.mass.gov/doc/takeda-pharmaceuticals-usa-inc-cambridge-ma-03-25-2026-warn-notice/download,2026-08-25T12:50:02-04:00
https://www.mass.gov/doc/walmart-worcester-ma-03-29-2026-warn-notice/download,2026-08-25T12:50:02-04:00
https://www.mass.gov/doc/dcs-jpi-01-2026-wioa-state-plan-modification-comment-period-and-virtual-public-session/download,2026-08-25T12:50:02-04:00
https://www.mass.gov/doc/clover-fast-food-inc-dba-clover-03-30-2026-warn-notice/download,2026-08-25T12:50:02-04:00
https://www.mass.gov/doc/fy26-berkshire-training-budget-11/download,2026-08-25T12:50:02-04:00
https://www.mass.gov/doc/fy26-franklin-hampshire-budget-14/download,2026-08-25T12:50:02-04:00
https://www.mass.gov/doc/fy26-hampden-budget-15/download,2026-08-25T12:50:02-04:00
https://www.mass.gov/doc/fy26-lawrence-budget-13/download,2026-08-25T12:50:02-04:00
https://www.mass.gov/doc/fy26-lowell-budget-13/download,2026-08-25T12:48:49-04:00
https://www.mass.gov/doc/fy26-metro-north-reb-budget-13/download,2026-08-25T12:48:49-04:00
https://www.mass.gov/doc/fy26-metro-southwest-budget-15/download,2026-08-25T12:48:49-04:00
https://www.mass.gov/doc/fy26-north-central-budget-15/download,2026-08-25T12:48:49-04:00
https://www.mass.gov/doc/south-shore-4-year-plan/download,2026-08-25T12:48:49-04:00
https://www.mass.gov/doc/july-2026-mdcs-training-calendar/download,2026-08-25T12:48:49-04:00
https://www.mass.gov/doc/august-2026-mdcs-training-calendar/download,2026-08-25T12:48:49-04:00
https://www.mass.gov/doc/september-2026-mdcs-training-calendar/download,2026-08-25T12:48:49-04:00
https://www.mass.gov/doc/october-2026-mdcs-training-calendar/download,2026-08-25T12:48:49-04:00
https://www.mass.gov/doc/november-2026-mdcs-training-calendar/download,2026-08-25T12:48:49-04:00
https://www.mass.gov/doc/december-2026-mdcs-training-calendar/download,2026-08-25T12:48:49-04:00
https://www.mass.gov/doc/dcs-policy-01-112-grant-closeout-procedures/download,2026-08-25T12:48:49-04:00
https://www.mass.gov/doc/dcs-policy-109-1-property-management-requirements/download,2026-08-25T12:47:26-04:00
https://www.mass.gov/doc/dcs-policy-03-101-5a-roles-responsibilities-required-elements-0/download,2026-08-25T12:48:49-04:00
https://www.mass.gov/doc/dcs-policy-18-110-poverty-guidelines-lower-living-standard-income-levels-llsil-calendar-year-2020-0/download,2026-08-25T12:48:49-04:00
https://www.mass.gov/doc/mdcs-wotc-dashboard-january-1-2026-march-31-2026/download,2026-08-25T12:48:49-04:00
https://www.mass.gov/doc/dcs-policy-13-106-03-112-2-massachusetts-open-meeting-law/download,2026-08-25T12:48:49-04:00
https://www.mass.gov/doc/dcs-policy-17-114-1-ada-title-ii-digital-accessibility-compliance-deadline-extension/download,2026-08-25T12:48:49-04:00
https://www.mass.gov/doc/dcs-policy-14-106-massachusetts-eligible-training-provider-list-ma-etpl/download,2026-08-25T12:48:49-04:00
https://www.mass.gov/doc/dcs-policy-14-106a-initial-eligibility/download,2026-08-25T12:48:49-04:00
https://www.mass.gov/doc/dcs-policy-14-106b-continuing-eligibility/download,2026-08-25T12:48:49-04:00
https://www.mass.gov/doc/dcs-policy-14-106c-continuing-eligibility-data-report/download,2026-08-25T12:48:49-04:00
https://www.mass.gov/doc/dcs-rc-functional-guidance-at-masshire-career-centers/download,2026-08-25T12:48:49-04:00
https://www.mass.gov/doc/fy26-franklin-hampshire-budget-15/download,2026-08-25T12:48:49-04:00
https://www.mass.gov/doc/ma-ai-hub-grow-with-google-enrollments/download,2026-08-25T12:48:49-04:00
https://www.mass.gov/doc/2026-wioa-adult-and-dislocated-worker-program-april/download,2026-08-25T12:48:49-04:00
https://www.mass.gov/doc/2026-wioa-title-i-performance-training-april/download,2026-08-25T12:48:49-04:00
https://www.mass.gov/doc/2026-wioa-youth-program-april/download,2026-08-25T12:48:49-04:00
https://www.mass.gov/doc/fy26-worcester-budget-12/download,2026-08-25T12:48:49-04:00
https://www.mass.gov/doc/dcs-info-09-142-fy2026-career-center-performance-reports-quarter-ending-december-31-2025/download,2026-08-25T12:48:49-04:00
https://www.mass.gov/doc/dcs-info-09-142a-tab00-table-of-contents/download,2026-08-25T12:48:49-04:00
https://www.mass.gov/doc/dcs-info-09-142b-tab01-executive-summary/download,2026-08-25T12:48:49-04:00
https://www.mass.gov/doc/dcs-info-09-142c-tab02-employer-summary/download,2026-08-25T12:48:49-04:00
https://www.mass.gov/doc/dcs-info-09-142d-tab03-job-seeker-summary/download,2026-08-25T12:48:49-04:00
https://www.mass.gov/doc/dcs-info-09-142e-tab04-veteran-summary/download,2026-08-25T12:48:49-04:00
https://www.mass.gov/doc/dcs-info-09-142f-tab05-shared-customers-and-res-summary/download,2026-08-25T12:48:49-04:00
https://www.mass.gov/doc/dcs-info-09-142g-tab06-title-i-adults-and-dislocated-worker-summary/download,2026-08-25T12:48:49-04:00
https://www.mass.gov/doc/dcs-info-09-142h-tab07-title-i-youth-summary/download,2026-08-25T12:48:49-04:00
https://www.mass.gov/doc/dcs-info-09-142i-tab08-national-dislocated-worker-grants-summary/download,2026-08-25T12:48:49-04:00
https://www.mass.gov/doc/dcs-info-09-142k-tab10-labor-exchange-vets-resea-performance-summary/download,2026-08-25T12:48:49-04:00
https://www.mass.gov/doc/dcs-info-09-142l-tab11-title-i-performance/download,2026-08-25T12:48:49-04:00
https://www.mass.gov/doc/dcs-info-09-142m-tab12-trade-performance-summary/download,2026-08-25T12:48:49-04:00
https://www.mass.gov/doc/dcs-info-09-142n-tab13-performance-cohort/download,2026-08-25T12:48:49-04:00
https://www.mass.gov/doc/dcs-policy-18-117-poverty-guidelines-lower-living-standard-income-levels-2026/download,2026-08-25T12:48:49-04:00
https://www.mass.gov/doc/dcs-info-09-143-wioa-performance-review-tool-v05-report-update-informational-webinar/download,2026-08-25T12:48:49-04:00
https://www.mass.gov/doc/massachusetts-wic-state-plan-2027/download,2026-08-25T16:23:46-04:00
https://www.mass.gov/doc/dcs-info-15-147-jobs-for-veterans-state-grant-performance-incentive-awards-ffy26-call-for-nominations/download,2026-08-25T12:47:26-04:00
https://www.mass.gov/doc/dcs-info-15-147a-performance-incentive-awards-nomination-procedures/download,2026-08-25T12:46:18-04:00
https://www.mass.gov/doc/dcs-info-15-147b-performance-incentive-awards-nomination-form/download,2026-08-25T12:47:26-04:00
https://www.mass.gov/doc/dcs-policy-08-111-1-standard-operating-procedures-for-boards-career-centers-and-fiscal-agents/download,2026-08-25T12:47:26-04:00
https://www.mass.gov/doc/dcs-policy-08-111-1a-sop-topics-outline/download,2026-08-25T12:47:26-04:00
https://www.mass.gov/doc/dcs-policy-08-111-1b-sop-template/download,2026-08-25T12:47:26-04:00
https://www.mass.gov/doc/dcs-jpp-01-2025-1-massability-and-masshire-training-partnership-0/download,2026-08-25T12:47:26-04:00
https://www.mass.gov/doc/dcs-jpp-01-2025-1a-massability-referral-form-completed-by-massability/download,2026-08-25T12:47:26-04:00
https://www.mass.gov/doc/dcs-jpp-01-2025-1b-shared-customer-release-form-completed-by-massability-participant/download,2026-08-25T12:47:26-04:00
https://www.mass.gov/doc/dcs-jpp-01-2025-1c-training-justification-form-completed-by-mcc/download,2026-08-25T12:47:26-04:00
https://www.mass.gov/doc/dcs-jpp-01-2025-1d-massability-individual-training-request-form-completed-by-mcc/download,2026-08-25T12:47:26-04:00
https://www.mass.gov/doc/dcs-jpp-01-2025-1e-moses-tracking-guide-for-the-massability-training-fund-mrtf/download,2026-08-25T12:47:26-04:00
https://www.mass.gov/doc/dcs-jpp-01-2025-1f-massability-individual-training-account-modification-request/download,2026-08-25T12:47:26-04:00
https://www.mass.gov/doc/dcs-jpp-01-2025-1g-master-agreement/download,2026-08-25T12:47:26-04:00
https://www.mass.gov/doc/dcs-jpp-01-2025-1h-masshiremassability-employment-voucher-invoice/download,2026-08-25T12:47:26-04:00
https://www.mass.gov/doc/dcs-info-14-626-working-smarter-not-separately-integrated-systems-in-action-workforcegps-webinar/download,2026-08-25T12:47:26-04:00
https://www.mass.gov/doc/dcs-info-06-108-change-1-to-tegl-09-24-updated-national-dislocated-worker-grant-program-guidance-and-application-information/download,2026-08-25T12:47:26-04:00
https://www.mass.gov/doc/dcs-info-14-627-early-childhood-education-career-opportunities-training-video-available/download,2026-08-25T12:47:26-04:00
https://www.mass.gov/doc/dcs-info-14-627a-masshire-and-early-childhood-education-pathways-pdf/download,2026-08-25T12:47:26-04:00
https://www.mass.gov/doc/dcs-info-14-628-building-tomorrows-workforce-future-of-ai-literacy-and-workforce-training-workforcegps-webinar/download,2026-08-25T12:47:26-04:00
https://www.mass.gov/doc/dcs-info-09-144-fy2026-career-center-performance-reports-quarter-ending-march-31-2026/download,2026-08-25T12:47:26-04:00
https://www.mass.gov/doc/dcs-info-09-144a-tab00-table-of-contents/download,2026-08-25T12:47:26-04:00
https://www.mass.gov/doc/dcs-info-09-144b-tab01-executive-summary/download,2026-08-25T12:47:26-04:00
https://www.mass.gov/doc/dcs-info-09-144c-tab02-employer-summary/download,2026-08-25T12:47:26-04:00
https://www.mass.gov/doc/dcs-info-09-144d-tab03-job-seeker-summary/download,2026-08-25T12:47:26-04:00
https://www.mass.gov/doc/dcs-info-09-144e-tab04-veteran-summary/download,2026-08-25T12:47:26-04:00
https://www.mass.gov/doc/dcs-info-09-144f-tab05-shared-customers-and-res-summary/download,2026-08-25T12:47:26-04:00
https://www.mass.gov/doc/dcs-info-09-144g-tab06-title-i-adults-and-dislocated-worker-summary/download,2026-08-25T12:47:26-04:00
https://www.mass.gov/doc/dcs-info-09-144h-tab07-title-i-youth-summary/download,2026-08-25T12:47:26-04:00
https://www.mass.gov/doc/dcs-info-09-144i-tab08-national-dislocated-worker-grants-summary/download,2026-08-25T12:47:26-04:00
https://www.mass.gov/doc/dcs-info-09-144k-tab10-labor-exchange-vets-resea-performance-summary/download,2026-08-25T12:47:26-04:00
https://www.mass.gov/doc/dcs-info-09-144l-tab11-title-i-performance/download,2026-08-25T12:47:26-04:00
https://www.mass.gov/doc/dcs-info-09-144m-tab12-trade-performance-summary/download,2026-08-25T12:47:26-04:00
https://www.mass.gov/doc/dcs-info-09-144n-tab13-performance-cohort/download,2026-08-25T12:47:26-04:00
https://www.mass.gov/doc/dcs-info-14-629-building-industry-driven-workforce-systems-insights-from-local-workforce-development-boards-workforcegps-webinar/download,2026-08-25T12:47:26-04:00
https://www.mass.gov/doc/dcs-info-14-630-workforce-pell-implementation-what-the-workforce-system-needs-to-know-workforcegps-webinar/download,2026-08-25T12:47:26-04:00
https://www.mass.gov/doc/massachusetts-veterans-expo-june-27-2026/download,2026-08-25T12:47:26-04:00
https://www.mass.gov/doc/dcs-info-08-134-clarifying-allowable-outreach-activities-for-federal-formula-and-competitive-grants-notification-tegl-11-25/download,2026-08-25T12:47:26-04:00
https://www.mass.gov/doc/2026-eee-and-wnv-risk-level-and-data/download,2026-08-25T13:06:45-04:00
https://www.mass.gov/doc/dcs-info-14-631-the-ai-advantage-transforming-education-from-classroom-to-career-workforcegps-webinar/download,2026-08-25T12:47:26-04:00
https://www.mass.gov/doc/dcs-policy-23-105-4-resea-unemployment-eligibility-assessment-review-form/download,2026-08-25T12:47:26-04:00
https://www.mass.gov/doc/mdcs-policy-23-105-4a-resea-unemployment-eligibility-assessment-review-form-english/download,2026-08-25T12:46:18-04:00
https://www.mass.gov/doc/mdcs-policy-23-105-4b-resea-unemployment-eligibility-assessment-review-form-spanish/download,2026-08-25T12:46:18-04:00
https://www.mass.gov/doc/mdcs-policy-23-105-4c-resea-unemployment-eligibility-assessment-review-form-chinese/download,2026-08-25T12:46:18-04:00
https://www.mass.gov/doc/dcs-policy-23-105-4d-resea-unemployment-eligibility-assessment-review-form-portuguese/download,2026-08-25T12:46:18-04:00
https://www.mass.gov/doc/dcs-policy-23-105-4e-resea-unemployment-eligibility-assessment-review-form-vietnamese/download,2026-08-25T12:46:18-04:00
https://www.mass.gov/doc/mdcs-policy-23-105-4f-resea-unemployment-eligibility-assessment-review-form-french/download,2026-08-25T12:46:18-04:00
https://www.mass.gov/doc/mdcs-policy-23-105-4g-resea-unemployment-eligibility-assessment-review-form-haitian-creole/download,2026-08-25T12:46:18-04:00
https://www.mass.gov/doc/mdcs-policy-23-105-4h-resea-unemployment-eligibility-assessment-review-form-italian/download,2026-08-25T12:46:18-04:00
https://www.mass.gov/doc/mdcs-policy-23-105-4i-resea-unemployment-eligibility-assessment-review-form-khmer/download,2026-08-25T12:46:18-04:00
https://www.mass.gov/doc/mdcs-policy-23-105-4j-resea-unemployment-eligibility-assessment-review-form-korean/download,2026-08-25T12:46:18-04:00
https://www.mass.gov/doc/mdcs-policy-23-105-4k-resea-unemployment-eligibility-assessment-review-form-russian/download,2026-08-25T12:46:18-04:00
https://www.mass.gov/doc/dcs-policy-23-105-4l-resea-unemployment-eligibility-assessment-review-form-lao/download,2026-08-25T12:46:18-04:00
https://www.mass.gov/doc/mdcs-policy-23-105-4m-resea-unemployment-eligibility-assessment-review-form-arabic/download,2026-08-25T12:46:18-04:00
https://www.mass.gov/doc/dcs-info-15-148-jobs-for-veterans-state-grant-performance-incentive-awards-ffy26-nomination-deadline-extended/download,2026-08-25T12:47:26-04:00
https://www.mass.gov/doc/dcs-info-15-148a-performance-incentive-awards-nomination-procedures/download,2026-08-25T12:47:26-04:00
https://www.mass.gov/doc/dcs-info-15-148b-performance-incentive-awards-nomination-form/download,2026-08-25T12:47:26-04:00
https://www.mass.gov/doc/preview-grant-application-this-is-for-reference-and-all-grant-applicants-should-apply-through-the-grants-management-portal/download,2026-08-25T13:14:45-04:00
https://www.mass.gov/doc/dcs-info-03-108-temporary-protected-status-tps-and-work-authorization/download,2026-08-25T12:47:26-04:00
https://www.mass.gov/doc/dcs-info-03-108a-guidance-for-employers-regarding-immigration-and-work-authorization-626/download,2026-08-25T12:47:26-04:00
https://www.mass.gov/doc/dcs-info-02-177-new-aws-workspaces-sign-in-screens-state-staff-only/download,2026-08-25T12:47:26-04:00
https://www.mass.gov/doc/fy26-berkshire-training-budget-12/download,2026-08-25T12:47:26-04:00
https://www.mass.gov/doc/fy26-brockton-budget-13/download,2026-08-25T12:47:26-04:00
https://www.mass.gov/doc/fy26-city-of-boston-budget-14/download,2026-08-25T12:46:18-04:00
https://www.mass.gov/doc/fy26-fall-river-budget-15/download,2026-08-25T12:46:18-04:00
https://www.mass.gov/doc/fy26-franklin-hampshire-budget-16/download,2026-08-25T12:46:18-04:00
https://www.mass.gov/doc/fy26-hampden-budget-16/download,2026-08-25T12:46:18-04:00
https://www.mass.gov/doc/fy26-jtec-budget-13/download,2026-08-25T12:46:18-04:00
https://www.mass.gov/doc/fy26-lawrence-budget-14/download,2026-08-25T12:46:18-04:00
https://www.mass.gov/doc/fy26-lowell-budget-14/download,2026-08-25T12:46:18-04:00
https://www.mass.gov/doc/fy26-metro-north-reb-budget-14/download,2026-08-25T12:46:18-04:00
https://www.mass.gov/doc/fy26-metro-southwest-budget-16/download,2026-08-25T12:46:18-04:00
https://www.mass.gov/doc/fy26-new-bedford-budget-15/download,2026-08-25T12:46:18-04:00
https://www.mass.gov/doc/fy26-north-central-budget-16/download,2026-08-25T12:46:18-04:00
https://www.mass.gov/doc/fy26-north-shore-budget-14/download,2026-08-25T12:46:18-04:00
https://www.mass.gov/doc/fy26-worcester-budget-15/download,2026-08-25T12:46:18-04:00
https://www.mass.gov/doc/dcs-info-14-632-designing-accessible-digital-services-for-a-modern-workforce-system-lessons-from-federal-and-state-leaders-webinar/download,2026-08-25T12:46:18-04:00
https://www.mass.gov/doc/school-hiring-event-july-14-2026/download,2026-08-25T12:46:18-04:00
https://www.mass.gov/doc/dcs-info-14-633-save-the-date-maritime-roundtable/download,2026-08-25T12:46:18-04:00
https://www.mass.gov/doc/dcs-info-19-119-youth-workforce-development-learning-community-session/download,2026-08-25T12:46:18-04:00
https://www.mass.gov/doc/dcs-policy-04-117a-fy27-local-annual-plan-checklist/download,2026-08-25T12:46:18-04:00
https://www.mass.gov/doc/dcs-policy-04-117c-notification-of-local-workforce-system-changes-form/download,2026-08-25T12:46:18-04:00
https://www.mass.gov/doc/dcs-policy-04-117d-masshire-career-center-hours-of-operation-form/download,2026-08-25T12:46:18-04:00
https://www.mass.gov/doc/dcs-policy-04-117e-assurances/download,2026-08-25T12:46:18-04:00
https://www.mass.gov/doc/dcs-policy-04-117f-local-annual-plan-signatories-form/download,2026-08-25T12:46:18-04:00
https://www.mass.gov/doc/dcs-policy-04-117g-financial-modification-authorization-form/download,2026-08-25T12:46:18-04:00
https://www.mass.gov/doc/dcs-policy-04-117j-integrated-budget-and-narrative-template/download,2026-08-25T12:46:18-04:00
https://www.mass.gov/doc/dcs-policy-04-117l-integrated-budget-program-list/download,2026-08-25T12:46:18-04:00
https://www.mass.gov/doc/dcs-policy-04-117m-instructions-for-updating-local-performance-goals-for-fy27/download,2026-08-25T12:46:18-04:00
https://www.mass.gov/doc/dcs-policy-04-117n-state-one-stop-allocations/download,2026-08-25T12:46:18-04:00
https://www.mass.gov/doc/dcs-policy-04-117o-title-i-allocations-adult-dw-youth-includes-charts-1-7/download,2026-08-25T12:46:18-04:00
https://www.mass.gov/doc/dcs-policy-04-117p-state-allotments-wioa-title-i-es-federal-to-state-allocations/download,2026-08-25T12:46:18-04:00
https://www.mass.gov/doc/dcs-policy-04-117q-wagner-peyser-90-and-10-allocations-includes-charts-1-3/download,2026-08-25T12:46:18-04:00
https://www.mass.gov/doc/dcs-policy-04-117r-local-allocations-compared/download,2026-08-25T12:46:18-04:00
https://www.mass.gov/doc/dcs-policy-04-117s-overview-of-wioa-and-wagner-peyser-allocations/download,2026-08-25T12:46:18-04:00
https://www.mass.gov/doc/dcs-policy-04-117u-cy2025-resea-allocations/download,2026-08-25T12:46:18-04:00
https://www.mass.gov/doc/dcs-policy-04-117v-local-information-required-local-agricultural-labor-market/download,2026-08-25T12:46:18-04:00
https://www.mass.gov/doc/dcs-policy-04-117w-wioa-state-partner-infrastructure-funding-planning-estimates/download,2026-08-25T12:46:18-04:00
https://www.mass.gov/doc/dcs-policy-04-117x-masshire-key-considerations-local-response/download,2026-08-25T12:46:18-04:00
https://www.mass.gov/doc/eom-26-08-updated-application-for-seniors-and-people-needing-long-term-care-services-saca-2-0/download,2026-08-25T15:02:17-04:00
https://www.mass.gov/doc/acute-inpatient-hospital-bulletin-209-updated-application-for-seniors-and-people-needing-long-term-care-services-saca-2/download,2026-08-25T14:59:23-04:00
https://www.mass.gov/doc/community-health-center-bulletin-128-updated-application-for-seniors-and-people-needing-long-term-care-services-saca-2/download,2026-08-25T15:00:50-04:00
https://www.mass.gov/doc/eom-26-09-updated-application-for-health-and-dental-coverage-and-help-paying-costs-aca-3/download,2026-08-25T15:01:28-04:00
https://www.mass.gov/doc/community-health-center-bulletin-129-updated-application-for-health-and-dental-coverage-and-help-paying-costs-aca-3/download,2026-08-25T15:00:17-04:00
https://www.mass.gov/doc/acute-inpatient-hospital-bulletin-210-updated-application-for-health-and-dental-coverage-and-help-paying-costs-aca-3/download,2026-08-25T15:06:19-04:00
https://www.mass.gov/doc/notice-of-proposed-agency-action-payment-for-privately-owned-psychiatric-hospital-services-effective-august-26-2026-posted-august-18-2026/download,2026-08-25T10:53:08-04:00
https://www.mass.gov/doc/hrcms-pay-calendar-2027/download,2026-08-25T14:59:53-04:00
https://www.mass.gov/doc/revere-beach-september-programs/download,2026-08-25T09:15:40-04:00
https://www.mass.gov/doc/protect-act-guidance-for-child-care-and-residential-providers-related-to-interacting-with-civil-law-enforcement/download,2026-08-25T10:30:36-04:00
https://www.mass.gov/doc/protect-act-guidance-for-k-12-schools-related-to-interacting-with-civil-law-enforcement/download,2026-08-25T10:30:36-04:00
https://www.mass.gov/doc/interactions-with-civil-law-enforcement-rp/download,2026-08-25T12:55:34-04:00
https://www.mass.gov/doc/june-2026-blue-book/download,2026-08-25T15:58:23-04:00
https://www.mass.gov/doc/august-31-2026-local-aid-payments/download,2026-08-25T08:25:32-04:00
https://www.mass.gov/doc/in-the-main-drinking-water-program-updates-08-25-2026/download,2026-08-25T12:38:10-04:00
https://www.mass.gov/doc/assent-of-taking-authority-to-withdrawal-of-land-from-the-registered-land-system/download,2026-08-25T08:47:02-04:00
https://www.mass.gov/doc/experiences-and-health-of-recent-fathers-in-ma-2023-2024-pdf/download,2026-08-25T09:23:13-04:00
https://www.mass.gov/doc/phn-2026-09-cip-module-now-available-for-1231-fye-cohort/download,2026-08-25T09:30:54-04:00
https://www.mass.gov/doc/emergency-preparedness-in-child-care-programs-spanish/download,2026-08-25T13:16:42-04:00
https://www.mass.gov/doc/emergency-preparedness-in-child-care-programs-haitian-creole/download,2026-08-25T09:43:06-04:00
https://www.mass.gov/doc/emergency-preparedness-in-child-care-programs-portuguese/download,2026-08-25T09:43:46-04:00
https://www.mass.gov/doc/emergency-preparedness-in-child-care-programs-vietnamese/download,2026-08-25T09:44:16-04:00
https://www.mass.gov/doc/82026-open-meeting-law-complaint-form/download,2026-08-25T09:52:52-04:00
https://www.mass.gov/doc/interactions-with-civil-law-enforcement-rp-spanish/download,2026-08-25T09:54:20-04:00
https://www.mass.gov/doc/interactions-with-civil-law-enforcement-rp-portuguese/download,2026-08-25T13:17:16-04:00
https://www.mass.gov/doc/interactions-with-civil-law-enforcement-rp-haitian-creole/download,2026-08-25T13:17:53-04:00
https://www.mass.gov/doc/interactions-with-civil-law-enforcement-rp-vietnamese/download,2026-08-25T13:18:26-04:00
https://www.mass.gov/doc/82526-fixed-gear-fishers-encouraged-to-monitor-dissolved-oxygen-in-cape-cod-bay-following-algal-bloom/download,2026-08-25T10:49:07-04:00
https://www.mass.gov/doc/nsgp-subrecipient-grant-conditions/download,2026-08-25T10:39:49-04:00
https://www.mass.gov/doc/notice-of-final-agency-action-payment-for-privately-owned-psychiatric-hospital-services-effective-august-26-2026-posted-august-25-2026/download,2026-08-25T10:48:12-04:00
https://www.mass.gov/doc/85-x-11-bidls-recommended-duration-of-antibiotics-for-common-infections-in-adults/download,2026-08-25T10:53:06-04:00
https://www.mass.gov/doc/11x17-recommended-duration-of-antibiotics-poster-with-qr-code/download,2026-08-25T10:55:56-04:00
https://www.mass.gov/doc/09-10-26-srbtf-notice/download,2026-08-25T11:09:14-04:00
https://www.mass.gov/doc/06-11-2026-srbtf-prim-presentation/download,2026-08-25T11:10:35-04:00
https://www.mass.gov/doc/dta-facts-and-figures-july-6/download,2026-08-25T11:38:25-04:00
https://www.mass.gov/doc/halibut-point-sp-fall-programs-2/download,2026-08-25T11:51:43-04:00
https://www.mass.gov/doc/cease-and-desist-order-kratom/download,2026-08-25T12:00:19-04:00
https://www.mass.gov/doc/fall-river-advisory-board-meeting-september-9-2026/download,2026-08-25T12:01:02-04:00
https://www.mass.gov/doc/kratom-lboh-faq-document/download,2026-08-25T16:53:03-04:00
https://www.mass.gov/doc/notice-to-retailers-lboh-template-kratom/download,2026-08-25T16:52:01-04:00
https://www.mass.gov/doc/rp-26-13-interactions-with-civil-law-enforcement-advisory/download,2026-08-25T12:56:16-04:00
https://www.mass.gov/doc/rp-26-13-interactions-with-civil-law-enforcement-advisory-spanish/download,2026-08-25T13:04:57-04:00
https://www.mass.gov/doc/rp-26-13-interactions-with-civil-law-enforcement-advisory-portuguese/download,2026-08-25T13:04:30-04:00
https://www.mass.gov/doc/rp-26-13-interactions-with-civil-law-enforcement-advisory-haitian-creole/download,2026-08-25T13:04:02-04:00
https://www.mass.gov/doc/rp-26-13-interactions-with-civil-law-enforcement-advisory-vietnamese/download,2026-08-25T12:57:01-04:00
https://www.mass.gov/doc/ncmcd-week-23-mosquito-activity-report-may-31-june-5-2020/download,2026-08-25T13:07:09-04:00
https://www.mass.gov/doc/ncmcd-week-24-mosquito-activity-report-june-6-june-12-2020/download,2026-08-25T13:03:29-04:00
https://www.mass.gov/doc/ncmcd-week-25-mosquito-activity-report-june-13-june-19-2020/download,2026-08-25T12:48:41-04:00
https://www.mass.gov/doc/ncmcd-week-26-mosquito-activity-report-june-20-june-26-2020/download,2026-08-25T13:02:58-04:00
https://www.mass.gov/doc/ncmcd-week-27-mosquito-activity-report-june-27-july-4-2020/download,2026-08-25T13:02:26-04:00
https://www.mass.gov/doc/ncmcd-week-28-mosquito-activity-report-july-5-july-11-2020/download,2026-08-25T13:01:56-04:00
https://www.mass.gov/doc/preview-grant-application-this-is-for-reference-and-all-grant-applicants-should-apply-through-the-grants-management-portal-0/download,2026-08-25T13:11:28-04:00
https://www.mass.gov/doc/proposed-treatment-locations-wednesday-august-26-2026/download,2026-08-25T13:29:04-04:00
https://www.mass.gov/doc/massdot-pim-flyer-nantucket-92926/download,2026-08-25T14:10:55-04:00
https://www.mass.gov/doc/fy24-cbh-knowledge-center-annual-report/download,2026-08-25T14:28:05-04:00
https://www.mass.gov/doc/82526-shellfish-area-reopenings-in-buzzards-bay-following-combined-sewer-overflow-cso-closure/download,2026-08-25T14:30:40-04:00
https://www.mass.gov/doc/ncmcd-week-29-mosquito-activity-report-july-12-july-18-2020/download,2026-08-25T14:31:20-04:00
https://www.mass.gov/doc/ncmcd-week-30-mosquito-activity-report-july-19-july-25-2020/download,2026-08-25T14:33:11-04:00
https://www.mass.gov/doc/ncmcd-week-31-mosquito-activity-report-july-26-august-1-2020/download,2026-08-25T14:34:16-04:00
https://www.mass.gov/doc/transitional-aid-to-families-with-dependent-children-consolidated-report-january-2026/download,2026-08-25T14:34:22-04:00
https://www.mass.gov/doc/report-on-agency-paper-reduction-efforts-january-2026/download,2026-08-25T14:35:30-04:00
https://www.mass.gov/doc/ncmcd-week-32-mosquito-activity-report-august-2-august-8-2020/download,2026-08-25T14:35:32-04:00
https://www.mass.gov/doc/fiscal-year-2026-report-on-standard-budgets-of-assistance-for-transitional-aid-to-families-with-dependent-children-january-2026/download,2026-08-25T14:36:28-04:00
https://www.mass.gov/doc/ncmcd-week-33-mosquito-activity-report-august-9-august-15-2020/download,2026-08-25T14:36:57-04:00
https://www.mass.gov/doc/healthy-incentives-program-report-april-2026/download,2026-08-25T14:37:19-04:00
https://www.mass.gov/doc/ncmcd-week-34-mosquito-activity-report-august-16-august-22-2020/download,2026-08-25T14:38:30-04:00
https://www.mass.gov/doc/weekly-inmate-count-8172026/download,2026-08-25T14:57:50-04:00
https://www.mass.gov/doc/ncmcd-week-35-mosquito-activity-report-august-23-august-29-2020/download,2026-08-25T15:09:07-04:00
https://www.mass.gov/doc/ncmcd-week-36-mosquito-activity-report-august-30-september-5-2020/download,2026-08-25T15:09:57-04:00
https://www.mass.gov/doc/ncmcd-week-37-mosquito-activity-report-september-6-september-12-2020/download,2026-08-25T15:10:55-04:00
https://www.mass.gov/doc/ncmcd-week-38-mosquito-activity-report-september-13-september-19-2020/download,2026-08-25T15:11:39-04:00
https://www.mass.gov/doc/ncmcd-week-39-mosquito-activity-report-september-20-september-26-2020/download,2026-08-25T15:12:22-04:00
https://www.mass.gov/doc/ncmcd-week-40-mosquito-activity-report-september-27-october-3-2020/download,2026-08-25T15:13:09-04:00
https://www.mass.gov/doc/massachusetts-board-of-medicine-takes-disciplinary-action-august-20-2026/download,2026-08-25T15:24:02-04:00
https://www.mass.gov/doc/borim-board-meeting-july-16-2026/download,2026-08-25T15:27:32-04:00
https://www.mass.gov/doc/pharmacist-prescribing-of-certain-medications/download,2026-08-25T15:31:51-04:00
https://www.mass.gov/doc/introducing-solids-4-6-months/download,2026-08-25T15:34:51-04:00
https://www.mass.gov/doc/eecfo-26-01emergency-preparednessadvisory-0/download,2026-08-25T15:35:38-04:00
https://www.mass.gov/doc/introducing-solids-4-6-months-arabic/download,2026-08-25T15:35:45-04:00
https://www.mass.gov/doc/introducing-solids-4-6-months-chinese/download,2026-08-25T15:36:30-04:00
https://www.mass.gov/doc/introducing-solids-4-6-months-french/download,2026-08-25T15:37:04-04:00
https://www.mass.gov/doc/introducing-solids-4-6-months-haitian-creole/download,2026-08-25T15:37:43-04:00
https://www.mass.gov/doc/introducing-solids-4-6-months-khmer/download,2026-08-25T15:38:17-04:00
https://www.mass.gov/doc/introducing-solids-4-6-months-pashto/download,2026-08-25T15:38:50-04:00
https://www.mass.gov/doc/introducing-solids-4-6-months-portuguese/download,2026-08-25T15:39:45-04:00
https://www.mass.gov/doc/introducing-solids-4-6-months-russian/download,2026-08-25T15:40:36-04:00
https://www.mass.gov/doc/introducing-solids-4-6-months-spanish/download,2026-08-25T15:41:13-04:00
https://www.mass.gov/doc/introducing-solids-4-6-months-vietnamese/download,2026-08-25T15:41:58-04:00
https://www.mass.gov/doc/food-variety-for-6-8-months/download,2026-08-25T15:49:26-04:00
https://www.mass.gov/doc/2025-wrig-award-recipients/download,2026-08-25T15:49:54-04:00
https://www.mass.gov/doc/food-variety-for-6-8-months-farsi/download,2026-08-25T15:50:07-04:00
https://www.mass.gov/doc/food-variety-for-6-8-months-french/download,2026-08-25T15:50:49-04:00
https://www.mass.gov/doc/food-variety-for-6-8-months-haitian-creole/download,2026-08-25T15:51:25-04:00
https://www.mass.gov/doc/food-variety-for-6-8-months-pashto/download,2026-08-25T15:51:58-04:00
https://www.mass.gov/doc/food-variety-for-6-8-months-portuguese/download,2026-08-25T15:52:40-04:00
https://www.mass.gov/doc/food-variety-for-6-8-months-spanish/download,2026-08-25T15:53:17-04:00
https://www.mass.gov/doc/finger-foods-for-8-12-months-olds/download,2026-08-25T15:58:18-04:00
https://www.mass.gov/doc/finger-foods-for-8-12-months-olds-chinese/download,2026-08-25T15:58:54-04:00
https://www.mass.gov/doc/finger-foods-for-8-12-months-olds-farsi/download,2026-08-25T15:59:40-04:00
https://www.mass.gov/doc/finger-foods-for-8-12-months-olds-french/download,2026-08-25T16:00:20-04:00
https://www.mass.gov/doc/finger-foods-for-8-12-months-olds-haitian-creole/download,2026-08-25T16:01:48-04:00
https://www.mass.gov/doc/finger-foods-for-8-12-months-olds-khmer/download,2026-08-25T16:02:22-04:00
https://www.mass.gov/doc/finger-foods-for-8-12-months-olds-pashto/download,2026-08-25T16:03:07-04:00
https://www.mass.gov/doc/finger-foods-for-8-12-months-olds-portuguese/download,2026-08-25T16:03:44-04:00
https://www.mass.gov/doc/finger-foods-for-8-12-months-olds-russian/download,2026-08-25T16:04:46-04:00
https://www.mass.gov/doc/finger-foods-for-8-12-months-olds-spanish/download,2026-08-25T16:05:20-04:00
https://www.mass.gov/doc/finger-foods-for-8-12-months-olds-vietnamese/download,2026-08-25T16:05:57-04:00
https://www.mass.gov/doc/foundations-and-principles-for-inclusive-engagement-khmer/download,2026-08-25T16:11:37-04:00
https://www.mass.gov/doc/engagement-methods-and-tools-khmer/download,2026-08-25T16:16:51-04:00
https://www.mass.gov/advisory/dcr-recreational-advisory-georges-island,2026-08-25T14:52:44-04:00
https://www.mass.gov/environment-climate-one-stop,2026-08-25T14:23:54-04:00
https://www.mass.gov/lists/land-court-forms,2026-08-25T08:51:01-04:00
https://www.mass.gov/lists/eligibility-operations-memos-by-year,2026-08-25T15:04:38-04:00
https://www.mass.gov/lists/massachusetts-dor-blue-book-reports,2026-08-25T17:27:42-04:00
https://www.mass.gov/lists/special-notices-for-psychiatric-hospitals,2026-08-25T10:50:08-04:00
https://www.mass.gov/lists/wic-nutrition-and-breastfeeding-materials,2026-08-25T16:07:37-04:00
https://www.mass.gov/lists/dds-statewide-advisory-council-sac,2026-08-25T14:43:07-04:00
https://www.mass.gov/lists/emergency-shellfish-closure-and-opening-notices,2026-08-25T14:36:02-04:00
https://www.mass.gov/lists/department-of-transitional-assistance-facts-and-figures,2026-08-25T11:40:38-04:00
https://www.mass.gov/lists/pharmacy-practice-resources,2026-08-25T15:32:19-04:00
https://www.mass.gov/lists/communication-to-public-water-suppliers,2026-08-25T08:35:24-04:00
https://www.mass.gov/lists/meet-our-leadership-team,2026-08-25T16:38:30-04:00
https://www.mass.gov/lists/eec-policy-transmittals,2026-08-25T12:48:29-04:00
https://www.mass.gov/lists/2026-advisories,2026-08-25T10:33:07-04:00
https://www.mass.gov/opinion/cje-opinion-no-2009-4,2026-08-25T10:05:15-04:00
https://www.mass.gov/opinion/cje-opinion-no-2004-3,2026-08-25T10:19:23-04:00
https://www.mass.gov/opinion/cje-opinion-no-2002-9,2026-08-25T10:29:23-04:00
https://www.mass.gov/opinion/cje-opinion-no-2002-08,2026-08-25T10:28:50-04:00
https://www.mass.gov/opinion/cje-opinion-no-98-8,2026-08-25T10:42:25-04:00
https://www.mass.gov/opinion/cje-opinion-no-98-7,2026-08-25T10:43:44-04:00
https://www.mass.gov/opinion/cje-opinion-no-98-6,2026-08-25T10:44:31-04:00
https://www.mass.gov/opinion/cje-opinion-no-98-5,2026-08-25T10:45:21-04:00
https://www.mass.gov/opinion/cje-opinion-no-98-4,2026-08-25T10:48:03-04:00
https://www.mass.gov/opinion/cje-opinion-no-98-1,2026-08-25T10:49:54-04:00
https://www.mass.gov/opinion/cje-opinion-no-94-2,2026-08-25T10:57:37-04:00
https://www.mass.gov/opinion/cje-opinion-no-93-3,2026-08-25T11:05:10-04:00
https://www.mass.gov/opinion/cje-opinion-no-91-2,2026-08-25T11:08:17-04:00
https://www.mass.gov/opinion/cje-opinion-no-90-4,2026-08-25T11:10:13-04:00
https://www.mass.gov/opinion/cje-opinion-no-90-2,2026-08-25T11:11:11-04:00
https://www.mass.gov/opinion/cje-opinion-no-89-8,2026-08-25T11:16:10-04:00
https://www.mass.gov/opinion/cje-opinion-no-89-5,2026-08-25T11:18:53-04:00
https://www.mass.gov/opinion/cje-opinion-no-89-4,2026-08-25T11:21:53-04:00
https://www.mass.gov/opinion/cje-opinion-no-2023-01,2026-08-25T09:52:20-04:00
https://www.mass.gov/opinion/cje-opinion-no-2023-02,2026-08-25T09:47:06-04:00
https://www.mass.gov/decision/coelho-v-mtrs-cr-24-0498,2026-08-25T12:51:32-04:00
https://www.mass.gov/event/prequalification-committee-meeting-may-8-05-08-2024,2026-08-25T09:12:50-04:00
https://www.mass.gov/event/prequalification-committee-meeting-may-15-05-15-2024,2026-08-25T09:12:23-04:00
https://www.mass.gov/event/prequalification-committee-meeting-may-22-05-22-2024,2026-08-25T09:11:58-04:00
https://www.mass.gov/event/prequalification-committee-meeting-may-29-05-29-2024,2026-08-25T09:11:26-04:00
https://www.mass.gov/event/prequalification-committee-meeting-june-5-06-05-2024,2026-08-25T09:10:49-04:00
https://www.mass.gov/event/prequalification-committee-meeting-june-12-06-12-2024,2026-08-25T09:10:17-04:00
https://www.mass.gov/event/prequalification-committee-meeting-june-26-06-26-2024,2026-08-25T09:09:32-04:00
https://www.mass.gov/event/prequalification-committee-meeting-july-3-2024-07-03-2024,2026-08-25T09:08:42-04:00
https://www.mass.gov/event/prequalification-committee-meeting-july-10-2024-07-10-2024,2026-08-25T09:08:00-04:00
https://www.mass.gov/event/prequalification-committee-meeting-july-17-2024-07-17-2024,2026-08-25T09:07:27-04:00
https://www.mass.gov/event/ask-dls-law-09-01-2026,2026-08-25T19:08:58-04:00
https://www.mass.gov/event/permanent-commission-on-the-status-of-persons-with-disabilities-meeting-12-02-2026,2026-08-25T09:30:35-04:00
https://www.mass.gov/event/perac-emerging-issues-forum-2026-09-17-2026,2026-08-25T11:06:49-04:00
https://www.mass.gov/event/board-meeting-palmer-to-ware-transmission-project-08-26-2026,2026-08-25T15:45:47-04:00
https://www.mass.gov/event/august-27-2026-stewardship-council-conservation-committee-meeting-postponed-08-27-2026,2026-08-25T10:59:56-04:00
https://www.mass.gov/event/building-code-appeals-board-meeting-9326-09-03-2026,2026-08-25T10:04:03-04:00
https://www.mass.gov/event/siting-and-permitting-101-large-clean-energy-infrastructure-projects-09-17-2026,2026-08-25T10:52:58-04:00
https://www.mass.gov/event/fall-river-advisory-board-meeting-september-9-2026-09-09-2026,2026-08-25T12:03:44-04:00
https://www.mass.gov/event/nantucket-intersection-improvements-and-milestone-rotary-reconstruction-09-29-2026,2026-08-25T14:26:21-04:00
https://www.mass.gov/event/executive-committee-meeting-august-24-2026-08-24-2026,2026-08-25T15:14:34-04:00
https://www.mass.gov/event/fy28-eco-one-stop-eoi-process-webinar-09-15-2026,2026-08-25T15:38:56-04:00
https://www.mass.gov/event/notice-of-hearings-dpu-transportation-oversight-division-09-08-2026,2026-08-25T15:41:05-04:00
https://www.mass.gov/event/board-of-registration-of-dispensing-opticians-meeting-september-2-2026-09-02-2026,2026-08-25T16:29:35-04:00
https://www.mass.gov/event/building-official-certification-committee-meeting-9126-09-01-2026,2026-08-25T16:30:10-04:00
https://www.mass.gov/guides/mavric-training-program,2026-08-25T20:10:45-04:00
https://www.mass.gov/how-to/report-an-address-or-name-change-for-your-firearms-license,2026-08-25T16:31:31-04:00
https://www.mass.gov/how-to/ders-partnerships-program-rfr,2026-08-25T15:28:19-04:00
https://www.mass.gov/how-to/request-a-verification-of-your-license-certificate-or-exam-plumbers-gasfitters-and-lp-installers,2026-08-25T09:47:55-04:00
https://www.mass.gov/how-to/maf-voucher-days,2026-08-25T11:49:06-04:00
https://www.mass.gov/how-to/waste-reduction-innovation-grant,2026-08-25T15:51:58-04:00
https://www.mass.gov/how-to/seasonal-communities-grant-program-scgp,2026-08-25T13:01:32-04:00
https://www.mass.gov/info-details/who-to-contact-about-my-renewable-energy-question-or-concern,2026-08-25T15:19:09-04:00
https://www.mass.gov/info-details/available-9-1-1-communications-job-postings,2026-08-25T14:52:17-04:00
https://www.mass.gov/info-details/frequently-asked-questions-about-the-open-meeting-law,2026-08-25T10:20:49-04:00
https://www.mass.gov/info-details/frail-elder-waiver-information-for-applicants-and-participants,2026-08-25T11:06:36-04:00
https://www.mass.gov/info-details/asphalt-binder-suppliers-m3011,2026-08-25T14:44:50-04:00
https://www.mass.gov/info-details/firearms-license-and-transaction-frequently-asked-questions,2026-08-25T17:05:12-04:00
https://www.mass.gov/info-details/ei-program-contact-information,2026-08-25T13:55:48-04:00
https://www.mass.gov/info-details/pavement-rideability-iri-profilers,2026-08-25T15:05:19-04:00
https://www.mass.gov/info-details/learn-to-fish-events,2026-08-25T11:55:46-04:00
https://www.mass.gov/info-details/pavement-crack-sealers-and-joint-adhesives-m305,2026-08-25T15:04:04-04:00
https://www.mass.gov/info-details/eventos-de-pesca,2026-08-25T11:57:36-04:00
https://www.mass.gov/info-details/basic-hunter-education-courses,2026-08-25T10:33:06-04:00
https://www.mass.gov/info-details/student-loan-assistance,2026-08-25T12:28:02-04:00
https://www.mass.gov/info-details/dcr-stewardship-council,2026-08-25T10:58:46-04:00
https://www.mass.gov/info-details/information-for-licensed-substance-use-disorder-treatment-programs,2026-08-25T07:17:03-04:00
https://www.mass.gov/info-details/adhesive-anchors,2026-08-25T14:40:10-04:00
https://www.mass.gov/info-details/base-bonding-system-for-concrete-m4101,2026-08-25T15:05:32-04:00
https://www.mass.gov/info-details/asphalt-emulsion-suppliers-m3030,2026-08-25T14:46:44-04:00
https://www.mass.gov/info-details/asphalt-release-agents-m3016,2026-08-25T15:02:59-04:00
https://www.mass.gov/info-details/support-for-people-65-on-masshealth-renewals,2026-08-25T15:59:14-04:00
https://www.mass.gov/info-details/nonprofit-security-grant-program,2026-08-25T10:44:02-04:00
https://www.mass.gov/info-details/furnace-pond,2026-08-25T13:50:06-04:00
https://www.mass.gov/info-details/learn-about-suspended-or-excluded-masshealth-providers,2026-08-25T09:22:56-04:00
https://www.mass.gov/info-details/scheduled-bid-protest-hearings,2026-08-25T14:35:12-04:00
https://www.mass.gov/info-details/srbtf-board-information,2026-08-25T11:13:33-04:00
https://www.mass.gov/info-details/offshore-wind,2026-08-25T14:34:42-04:00
https://www.mass.gov/info-details/recent-mesa-decisions-permits-and-applications,2026-08-25T15:18:45-04:00
https://www.mass.gov/info-details/legislative-reports,2026-08-25T14:29:37-04:00
https://www.mass.gov/info-details/masswildlife-calendar,2026-08-25T12:40:47-04:00
https://www.mass.gov/info-details/foreign-educated-attorneys,2026-08-25T12:44:16-04:00
https://www.mass.gov/info-details/retirement-board-request-for-proposal-rfp-notices,2026-08-25T11:26:00-04:00
https://www.mass.gov/info-details/recent-perac-updates,2026-08-25T11:25:05-04:00
https://www.mass.gov/info-details/open-meeting-law-educational-materials,2026-08-25T09:57:52-04:00
https://www.mass.gov/info-details/efsbsiting-calendar,2026-08-25T15:49:44-04:00
https://www.mass.gov/info-details/public-housing-admin-notices,2026-08-25T09:38:16-04:00
https://www.mass.gov/info-details/registered-news-media-under-sjc-rule-119,2026-08-25T14:13:55-04:00
https://www.mass.gov/info-details/dcr-contracts-and-procurement,2026-08-25T16:20:56-04:00
https://www.mass.gov/info-details/service-forestry,2026-08-25T15:13:48-04:00
https://www.mass.gov/info-details/department-of-transitional-assistance-legislative-reports,2026-08-25T14:45:44-04:00
https://www.mass.gov/info-details/board-of-boiler-rules,2026-08-25T08:44:24-04:00
https://www.mass.gov/info-details/massachusetts-pregnancy-risk-assessment-monitoring-system-prams,2026-08-25T09:24:07-04:00
https://www.mass.gov/info-details/notice-of-petitioners-pending-admission-to-the-bar-of-massachusetts,2026-08-25T13:56:05-04:00
https://www.mass.gov/info-details/official-notice-posting-locations-for-public-bodies,2026-08-25T10:01:08-04:00
https://www.mass.gov/info-details/closed-occupational-schools-and-student-records,2026-08-25T11:06:33-04:00
https://www.mass.gov/info-details/closed-occupational-school-bulletins,2026-08-25T11:07:24-04:00
https://www.mass.gov/info-details/student-and-exchange-visitor-information-system-sevis,2026-08-25T11:07:50-04:00
https://www.mass.gov/info-details/occupational-school-laws-and-regulations,2026-08-25T11:08:18-04:00
https://www.mass.gov/info-details/bartlett-pond-dam-removal-wekepeke-brook-restoration,2026-08-25T15:34:25-04:00
https://www.mass.gov/info-details/millie-turner-dam-removal-nissitissit-river-restoration,2026-08-25T15:35:27-04:00
https://www.mass.gov/info-details/briggsville-dam-removal-hoosic-river-restoration,2026-08-25T15:41:58-04:00
https://www.mass.gov/info-details/massachusetts-vacant-storefronts-program-mvsp,2026-08-25T14:33:40-04:00
https://www.mass.gov/info-details/flag-status,2026-08-25T17:13:30-04:00
https://www.mass.gov/info-details/zoom-video-chat-with-a-law-librarian,2026-08-25T23:18:37-04:00
https://www.mass.gov/info-details/meetings-and-materials,2026-08-25T09:29:56-04:00
https://www.mass.gov/info-details/forms-for-occupational-schools,2026-08-25T11:10:25-04:00
https://www.mass.gov/info-details/about-private-occupational-schools,2026-08-25T11:09:28-04:00
https://www.mass.gov/info-details/transitmatch-frequently-asked-questions,2026-08-25T15:02:27-04:00
https://www.mass.gov/info-details/accessory-dwelling-unit-adu-faqs,2026-08-25T10:48:55-04:00
https://www.mass.gov/info-details/retail-license-renewals-annualseasonal,2026-08-25T12:05:54-04:00
https://www.mass.gov/info-details/building-official-education-trainings,2026-08-25T09:00:30-04:00
https://www.mass.gov/info-details/palmer-to-ware-transmission-project,2026-08-25T15:49:54-04:00
https://www.mass.gov/info-details/piping-plover,2026-08-25T15:49:13-04:00
https://www.mass.gov/info-details/new-opinions,2026-08-25T09:46:12-04:00
https://www.mass.gov/info-details/environment-climate-one-stop,2026-08-25T15:23:43-04:00
https://www.mass.gov/info-details/community-based-organizations-resources,2026-08-25T09:43:03-04:00
https://www.mass.gov/info-details/repayment-assistance-plan-rap,2026-08-25T12:34:52-04:00
https://www.mass.gov/info-details/ori-community-partners-directory,2026-08-25T17:07:19-04:00
https://www.mass.gov/info-details/environment-climate-one-stop-eco-one-stop-grants-catalogue,2026-08-25T14:30:22-04:00
https://www.mass.gov/info-details/fy28-eco-expression-of-interest,2026-08-25T14:21:31-04:00
https://www.mass.gov/info-details/environment-climate-one-stop-faq,2026-08-25T15:13:04-04:00
https://www.mass.gov/info-details/abi-and-mfp-waiver-success-stories,2026-08-25T13:13:26-04:00
https://www.mass.gov/info-details/acquired-brain-injury-abi-and-moving-forward-plan-mfp-waivers,2026-08-25T13:12:00-04:00
https://www.mass.gov/info-details/building-official-certification-committee-2026-meetings,2026-08-25T16:30:28-04:00
https://www.mass.gov/info-details/building-code-appeals-board-2026-meetings,2026-08-25T16:32:14-04:00
https://www.mass.gov/info-details/harmful-cyanobacterial-bloom-advisories-in-massachusetts,2026-08-25T13:02:25-04:00
https://www.mass.gov/info-details/international-year-of-the-woman-farmer,2026-08-25T14:54:31-04:00
https://www.mass.gov/info-details/intervenor-support-grant-program,2026-08-25T13:14:59-04:00
https://www.mass.gov/info-details/traffic-and-construction-updates-route-114-corridor-improvements-north-andover,2026-08-25T13:53:57-04:00
https://www.mass.gov/info-details/massachusetts-building-energy-code-adoption-by-municipality,2026-08-25T09:32:02-04:00
https://www.mass.gov/info-details/september-2026-mdcs-staff-training,2026-08-25T14:07:45-04:00
https://www.mass.gov/info-details/october-2026-mdcs-staff-training,2026-08-25T14:08:41-04:00
https://www.mass.gov/info-details/november-2026-mdcs-staff-training,2026-08-25T14:09:31-04:00
https://www.mass.gov/info-details/december-2026-mdcs-staff-training,2026-08-25T14:10:28-04:00
https://www.mass.gov/info-details/2025-pro-bono-honor-roll-and-high-honor-roll,2026-08-25T16:03:42-04:00
https://www.mass.gov/info-details/find-your-agencys-leave-liaison,2026-08-25T10:34:34-04:00
https://www.mass.gov/info-details/annual-reporting-for-green-communities,2026-08-25T13:56:32-04:00
https://www.mass.gov/info-details/kratom,2026-08-25T12:44:47-04:00
https://www.mass.gov/info-details/the-nurse-licensure-compact-nlc,2026-08-25T16:17:04-04:00
https://www.mass.gov/info-details/eec-programs-protect-act-resources,2026-08-25T09:59:19-04:00
https://www.mass.gov/info-details/falmouth-retirement-board-request-for-proposal,2026-08-25T10:58:06-04:00
https://www.mass.gov/info-details/falmouth-retirement-board-request-for-proposal-0,2026-08-25T11:23:51-04:00
https://www.mass.gov/info-details/pat-spence,2026-08-25T14:48:17-04:00
https://www.mass.gov/locations/halibut-point-state-park,2026-08-25T15:04:26-04:00
https://www.mass.gov/news/supreme-judicial-court-announces-quorum-change,2026-08-25T15:04:45-04:00
https://www.mass.gov/news/supreme-judicial-court-dismisses-over-21000-cases-affected-by-the-breach-at-the-hinton-state-laboratory-institute,2026-08-25T14:06:14-04:00
https://www.mass.gov/news/supreme-judicial-court-presents-awards-to-attorneys-law-student-for-pro-bono-work-assisting-veterans-immigrants,2026-08-25T11:34:00-04:00
https://www.mass.gov/news/supreme-judicial-court-to-present-adams-awards-to-attorneys-law-firm-for-pro-bono-work,2026-08-25T11:43:03-04:00
https://www.mass.gov/news/attorneys-law-firm-receive-2012-adams-pro-bono-publico-awards,2026-08-25T11:53:14-04:00
https://www.mass.gov/news/massachusetts-ranks-second-in-nation-in-justice-index-measuring-access-to-justice,2026-08-25T12:00:09-04:00
https://www.mass.gov/news/in-remarks-at-ceremonial-swearing-in-supreme-judicial-court-justice-lowy-says-the-sjc-decision-making-process-is-what-i-hoped-it-would-be,2026-08-25T12:03:07-04:00
https://www.mass.gov/news/most-recent-list-of-petitioners-to-be-admitted-to-the-bar-in-massachusetts,2026-08-25T13:58:08-04:00
https://www.mass.gov/news/committee-on-grand-jury-proceedings-proposes-best-practices-in-grand-jury-proceedings,2026-08-25T14:18:51-04:00
https://www.mass.gov/news/help-the-animals-and-plants-of-massachusetts-thrive,2026-08-25T15:55:14-04:00
https://www.mass.gov/news/testimony-of-supreme-judicial-court-chief-justice-ralph-d-gants-before-the-joint-committee-on-the-judiciary,2026-08-25T16:55:28-04:00
https://www.mass.gov/news/supreme-judicial-court-pro-bono-committee-honors-attorneys-for-outstanding-commitment-to-pro-bono-legal-services,2026-08-25T14:51:02-04:00
https://www.mass.gov/news/supreme-judicial-court-to-hold-special-sitting-for-presentation-of-memorial-to-the-honorable-ruth-i-abrams,2026-08-25T14:27:30-04:00
https://www.mass.gov/news/supreme-judicial-court-pro-bono-committee-honors-three-attorneys-for-outstanding-commitment-to-pro-bono-legal-services,2026-08-25T14:59:21-04:00
https://www.mass.gov/news/mass-access-to-justice-commission-announces-four-new-members-and-release-of-report-on-lessons-learned-during-the-covid-19-pandemic,2026-08-25T17:09:24-04:00
https://www.mass.gov/news/supreme-judicial-court-chief-justice-kimberly-s-budd-to-deliver-state-of-the-judiciary-speech-to-legal-community,2026-08-25T15:08:21-04:00
https://www.mass.gov/news/notice-of-opening-on-supreme-judicial-court-standing-advisory-committee-on-the-rules-of-professional-conduct,2026-08-25T12:08:08-04:00
https://www.mass.gov/news/supreme-judicial-court-to-present-2023-pro-bono-committee-awards-to-three-attorneys-and-a-law-student,2026-08-25T12:14:53-04:00
https://www.mass.gov/news/supreme-judicial-court-chief-justice-kimberly-s-budd-delivers-2023-state-of-the-judiciary-speech-to-the-legal-community,2026-08-25T12:16:58-04:00
https://www.mass.gov/news/notice-of-available-position-on-lawyers-concerned-for-lawyers-oversight-committee,2026-08-25T12:18:45-04:00
https://www.mass.gov/news/supreme-judicial-court-amends-rules-of-professional-conduct-regarding-disposition-of-unidentified-or-unclaimed-funds-in-iolta-accounts,2026-08-25T14:13:43-04:00
https://www.mass.gov/news/at-ceremonial-swearing-in-supreme-judicial-court-justice-dewar-says-she-will-never-be-going-it-alone,2026-08-25T13:47:52-04:00
https://www.mass.gov/news/notice-of-available-position-on-board-of-bar-examiners,2026-08-25T12:31:34-04:00
https://www.mass.gov/news/supreme-judicial-court-judicial-youth-corps-program-participants-celebrate-graduation,2026-08-25T12:41:11-04:00
https://www.mass.gov/news/supreme-judicial-court-pro-bono-committee-presents-awards-to-four-attorneys-and-a-law-student-at-25th-anniversary-celebration,2026-08-25T14:38:59-04:00
https://www.mass.gov/news/hundreds-join-healey-driscoll-administrations-inaugural-victim-services-conference,2026-08-25T15:56:22-04:00
https://www.mass.gov/news/department-of-fish-and-game-and-mount-grace-partner-to-protect-395-acres-in-ashby,2026-08-25T16:16:58-04:00
https://www.mass.gov/news/2018-remarks-by-hon-ralph-d-gants-at-the-islamic-society-of-boston-cultural-center,2026-08-25T12:58:44-04:00
https://www.mass.gov/news/2017-remarks-by-hon-ralph-d-gants-delivered-to-massinc-summit,2026-08-25T16:44:45-04:00
https://www.mass.gov/news/healey-driscoll-administration-releases-new-guidance-to-implement-protect-act-in-schools-and-child-care-programs,2026-08-25T11:13:20-04:00
https://www.mass.gov/news/healey-driscoll-administration-awards-11-million-to-strengthen-innovative-recycling-and-reuse-infrastructure,2026-08-25T12:44:41-04:00
https://www.mass.gov/news/rmv-business-services-in-chicopee-will-transfer-to-springfield-as-of-september-8,2026-08-25T14:09:31-04:00
https://www.mass.gov/news/massachusetts-board-of-medicine-takes-disciplinary-action-august-20-2026,2026-08-25T15:24:16-04:00
https://www.mass.gov/news/healey-driscoll-administration-highlights-2-million-to-expand-child-care-options-for-working-families,2026-08-25T16:31:13-04:00
https://www.mass.gov/orgs/division-of-marine-fisheries,2026-08-25T14:34:22-04:00
https://www.mass.gov/orgs/bristol-county-mosquito-control-project,2026-08-25T14:26:42-04:00
https://www.mass.gov/orgs/board-of-underwater-archaeological-resources,2026-08-25T12:07:21-04:00
https://www.mass.gov/orgs/board-of-registration-in-nursing,2026-08-25T16:18:17-04:00
https://www.mass.gov/orgs/department-of-economic-research,2026-08-25T09:08:30-04:00
https://www.mass.gov/orgs/mymassgov,2026-08-25T15:27:49-04:00
https://www.mass.gov/orgs/resilientmass,2026-08-25T15:40:04-04:00
https://www.mass.gov/the-open-meeting-law,2026-08-25T09:54:18-04:00
https://www.mass.gov/masshealth-data-and-reports,2026-08-25T12:45:05-04:00
https://www.mass.gov/municipal-pavement-program,2026-08-25T13:02:03-04:00
https://www.mass.gov/management-certificate-program-mcp,2026-08-25T13:50:03-04:00
https://www.mass.gov/apply-for-or-renew-an-occupational-school-license,2026-08-25T11:16:18-04:00
https://www.mass.gov/osd-buyer-training,2026-08-25T13:20:32-04:00
https://www.mass.gov/protecting-people-from-ice,2026-08-25T10:30:46-04:00
https://www.mass.gov/horseback-riding-instructor-exams,2026-08-25T15:40:14-04:00
https://www.mass.gov/resources-for-ffy25-nonprofit-security-grant-program-recipients,2026-08-25T10:40:40-04:00
