URL,Last Modified
https://www.mass.gov/doc/list-of-masshire-career-centers/download,2026-08-27T10:00:56-04:00
https://www.mass.gov/doc/wioa-policy-master-list-excel/download,2026-08-27T10:00:56-04:00
https://www.mass.gov/doc/archive-fire-and-building-safety-checklist/download,2026-08-27T00:51:04-04:00
https://www.mass.gov/doc/archive-list-of-certified-crowd-managers-in-massachusetts/download,2026-08-27T00:54:49-04:00
https://www.mass.gov/doc/211-cmr-9500-variable-life-insurance/download,2026-08-27T16:25:13-04:00
https://www.mass.gov/doc/211-cmr-3800-coordination-of-benefits-cob/download,2026-08-27T15:17:23-04:00
https://www.mass.gov/doc/archive-statutoryrestrictionandentencingimpactsreport04-2007pdf/download,2026-08-27T00:38:31-04:00
https://www.mass.gov/doc/211-cmr-15000-standards-and-commissioners-authority-for-placing-companies-deemed-to-be-in-hazardous-financial-condition-under-administrative-supervision/download,2026-08-27T16:43:01-04:00
https://www.mass.gov/doc/211-cmr-3400-the-replacement-of-life-insurance-and-annuities/download,2026-08-27T15:14:04-04:00
https://www.mass.gov/doc/211-cmr-1500-statistical-plans/download,2026-08-27T15:00:37-04:00
https://www.mass.gov/doc/archive-rec7879apdf/download,2026-08-27T01:08:12-04:00
https://www.mass.gov/doc/archive-gtlnoticepdf/download,2026-08-27T00:52:39-04:00
https://www.mass.gov/doc/archive-noticetobiddersbondreminder/download,2026-08-27T01:05:29-04:00
https://www.mass.gov/doc/211-cmr-6700-workers-compensation-self-insurance-groups/download,2026-08-27T15:52:32-04:00
https://www.mass.gov/doc/archive-notice-of-intent-to-publish-a-request-for-response-for-a-massachusetts-wireless-public-safety-broadband-radio-access-network-psbo-december-2016/download,2026-08-27T01:00:52-04:00
https://www.mass.gov/doc/211-cmr-division-of-insurance-211-cmr-7400-standards-of-fault-to-be-used-by-the-board-of-appeal-on-motor-vehicle-liability-policies-and-bonds-and-insurers-in-presuming-fault-when-making-at-fault-determinations/download,2026-08-27T15:54:03-04:00
https://www.mass.gov/doc/211-cmr-56/download,2026-08-27T15:47:13-04:00
https://www.mass.gov/doc/211-cmr-14400-procedures-for-the-regulatory-review-of-and-public-hearings-on-plans-of-reorganization-or-conversion-pursuant-to-mgl-c-175-s-s19f-19w/download,2026-08-27T16:39:51-04:00
https://www.mass.gov/doc/211-cmr-10100-procedures-concerning-rate-filings-made-pursuant-to-mg-l-c-175c-and-the-conduct-of-hearings-on-such-filings/download,2026-08-27T16:27:45-04:00
https://www.mass.gov/doc/211-cmr-9400-pre-insurance-inspection-of-private-passenger-motor-vehicles/download,2026-08-27T16:24:28-04:00
https://www.mass.gov/doc/211-cmr-2800-life-insurance-illustrations/download,2026-08-27T15:09:23-04:00
https://www.mass.gov/doc/211-cmr-7500-reporting-the-theft-of-a-motor-vehicle/download,2026-08-27T15:54:46-04:00
https://www.mass.gov/doc/211-cmr-7900-private-passenger-motor-vehicle-insurance-rates/download,2026-08-27T15:55:46-04:00
https://www.mass.gov/doc/211-cmr-11100-workers-compensation-insurance-requirements-applicable-to-employee-leasing-companies-and-their-client-companies/download,2026-08-27T16:29:24-04:00
https://www.mass.gov/doc/operational-services-division-0/download,2026-08-27T15:04:28-04:00
https://www.mass.gov/doc/211-cmr-13100-requirements-applicable-to-insurance-on-liability-for-injury-from-exposure-to-dangerous-levels-of-lead-in-dwelling-units/download,2026-08-27T16:34:16-04:00
https://www.mass.gov/doc/211-cmr-2500-risk-based-capital-rbc-for-health-organizations/download,2026-08-27T15:06:16-04:00
https://www.mass.gov/doc/21110pdf/download,2026-08-27T14:56:20-04:00
https://www.mass.gov/doc/archive-reminder-notice-to-communications-service-providers-regarding-surcharge/download,2026-08-27T01:08:48-04:00
https://www.mass.gov/doc/archive-eng-board-agenda-may-7-2015/download,2026-08-27T00:50:29-04:00
https://www.mass.gov/doc/211-cmr-2000-risk-based-capital-rbc-for-insurers/download,2026-08-27T15:02:48-04:00
https://www.mass.gov/doc/archive-psap-consolidation-map-0/download,2026-08-27T01:07:30-04:00
https://www.mass.gov/doc/211-cmr-13200-actuarial-opinion-and-memorandum-regulation/download,2026-08-27T16:35:00-04:00
https://www.mass.gov/doc/211-39pdf/download,2026-08-27T15:18:18-04:00
https://www.mass.gov/doc/211-cmr-2400-limited-liability-companies-and-limited-liability-partnerships-minimum-amount-of-liability-insurance/download,2026-08-27T15:05:07-04:00
https://www.mass.gov/doc/211-cmr-3000-reinsurance-of-property-and-casualty-risks-by-life-insurers/download,2026-08-27T15:11:19-04:00
https://www.mass.gov/doc/archive-noticetobidders3-18-14/download,2026-08-27T01:03:42-04:00
https://www.mass.gov/doc/211-cmr-5200-managed-care-consumer-protections-and-accreditation-of-carriers/download,2026-08-27T15:44:24-04:00
https://www.mass.gov/doc/211-cmr-14600-specified-disease-insurance/download,2026-08-27T16:40:42-04:00
https://www.mass.gov/doc/archive-notice-of-new-psbo-email-address-psbo-april-2014/download,2026-08-27T01:01:24-04:00
https://www.mass.gov/doc/archive-noticetobidders4-2-14/download,2026-08-27T01:04:58-04:00
https://www.mass.gov/doc/211-cmr-14300-credit-insurance-disclosure-requirements/download,2026-08-27T16:39:03-04:00
https://www.mass.gov/doc/211-cmr-3600-the-use-of-aids-related-information-for-life-and-health-insurance-and-informed-consent/download,2026-08-27T15:15:07-04:00
https://www.mass.gov/doc/211-cmr-14000-procedures-concerning-the-merger-or-consolidation-of-insurance-companies/download,2026-08-27T16:37:37-04:00
https://www.mass.gov/doc/211-cmr-12300-direct-payment-of-motor-vehicle-collision-and-comprehensive-coverage-claims-and-referral-repair-shop-programs/download,2026-08-27T16:31:52-04:00
https://www.mass.gov/doc/list-of-individuals-whose-credits-are-due-in-cy-2026/download,2026-08-27T11:10:25-04:00
https://www.mass.gov/doc/state-restricted-use-products-srup/download,2026-08-27T10:08:32-04:00
https://www.mass.gov/doc/archive-notice-to-communication-service-providers-regarding-enhanced-911-surcharge/download,2026-08-27T01:02:31-04:00
https://www.mass.gov/doc/archive-noticetobidders3-12-14/download,2026-08-27T01:03:06-04:00
https://www.mass.gov/doc/archive-noticetobidders3-21-14/download,2026-08-27T01:04:18-04:00
https://www.mass.gov/doc/211-cmr-9700-procedure-for-cancellation-and-non-renewal-of-motor-vehicle-policies/download,2026-08-27T16:26:48-04:00
https://www.mass.gov/doc/211-cmr-4100-nongroup-health-insurance-rate-and-policy-form-filings-review-and-hearing-procedures-under-mgl-c-176m/download,2026-08-27T15:37:46-04:00
https://www.mass.gov/doc/211-cmr-13300-standards-for-the-repair-of-damaged-motor-vehicles/download,2026-08-27T16:35:43-04:00
https://www.mass.gov/doc/archive-summary-of-regulations-560-cmr-5-00pdf/download,2026-08-27T01:11:43-04:00
https://www.mass.gov/doc/211-cmr-12900-life-and-health-reinsurance-agreements/download,2026-08-27T16:32:37-04:00
https://www.mass.gov/doc/211-cmr-700-massachusetts-insurance-holding-company-system/download,2026-08-27T14:49:53-04:00
https://www.mass.gov/doc/211-cmr-5100-preferred-provider-health-plans-and-workers-compensation-preferred-provider-arrangements/download,2026-08-27T15:43:13-04:00
https://www.mass.gov/doc/archive-emd-psap-reminder-notice/download,2026-08-27T00:49:55-04:00
https://www.mass.gov/doc/archive-mspnoticetoparentguardianpdf/download,2026-08-27T00:59:23-04:00
https://www.mass.gov/doc/211-cmr-1300-proxies-consents-and-authorizations-of-domestic-stock-insurers/download,2026-08-27T14:59:05-04:00
https://www.mass.gov/doc/archive-quarterly-report-on-admissions-and-releases-in-the-ma-doc-2nd-quarter-2012/download,2026-08-27T00:37:15-04:00
https://www.mass.gov/doc/211-cmr-5500-disclosure-requirements-for-life-insurance-policies-with-accelerated-benefit-provisions-and-annuity-contracts/download,2026-08-27T15:46:17-04:00
https://www.mass.gov/doc/211-cmr-6600-small-group-health-insurance/download,2026-08-27T15:51:36-04:00
https://www.mass.gov/doc/21150pdf/download,2026-08-27T15:42:20-04:00
https://www.mass.gov/doc/211-cmr-4300/download,2026-08-27T15:39:45-04:00
https://www.mass.gov/doc/211-135pdf/download,2026-08-27T16:36:49-04:00
https://www.mass.gov/doc/archive-8-18-notice-of-public-hearing-120-cmr-401/download,2026-08-27T00:46:38-04:00
https://www.mass.gov/doc/211-cmr-5800-permitting-the-recognition-of-preferred-mortality-tables-for-use-in-determining-minimum-reserve-liabilities/download,2026-08-27T15:48:51-04:00
https://www.mass.gov/doc/archive-samplefirereportdoc/download,2026-08-27T00:37:49-04:00
https://www.mass.gov/doc/211-cmr-3100-life-insurance-solicitation/download,2026-08-27T15:12:13-04:00
https://www.mass.gov/doc/211-3pdf/download,2026-08-27T14:47:15-04:00
https://www.mass.gov/doc/211-cmr-9100-motor-vehicle-insurance-rates/download,2026-08-27T16:23:40-04:00
https://www.mass.gov/doc/211-cmr-2900-valuation-of-life-insurance-policies/download,2026-08-27T15:10:21-04:00
https://www.mass.gov/doc/211-cmr-9000-legal-services-plans/download,2026-08-27T16:22:51-04:00
https://www.mass.gov/doc/211-cmr-2700-military-sales-practices/download,2026-08-27T15:08:27-04:00
https://www.mass.gov/doc/211-cmr-3200-use-of-gender-blended-and-smokernonsmoker-mortality-tables/download,2026-08-27T15:13:12-04:00
https://www.mass.gov/doc/211-cmr-4200-the-form-and-contents-of-individual-accident-and-sickness-insurance/download,2026-08-27T15:38:47-04:00
https://www.mass.gov/doc/archive-surcharge-fee-submission-form/download,2026-08-27T01:12:19-04:00
https://www.mass.gov/doc/worcester-career-center-parking/download,2026-08-27T10:00:56-04:00
https://www.mass.gov/doc/100-dcs-i-14203a-self-determination-training-flyer/download,2026-08-27T10:04:34-04:00
https://www.mass.gov/doc/100-dcs-i-14203-promoting-self-determination-in-the-transition-to-adult-life-for-youth-and-young-adults-with-intellectual-and-development-disabilities-training-opportunity/download,2026-08-27T10:04:34-04:00
https://www.mass.gov/doc/100-dcs-i-08-113a-priority-of-service-for-wioa-adult-funds-desk-reference/download,2026-08-27T10:04:34-04:00
https://www.mass.gov/doc/00-dcs-i-08-113-priority-populations-for-the-wioa-adult-program-desk-reference/download,2026-08-27T10:04:34-04:00
https://www.mass.gov/doc/211-cmr-1600-petitions-for-the-adoption-amendment-or-repeal-of-regulations/download,2026-08-27T15:01:42-04:00
https://www.mass.gov/doc/211-37-infertility-benefits/download,2026-08-27T15:15:58-04:00
https://www.mass.gov/doc/211-40pdf-marketing-of-insured-health-plans-section-4001/download,2026-08-27T15:36:52-04:00
https://www.mass.gov/doc/211-44-confidentiality-of-bids-submitted-for-restricted-pharmacy-network-contracts/download,2026-08-27T15:40:36-04:00
https://www.mass.gov/doc/211-45-establishment-of-service-fee-to-insurance-producers-assisting-employers-in-obtaining-workers-compensation-insurance/download,2026-08-27T15:41:31-04:00
https://www.mass.gov/doc/211-57-recognition-of-the-2001-cso-mortality-table-for-use-in-determining-minimum-reserve-liabilities-and-non-forfeiture-benefits/download,2026-08-27T15:48:02-04:00
https://www.mass.gov/doc/211-65-long-term-care-insurance/download,2026-08-27T15:50:35-04:00
https://www.mass.gov/doc/211-cmr-115-requirements-applicable-to-workers-compensation-insurance-deductible-plans/download,2026-08-27T16:30:21-04:00
https://www.mass.gov/doc/211-cmr-148-registration-and-reporting-requirements-for-third-party-administrators-0/download,2026-08-27T16:41:24-04:00
https://www.mass.gov/doc/211-cmr-149-annual-comprehensive-financial-statements/download,2026-08-27T16:42:21-04:00
https://www.mass.gov/doc/211-cmr-151-certified-group-purchasing-cooperatives-0/download,2026-08-27T16:43:42-04:00
https://www.mass.gov/doc/211-cmr-152-health-benefit-plans-using-limited-regional-or-tiered-provider-networks-0/download,2026-08-27T16:44:26-04:00
https://www.mass.gov/doc/211-cmr-153-continuity-of-care-access-to-comprehensive-cancer-centers-pediatric-hospitals-and-pediatric-specialty-units-for-small-group-health-benefit-plans-that-utilize-limited-regional-or-tiered-provider-networks-0/download,2026-08-27T16:45:11-04:00
https://www.mass.gov/doc/dta-wpp-services/download,2026-08-27T10:00:56-04:00
https://www.mass.gov/doc/fy18-cape-cod-budget-sheet-3/download,2026-08-27T10:04:34-04:00
https://www.mass.gov/doc/fy18-central-budget-sheet-6/download,2026-08-27T10:04:34-04:00
https://www.mass.gov/doc/fy18-city-of-quincy-budget-sheet-5/download,2026-08-27T10:04:34-04:00
https://www.mass.gov/doc/fy18-edic-budget-sheet-5/download,2026-08-27T10:04:34-04:00
https://www.mass.gov/doc/fy18-franklin-hampshire-budget-sheet-5/download,2026-08-27T10:04:34-04:00
https://www.mass.gov/doc/fy18-hampden-budget-sheet-6/download,2026-08-27T10:04:34-04:00
https://www.mass.gov/doc/fy18-lowell-budget-sheet-5/download,2026-08-27T10:03:58-04:00
https://www.mass.gov/doc/fy18-lower-merrimack-budget-sheet-6/download,2026-08-27T10:03:58-04:00
https://www.mass.gov/doc/fy18-metro-north-budget-sheet-6/download,2026-08-27T10:03:58-04:00
https://www.mass.gov/doc/fy18-metro-south-west-budget-sheet-4/download,2026-08-27T10:03:58-04:00
https://www.mass.gov/doc/fy18-new-bedford-budget-sheet-5/download,2026-08-27T10:03:58-04:00
https://www.mass.gov/doc/fy18-north-central-wib-budget-sheet-5/download,2026-08-27T10:03:58-04:00
https://www.mass.gov/doc/fy18-north-shore-budget-sheet-6/download,2026-08-27T10:03:58-04:00
https://www.mass.gov/doc/fy18-central-budget-sheet-7/download,2026-08-27T10:03:58-04:00
https://www.mass.gov/doc/fy18-new-bedford-budget-sheet-6/download,2026-08-27T10:03:58-04:00
https://www.mass.gov/doc/fy18-berkshire-budget-sheet-5/download,2026-08-27T10:03:58-04:00
https://www.mass.gov/doc/fy18-bristol-budget-sheet-7/download,2026-08-27T10:04:34-04:00
https://www.mass.gov/doc/fy18-brockton-budget-sheet-6/download,2026-08-27T10:04:34-04:00
https://www.mass.gov/doc/cape-cod-budget-sheet-4/download,2026-08-27T10:04:34-04:00
https://www.mass.gov/doc/central-budget-sheet-8/download,2026-08-27T10:04:34-04:00
https://www.mass.gov/doc/fy18-city-of-quincy-budget-sheet-6/download,2026-08-27T10:04:34-04:00
https://www.mass.gov/doc/fy18-edic-budget-sheet-6/download,2026-08-27T10:04:34-04:00
https://www.mass.gov/doc/fy18-franklin-hampshire-budget-sheet-6/download,2026-08-27T10:04:34-04:00
https://www.mass.gov/doc/fy18-hampden-budget-sheet-7/download,2026-08-27T10:04:34-04:00
https://www.mass.gov/doc/fy18-lowell-budget-sheet-6/download,2026-08-27T10:04:34-04:00
https://www.mass.gov/doc/fy18-lower-merrimack-budget-sheet-7/download,2026-08-27T10:04:34-04:00
https://www.mass.gov/doc/fy18-metro-north-budget-sheet-7/download,2026-08-27T10:04:34-04:00
https://www.mass.gov/doc/fy18-metro-south-west-budget-sheet-5/download,2026-08-27T10:04:34-04:00
https://www.mass.gov/doc/fy18-new-bedford-budget-sheet-7/download,2026-08-27T10:04:34-04:00
https://www.mass.gov/doc/fy18-north-central-wib-budget-sheet-6/download,2026-08-27T10:04:34-04:00
https://www.mass.gov/doc/fy18-north-shore-budget-sheet-7/download,2026-08-27T10:04:34-04:00
https://www.mass.gov/doc/fy17-edic-budget-sheet-16/download,2026-08-27T10:04:34-04:00
https://www.mass.gov/doc/third-annual-national-apprenticeship-week/download,2026-08-27T10:03:58-04:00
https://www.mass.gov/doc/dcs-info-02-118-moses-version-364-to-be-released-on-november-8-2017/download,2026-08-27T10:03:58-04:00
https://www.mass.gov/doc/fy18-berkshire-reb-budget-sheet-2-fy18/download,2026-08-27T10:03:58-04:00
https://www.mass.gov/doc/ccpr-tab02-employer-summary-06302017/download,2026-08-27T10:03:58-04:00
https://www.mass.gov/doc/ccpr-tab04-veteran-summary-06302017/download,2026-08-27T10:03:58-04:00
https://www.mass.gov/doc/ccpr-tab00-table-of-contents-06302017/download,2026-08-27T10:03:58-04:00
https://www.mass.gov/doc/ccpr-tab05-res-goals-summary-06302017/download,2026-08-27T10:03:58-04:00
https://www.mass.gov/doc/ccpr-tab10-lx-vets-performance-summary-06302017/download,2026-08-27T10:03:58-04:00
https://www.mass.gov/doc/ccpr-tab11-title-i-performance-summary-06302017/download,2026-08-27T10:03:58-04:00
https://www.mass.gov/doc/ccpr-tab12-trade-performance-summary-06302017/download,2026-08-27T10:03:58-04:00
https://www.mass.gov/doc/ccpr-tab13-performancecohortfy17/download,2026-08-27T10:03:58-04:00
https://www.mass.gov/doc/ccpr-tab01-executive-summary-06302017/download,2026-08-27T10:03:58-04:00
https://www.mass.gov/doc/ccpr-tab06-title-i-adult-dw-summary-06302017/download,2026-08-27T10:03:58-04:00
https://www.mass.gov/doc/ccpr-tab09-trade-summary-06302017/download,2026-08-27T10:03:58-04:00
https://www.mass.gov/doc/ccpr-tab07-title-i-youth-summary-06302017/download,2026-08-27T10:03:58-04:00
https://www.mass.gov/doc/ccpr-tab08-ndwg-summary-06302017/download,2026-08-27T10:03:58-04:00
https://www.mass.gov/doc/dcs-info-08-114-hiring-workers-from-puerto-rico/download,2026-08-27T10:03:58-04:00
https://www.mass.gov/doc/dcs-info-02-119-moses-data-entry-for-job-seekers-from-puerto-rico-impacted-by-hurricanes/download,2026-08-27T10:03:58-04:00
https://www.mass.gov/doc/dcs-info-12-204-employer-engagement-to-support-people-with-disabilities-in-the-work-force-webinar/download,2026-08-27T10:03:58-04:00
https://www.mass.gov/doc/dcs-info-22-109a-national-elevator-industry-educational-program-neiep-recruitment-announcement/download,2026-08-27T10:03:58-04:00
https://www.mass.gov/doc/dcs-info-22-109b-international-brotherhood-of-electrical-workers-local-223-apprenticeship-program-open-house-flyer/download,2026-08-27T10:03:58-04:00
https://www.mass.gov/doc/dcs-info-22-109-registered-apprenticeship-recruitment-announcements/download,2026-08-27T10:03:58-04:00
https://www.mass.gov/doc/fy18-hampden-budget-sheet-8/download,2026-08-27T10:03:58-04:00
https://www.mass.gov/doc/fy18-hampden-budget-sheet-9/download,2026-08-27T10:03:58-04:00
https://www.mass.gov/doc/fy18-berkshire-budget-sheet-6/download,2026-08-27T10:03:58-04:00
https://www.mass.gov/doc/fy18-bristol-budget-sheet-8/download,2026-08-27T10:02:49-04:00
https://www.mass.gov/doc/fy18-brockton-budget-sheet-7/download,2026-08-27T10:02:49-04:00
https://www.mass.gov/doc/fy18-central-budget-sheet-9/download,2026-08-27T10:02:49-04:00
https://www.mass.gov/doc/fy18-city-of-quincy-budget-sheet-7/download,2026-08-27T10:03:58-04:00
https://www.mass.gov/doc/fy18-edic-budget-sheet-7/download,2026-08-27T10:03:58-04:00
https://www.mass.gov/doc/fy18-franklin-hampshire-budget-sheet-7/download,2026-08-27T10:02:49-04:00
https://www.mass.gov/doc/fy18-hampden-budget-sheet-10/download,2026-08-27T10:02:49-04:00
https://www.mass.gov/doc/fy18-lowell-budget-sheet-7/download,2026-08-27T10:02:49-04:00
https://www.mass.gov/doc/fy18-lower-merrimack-budget-sheet-8/download,2026-08-27T10:02:49-04:00
https://www.mass.gov/doc/dcs-info-02-120-moses-local-expert-mle-meeting-on-november-17-2017/download,2026-08-27T10:03:58-04:00
https://www.mass.gov/doc/fy18-metro-north-budget-sheet-8/download,2026-08-27T10:03:58-04:00
https://www.mass.gov/doc/fy18-metro-south-west-budget-sheet-6/download,2026-08-27T10:03:58-04:00
https://www.mass.gov/doc/fy18-new-bedford-budget-sheet-8/download,2026-08-27T10:03:58-04:00
https://www.mass.gov/doc/fy18-north-central-wib-budget-sheet-7/download,2026-08-27T10:03:58-04:00
https://www.mass.gov/doc/fy18-north-shore-budget-sheet-8/download,2026-08-27T10:03:58-04:00
https://www.mass.gov/doc/dcs-policy-20-107-taa-fy-17-case-management-and-reemployment-funds-local-allocations-including-infrastructure-costs-per-the-workforce-innovation-opportunity-act-2nd-allocation/download,2026-08-27T10:00:56-04:00
https://www.mass.gov/doc/resea-policy-and-procedures-manual-1/download,2026-08-27T10:00:56-04:00
https://www.mass.gov/doc/ui-online-unavailability-for-cloud-migration-english-version/download,2026-08-27T10:03:58-04:00
https://www.mass.gov/doc/dcs-info-08-115b-ui-online-unavailability-for-cloud-migration-spanish-version/download,2026-08-27T10:03:58-04:00
https://www.mass.gov/doc/dcs-info-08-115-ui-online-unavailable-for-cloud-migration/download,2026-08-27T10:03:58-04:00
https://www.mass.gov/doc/berkshire-local-plan-package-1/download,2026-08-27T10:02:49-04:00
https://www.mass.gov/doc/dcs-info-08-116-dua-employer-medical-assistance-contribution-supplement-listening-sessions/download,2026-08-27T10:02:49-04:00
https://www.mass.gov/doc/wioayouthturning18v01/download,2026-08-27T10:02:49-04:00
https://www.mass.gov/doc/dcs-info-02-121-moses-version-365-will-be-released-on-november-22-2017/download,2026-08-27T10:02:49-04:00
https://www.mass.gov/doc/pr-hurricane-services-report-sample/download,2026-08-27T10:02:49-04:00
https://www.mass.gov/doc/fy18-berkshire-budget-sheet-7/download,2026-08-27T10:02:49-04:00
https://www.mass.gov/doc/fy18-bristol-budget-sheet-9/download,2026-08-27T10:02:49-04:00
https://www.mass.gov/doc/fy18-brockton-budget-sheet-8/download,2026-08-27T10:02:49-04:00
https://www.mass.gov/doc/fy18-cape-cod-budget-sheet-5/download,2026-08-27T10:02:49-04:00
https://www.mass.gov/doc/dcs-info-15-109-hire-vets-medallion-program/download,2026-08-27T10:02:49-04:00
https://www.mass.gov/doc/dcs-info-15109a-hire-vets-medallion-program-fact-sheet/download,2026-08-27T10:02:49-04:00
https://www.mass.gov/doc/dcs-info-15-109b-federal-register-dol-veterans-employment-and-training-20-cfr-part-1011-final-rule/download,2026-08-27T10:02:49-04:00
https://www.mass.gov/doc/dcs-info-08-117-guidance-and-resources-available-for-hurricane-impacted-individuals/download,2026-08-27T10:02:49-04:00
https://www.mass.gov/doc/fy18-city-of-quincy-budget-sheet-8/download,2026-08-27T10:02:49-04:00
https://www.mass.gov/doc/fy18-edic-budget-sheet-8/download,2026-08-27T10:02:49-04:00
https://www.mass.gov/doc/fy18-hampden-budget-sheet-11/download,2026-08-27T10:02:49-04:00
https://www.mass.gov/doc/fy18-lower-merrimack-budget-sheet-9/download,2026-08-27T10:02:49-04:00
https://www.mass.gov/doc/fy18-metro-north-budget-sheet-9/download,2026-08-27T10:02:49-04:00
https://www.mass.gov/doc/fy18-metro-south-west-budget-sheet-7/download,2026-08-27T10:02:49-04:00
https://www.mass.gov/doc/fy18-north-central-wib-budget-sheet-8/download,2026-08-27T10:02:49-04:00
https://www.mass.gov/doc/wioa-measureable-skill-gain-report/download,2026-08-27T10:00:56-04:00
https://www.mass.gov/doc/dcs-info-05-134-transitional-sheltering-assistance-available-to-residents-of-puerto-rico-displaced-by-hurricanes-irma-and-maria/download,2026-08-27T10:02:49-04:00
https://www.mass.gov/doc/dcs-info-05-134a-fema-press-release/download,2026-08-27T10:02:49-04:00
https://www.mass.gov/doc/job-seeker-work-history-occupation-v01-sample/download,2026-08-27T10:02:49-04:00
https://www.mass.gov/doc/job-seeker-work-history-occupation-v03/download,2026-08-27T10:02:49-04:00
https://www.mass.gov/doc/job-order-status-report-v01-example/download,2026-08-27T10:02:49-04:00
https://www.mass.gov/doc/job-order-status-report-v02/download,2026-08-27T10:02:49-04:00
https://www.mass.gov/doc/job-referral-status-report-v01-example/download,2026-08-27T10:02:49-04:00
https://www.mass.gov/doc/job-referral-status-report-v03/download,2026-08-27T10:00:56-04:00
https://www.mass.gov/doc/dcs-info-25-152-veterans-business-outreach-center-vboc-program-funding-opportunity/download,2026-08-27T10:02:49-04:00
https://www.mass.gov/doc/dcs-info-14-205-mou-negotiations-the-partner-perspective-a-virtual-roundtable-wioa-wednesday-webinar/download,2026-08-27T10:02:49-04:00
https://www.mass.gov/doc/fy18-brockton-budget-sheet-9/download,2026-08-27T10:01:57-04:00
https://www.mass.gov/doc/fy18-lowell-budget-sheet-8/download,2026-08-27T10:01:57-04:00
https://www.mass.gov/doc/fy18-lower-merrimack-budget-sheet-10/download,2026-08-27T10:02:49-04:00
https://www.mass.gov/doc/fy17-metro-north-budget-sheet-18/download,2026-08-27T10:02:49-04:00
https://www.mass.gov/doc/fy17-metro-north-regional-employment-board-inc-fy17-pv/download,2026-08-27T10:01:57-04:00
https://www.mass.gov/doc/fy17-metro-south-west-budget-sheet-14/download,2026-08-27T10:01:57-04:00
https://www.mass.gov/doc/dcs-info-14-206-supplemental-employment-data-tracking-reporting-webinar/download,2026-08-27T10:01:57-04:00
https://www.mass.gov/doc/fy18-berkshire-budget-sheet-8/download,2026-08-27T10:02:49-04:00
https://www.mass.gov/doc/fy18-brockton-budget-sheet-10/download,2026-08-27T10:02:49-04:00
https://www.mass.gov/doc/fy18-central-budget-sheet-10/download,2026-08-27T10:02:49-04:00
https://www.mass.gov/doc/fy18-city-of-quincy-budget-sheet-9/download,2026-08-27T10:02:49-04:00
https://www.mass.gov/doc/fy18-city-of-salem-north-shore-workforce-investment-board-fy18-pv/download,2026-08-27T10:00:56-04:00
https://www.mass.gov/doc/fy18-lower-merrimack-budget-sheet-11/download,2026-08-27T10:02:49-04:00
https://www.mass.gov/doc/fy18-north-shore-budget-sheet-10/download,2026-08-27T10:02:49-04:00
https://www.mass.gov/doc/dcs-info-08-118-division-of-professional-licensure-and-hurricane-impacted-individuals/download,2026-08-27T10:02:49-04:00
https://www.mass.gov/doc/dcs-info-14-207-our-journey-together-ta-series-comprehensive-service-delivery-for-youth-webinar/download,2026-08-27T10:02:49-04:00
https://www.mass.gov/doc/city-of-lawrence-division-of-grants-admin-fy18-pv/download,2026-08-27T10:00:56-04:00
https://www.mass.gov/doc/fy18-lower-merrimack-budget-sheet-12/download,2026-08-27T10:00:56-04:00
https://www.mass.gov/doc/fy18-north-shore-budget-sheet-11/download,2026-08-27T10:00:56-04:00
https://www.mass.gov/doc/fy18-new-bedford-budget-sheet-9/download,2026-08-27T10:00:56-04:00
https://www.mass.gov/doc/5-star-methodology/download,2026-08-27T10:00:56-04:00
https://www.mass.gov/doc/berkshirestarrankings/download,2026-08-27T10:00:56-04:00
https://www.mass.gov/doc/berkshiredeck52/download,2026-08-27T10:00:56-04:00
https://www.mass.gov/doc/berkshirepresurvey/download,2026-08-27T10:00:56-04:00
https://www.mass.gov/doc/berkshireteam52/download,2026-08-27T10:00:56-04:00
https://www.mass.gov/doc/kickoffdeck412017print/download,2026-08-27T10:01:57-04:00
https://www.mass.gov/doc/5-star-methodology-0/download,2026-08-27T10:01:57-04:00
https://www.mass.gov/doc/capedeck420/download,2026-08-27T10:01:57-04:00
https://www.mass.gov/doc/capeislandsstarrankings/download,2026-08-27T10:01:57-04:00
https://www.mass.gov/doc/capeteam421/download,2026-08-27T10:00:56-04:00
https://www.mass.gov/doc/5-star-methodology-1/download,2026-08-27T10:01:57-04:00
https://www.mass.gov/doc/centralstarrankings/download,2026-08-27T10:01:57-04:00
https://www.mass.gov/doc/centraldeck4252017/download,2026-08-27T10:00:56-04:00
https://www.mass.gov/doc/centralteam425/download,2026-08-27T10:00:56-04:00
https://www.mass.gov/doc/kickoffdeck412017print-0/download,2026-08-27T10:00:56-04:00
https://www.mass.gov/doc/presurveyresultscentral/download,2026-08-27T10:00:56-04:00
https://www.mass.gov/doc/5-star-methodology-2/download,2026-08-27T10:00:56-04:00
https://www.mass.gov/doc/greaterbostonstarrankings/download,2026-08-27T10:00:56-04:00
https://www.mass.gov/doc/greaterbostondeck532017final/download,2026-08-27T10:00:56-04:00
https://www.mass.gov/doc/greaterbostonpresurvey/download,2026-08-27T10:00:56-04:00
https://www.mass.gov/doc/greaterbostonteam53/download,2026-08-27T10:00:56-04:00
https://www.mass.gov/doc/kickoffdeck412017print-1/download,2026-08-27T10:00:56-04:00
https://www.mass.gov/doc/5-star-methodology-3/download,2026-08-27T10:00:56-04:00
https://www.mass.gov/doc/nedeck419/download,2026-08-27T10:00:56-04:00
https://www.mass.gov/doc/northeaststarrankings/download,2026-08-27T10:00:56-04:00
https://www.mass.gov/doc/northeastteam421/download,2026-08-27T10:00:56-04:00
https://www.mass.gov/doc/5-star-methodology-4/download,2026-08-27T10:00:56-04:00
https://www.mass.gov/doc/kickoffdeck412017print-2/download,2026-08-27T10:01:57-04:00
https://www.mass.gov/doc/pioneervalleystarrankings/download,2026-08-27T10:01:57-04:00
https://www.mass.gov/doc/pioneervalleydeck426/download,2026-08-27T10:01:57-04:00
https://www.mass.gov/doc/pioneervalleyteam426/download,2026-08-27T10:01:57-04:00
https://www.mass.gov/doc/pre-survey-resultspioneervalley/download,2026-08-27T10:01:57-04:00
https://www.mass.gov/doc/5-star-methodology-5/download,2026-08-27T10:01:57-04:00
https://www.mass.gov/doc/decksoutheast/download,2026-08-27T10:01:57-04:00
https://www.mass.gov/doc/kickoffdeck412017print-3/download,2026-08-27T10:01:57-04:00
https://www.mass.gov/doc/southeaststarrankings/download,2026-08-27T10:01:57-04:00
https://www.mass.gov/doc/southeastsurveyresults/download,2026-08-27T10:01:57-04:00
https://www.mass.gov/doc/southeastteam51/download,2026-08-27T10:01:57-04:00
https://www.mass.gov/doc/sessioniisampleagenda/download,2026-08-27T10:01:57-04:00
https://www.mass.gov/doc/finalberkshire/download,2026-08-27T10:01:57-04:00
https://www.mass.gov/doc/finalcape/download,2026-08-27T10:01:57-04:00
https://www.mass.gov/doc/finalcentral/download,2026-08-27T10:01:57-04:00
https://www.mass.gov/doc/finalgreaterboston/download,2026-08-27T10:01:57-04:00
https://www.mass.gov/doc/finalnortheast/download,2026-08-27T10:01:57-04:00
https://www.mass.gov/doc/finalpioneer-valley/download,2026-08-27T10:01:57-04:00
https://www.mass.gov/doc/finalsoutheast/download,2026-08-27T10:01:57-04:00
https://www.mass.gov/doc/consensus-workshop-facilitator-instructions/download,2026-08-27T10:01:57-04:00
https://www.mass.gov/doc/sessioniiisampleagendafinal/download,2026-08-27T10:01:57-04:00
https://www.mass.gov/doc/sessioniiisampledeckfinal/download,2026-08-27T10:01:57-04:00
https://www.mass.gov/doc/kickoffdeck412017print-4/download,2026-08-27T10:01:57-04:00
https://www.mass.gov/doc/finalregional-planning-blueprint/download,2026-08-27T10:01:57-04:00
https://www.mass.gov/doc/supply-and-demand-data-tool/download,2026-08-27T10:01:57-04:00
https://www.mass.gov/doc/overview-the-4-disciplines-of-execution/download,2026-08-27T10:01:57-04:00
https://www.mass.gov/doc/session-ivannotatedagendafinal/download,2026-08-27T10:01:57-04:00
https://www.mass.gov/doc/sessionivsampledeckfinal/download,2026-08-27T10:01:57-04:00
https://www.mass.gov/doc/dcs-info-19-109-youth-cohort-challenge/download,2026-08-27T10:01:57-04:00
https://www.mass.gov/doc/dcs-info-19-109a-youth-cohort-challenge-overview/download,2026-08-27T10:01:57-04:00
https://www.mass.gov/doc/dcs-info-19-109b-youth-cohort-challenge-application/download,2026-08-27T10:01:57-04:00
https://www.mass.gov/doc/dcs-info-29-101-disability-inclusion-building-a-strong-workforce-summit-save-the-date/download,2026-08-27T10:01:57-04:00
https://www.mass.gov/doc/dcs-info-29-101a-save-the-date-flyer/download,2026-08-27T10:01:57-04:00
https://www.mass.gov/doc/dcs-info-workplace-practices-to-recognize-gender-identity-diversity-guidance-for-ma-state-agencies/download,2026-08-27T10:01:57-04:00
https://www.mass.gov/doc/dcs-info-05-135a-guidance-for-ma-state-agencies/download,2026-08-27T10:01:57-04:00
https://www.mass.gov/doc/greater-new-bedford-area-workforce-investment-board-inc-fy18-pv/download,2026-08-27T10:00:56-04:00
https://www.mass.gov/doc/fy18-franklin-hampshire-budget-sheet-8-fix-wioa-fy18/download,2026-08-27T10:00:56-04:00
https://www.mass.gov/doc/fy18-brockton-budget-sheet-11/download,2026-08-27T10:00:56-04:00
https://www.mass.gov/doc/dcs-info-06-100-retail-technology-national-dislocated-worker-grant-new-operator/download,2026-08-27T10:00:56-04:00
https://www.mass.gov/doc/dcs-info-06-100a-justification-form/download,2026-08-27T10:00:56-04:00
https://www.mass.gov/doc/dcs-info-06-100b-ita-request-form/download,2026-08-27T10:00:56-04:00
https://www.mass.gov/doc/dcs-info-06-100c-master-agreement-template/download,2026-08-27T10:00:56-04:00
https://www.mass.gov/doc/dcs-joint-partner-02-2017-workforce-innovation-and-opportunity-act-wioa-joint-partner-local-umbrella-memorandum-of-understanding-mou-revised/download,2026-08-27T10:00:56-04:00
https://www.mass.gov/doc/dcs-joint-partner-inactive-02-2016/download,2026-08-27T10:00:56-04:00
https://www.mass.gov/doc/dcs-info-22-110-pre-apprenticeship-recruitment-announcementcareer-pathways/download,2026-08-27T09:59:48-04:00
https://www.mass.gov/doc/dcs-info-22-110a-building-pathways-pre-apprenticeship-program-recruitment-cycle-17/download,2026-08-27T09:59:48-04:00
https://www.mass.gov/doc/north-central-ma-workforce-investment-board-fy18-pv/download,2026-08-27T09:44:53-04:00
https://www.mass.gov/doc/north-central-wib-budget-sheet-9/download,2026-08-27T09:59:48-04:00
https://www.mass.gov/doc/city-of-worcester-fy18-pv/download,2026-08-27T09:44:53-04:00
https://www.mass.gov/doc/fy18-central-budget-sheet-11/download,2026-08-27T09:59:48-04:00
https://www.mass.gov/doc/fy18-metro-north-budget-sheet-10/download,2026-08-27T09:59:48-04:00
https://www.mass.gov/doc/fy18-north-central-wib-budget-sheet-10/download,2026-08-27T09:59:48-04:00
https://www.mass.gov/doc/fy18-north-shore-budget-sheet-12/download,2026-08-27T09:59:48-04:00
https://www.mass.gov/doc/email-or-mailing-list-no-svc-in-n-days-export-i/download,2026-08-27T09:59:48-04:00
https://www.mass.gov/doc/dcs-policy-08-108-interim-employment-and-eligibility-for-career-and-training-services/download,2026-08-27T09:44:15-04:00
https://www.mass.gov/doc/dcs-policy-07-100-1-on-the-job-training-ojt-through-the-workforce-training-fund-program/download,2026-08-27T09:44:15-04:00
https://www.mass.gov/doc/dcs-policy-07-100-1a-monthly-progress-report/download,2026-08-27T09:42:42-04:00
https://www.mass.gov/doc/dcs-policy-07-100-1-questions-answers/download,2026-08-27T09:59:48-04:00
https://www.mass.gov/doc/city-of-lowell-career-center-of-lowell-office-of-city-manager-fy17-pv8/download,2026-08-27T09:59:48-04:00
https://www.mass.gov/doc/fy18-lowell-budget-sheet-9/download,2026-08-27T09:59:48-04:00
https://www.mass.gov/doc/dcs-policy-23-105-resea-ui-eligibility-assessment-questionnaire/download,2026-08-27T09:48:56-04:00
https://www.mass.gov/doc/dcs-info-14-198a-ita-performance-provider-data-report/download,2026-08-27T09:59:48-04:00
https://www.mass.gov/doc/dcs-info-14-208-networking-training-with-linkedin-webinar-for-states/download,2026-08-27T09:59:48-04:00
https://www.mass.gov/doc/dcs-info-14-198b-ita-performance-moses-data-report/download,2026-08-27T09:59:48-04:00
https://www.mass.gov/doc/dcs-info-14-134a-ita-performance-provider-data-report/download,2026-08-27T09:59:48-04:00
https://www.mass.gov/doc/dcs-info-14-134b-ita-performance-moses-data-report/download,2026-08-27T09:59:48-04:00
https://www.mass.gov/doc/dcs-info-14-209-protecting-farmworkers-from-sexual-harassment-human-trafficking/download,2026-08-27T09:59:48-04:00
https://www.mass.gov/doc/berkshire-county-rebberkshire-county-regional-fy18/download,2026-08-27T09:59:48-04:00
https://www.mass.gov/doc/berkshire-reb-budget-sheet-1-fy18/download,2026-08-27T09:59:48-04:00
https://www.mass.gov/doc/brockton-area-workforce-investment-board-fy18-pv/download,2026-08-27T09:44:53-04:00
https://www.mass.gov/doc/fy18-brockton-budget-sheet-1/download,2026-08-27T09:59:48-04:00
https://www.mass.gov/doc/fy18-brockton-budget-sheet-2/download,2026-08-27T09:59:48-04:00
https://www.mass.gov/doc/fy18-brockton-budget-sheet-3/download,2026-08-27T09:59:13-04:00
https://www.mass.gov/doc/fy18-brockton-budget-sheet-4/download,2026-08-27T09:59:48-04:00
https://www.mass.gov/doc/fy18-brockton-budget-sheet-5/download,2026-08-27T09:59:48-04:00
https://www.mass.gov/doc/cape-cod-and-islands-workforce-investment-board-fy18-pv/download,2026-08-27T09:59:48-04:00
https://www.mass.gov/doc/lower-merrimack-budget-sheet-initial-award-fy18/download,2026-08-27T09:59:48-04:00
https://www.mass.gov/doc/fy18-lower-merrimack-budget-sheet-1/download,2026-08-27T09:59:48-04:00
https://www.mass.gov/doc/fy18-lower-merrimack-budget-sheet-2/download,2026-08-27T09:59:48-04:00
https://www.mass.gov/doc/fy18-lower-merrimack-budget-sheet-3/download,2026-08-27T09:59:48-04:00
https://www.mass.gov/doc/fy18-lower-merrimack-budget-sheet-4/download,2026-08-27T09:59:13-04:00
https://www.mass.gov/doc/fy18-lower-merrimack-budget-sheet-5/download,2026-08-27T09:59:48-04:00
https://www.mass.gov/doc/fy18-city-of-lowell-payment-voucher/download,2026-08-27T09:44:53-04:00
https://www.mass.gov/doc/lowell-budget-sheet-initial-award-fy18/download,2026-08-27T09:59:48-04:00
https://www.mass.gov/doc/fy18-lowell-budget-sheet-1/download,2026-08-27T09:59:48-04:00
https://www.mass.gov/doc/fy18-lowell-budget-sheet-2/download,2026-08-27T09:59:48-04:00
https://www.mass.gov/doc/fy18-lowell-budget-sheet-3/download,2026-08-27T09:59:48-04:00
https://www.mass.gov/doc/fy18-lowell-budget-sheet-4/download,2026-08-27T09:59:48-04:00
https://www.mass.gov/doc/berkshire-budget-sheet-initial-award-fy18/download,2026-08-27T09:59:48-04:00
https://www.mass.gov/doc/fy18-berkshire-budget-sheet-1/download,2026-08-27T09:59:48-04:00
https://www.mass.gov/doc/fy18-berkshire-budget-sheet-2/download,2026-08-27T09:59:48-04:00
https://www.mass.gov/doc/fy18-berkshire-budget-sheet-3/download,2026-08-27T09:59:48-04:00
https://www.mass.gov/doc/fy18-berkshire-budget-sheet-4/download,2026-08-27T09:59:48-04:00
https://www.mass.gov/doc/dcs-info-02-122-eolwd-network-upgrade-notification-scheduled-downtime-saturday-february-3-2018/download,2026-08-27T09:59:48-04:00
https://www.mass.gov/doc/fy18-cape-cod-budget-sheet-6/download,2026-08-27T09:59:48-04:00
https://www.mass.gov/doc/latest-company-listing/download,2026-08-27T09:43:27-04:00
https://www.mass.gov/doc/fy18-city-of-quincy-payment-voucher/download,2026-08-27T09:44:53-04:00
https://www.mass.gov/doc/city-of-quincy-budget-sheet-initial-award-fy18/download,2026-08-27T09:59:48-04:00
https://www.mass.gov/doc/fy18-city-of-quincy-budget-sheet-1/download,2026-08-27T09:59:48-04:00
https://www.mass.gov/doc/fy18-city-of-quincy-budget-sheet-2/download,2026-08-27T09:59:13-04:00
https://www.mass.gov/doc/fy18-city-of-quincy-budget-sheet-3/download,2026-08-27T09:59:13-04:00
https://www.mass.gov/doc/fy18-city-of-quincy-budget-sheet-4/download,2026-08-27T09:59:13-04:00
https://www.mass.gov/doc/central-budget-sheet-initial-award-fy18/download,2026-08-27T09:59:13-04:00
https://www.mass.gov/doc/fy18-central-budget-sheet-1/download,2026-08-27T09:59:13-04:00
https://www.mass.gov/doc/fy18-central-budget-sheet-2/download,2026-08-27T09:59:13-04:00
https://www.mass.gov/doc/fy18-central-budget-sheet-3/download,2026-08-27T09:59:13-04:00
https://www.mass.gov/doc/fy18-central-budget-sheet-4/download,2026-08-27T09:59:13-04:00
https://www.mass.gov/doc/fy18-central-budget-sheet-5/download,2026-08-27T09:59:13-04:00
https://www.mass.gov/doc/edic-budget-sheet-initial-award-fy18/download,2026-08-27T09:59:13-04:00
https://www.mass.gov/doc/fy18-edic-budget-sheet-1/download,2026-08-27T09:59:13-04:00
https://www.mass.gov/doc/fy18-edic-budget-sheet-2/download,2026-08-27T09:59:13-04:00
https://www.mass.gov/doc/fy18-edic-budget-sheet-3/download,2026-08-27T09:59:13-04:00
https://www.mass.gov/doc/fy18-edic-budget-sheet-4/download,2026-08-27T09:59:13-04:00
https://www.mass.gov/doc/employment-links-inc-fy18-pv/download,2026-08-27T09:59:13-04:00
https://www.mass.gov/doc/employment-links-budget-sheet-initial-award-fy18/download,2026-08-27T09:59:13-04:00
https://www.mass.gov/doc/fy18-employment-links-budget-sheet-1/download,2026-08-27T09:59:13-04:00
https://www.mass.gov/doc/fy18-employment-links-budget-sheet-2/download,2026-08-27T09:59:13-04:00
https://www.mass.gov/doc/fy18-employment-links-budget-sheet-3/download,2026-08-27T09:59:13-04:00
https://www.mass.gov/doc/fy18-bristol-budget-sheet-initial-award-fy18/download,2026-08-27T09:59:13-04:00
https://www.mass.gov/doc/fy18-bristol-budget-sheet-1/download,2026-08-27T09:59:13-04:00
https://www.mass.gov/doc/fy18-bristol-budget-sheet-2/download,2026-08-27T09:59:13-04:00
https://www.mass.gov/doc/fy18-bristol-budget-sheet-3/download,2026-08-27T09:59:13-04:00
https://www.mass.gov/doc/fy18-bristol-budget-sheet-4/download,2026-08-27T09:58:13-04:00
https://www.mass.gov/doc/fy18-bristol-budget-sheet-5/download,2026-08-27T09:58:13-04:00
https://www.mass.gov/doc/fy18-bristol-budget-sheet-6/download,2026-08-27T09:58:13-04:00
https://www.mass.gov/doc/pr-hurricane-impacted-enrollments-and-services-v02/download,2026-08-27T09:58:13-04:00
https://www.mass.gov/doc/dcs-info-25-153-department-of-transitional-assistance-dta-competitive-integrated-employment-services-cies-request-for-responses-rfr-posted/download,2026-08-27T09:58:13-04:00
https://www.mass.gov/doc/tab00-table-of-contents-09302017/download,2026-08-27T09:58:13-04:00
https://www.mass.gov/doc/tab01-executive-summary-09302017/download,2026-08-27T09:58:13-04:00
https://www.mass.gov/doc/tab02-employer-summary-09302017/download,2026-08-27T09:58:13-04:00
https://www.mass.gov/doc/tab03-job-seeker-summary-09302017/download,2026-08-27T09:58:13-04:00
https://www.mass.gov/doc/tab04-veteran-summary-09302017/download,2026-08-27T09:58:13-04:00
https://www.mass.gov/doc/tab05-res-goals-summary-09302017/download,2026-08-27T09:58:13-04:00
https://www.mass.gov/doc/tab06-title-i-adult-dw-summary-09302017/download,2026-08-27T09:58:13-04:00
https://www.mass.gov/doc/tab07-title-i-youth-summary-09302017/download,2026-08-27T09:58:13-04:00
https://www.mass.gov/doc/tab08-ndwg-summary-09302017/download,2026-08-27T09:58:13-04:00
https://www.mass.gov/doc/tab09-trade-summary-09302017/download,2026-08-27T09:58:13-04:00
https://www.mass.gov/doc/tab10-lx-vets-performance-summary-09302017/download,2026-08-27T09:58:13-04:00
https://www.mass.gov/doc/tab11-title-i-performance-summary-09302017/download,2026-08-27T09:58:13-04:00
https://www.mass.gov/doc/tab12-trade-performance-summary-09302017/download,2026-08-27T09:58:13-04:00
https://www.mass.gov/doc/tab13-performancecohortfy18/download,2026-08-27T09:58:13-04:00
https://www.mass.gov/doc/fy17-mwcc-budget-sheet-4/download,2026-08-27T09:58:13-04:00
https://www.mass.gov/doc/dcs-policy-08-109-accessibility-within-the-massachusetts-workforce-system-wioa-section-188/download,2026-08-27T09:58:13-04:00
https://www.mass.gov/doc/dcs-policy-08-109a-oversight-and-monitoring-requirements-checklist/download,2026-08-27T09:58:13-04:00
https://www.mass.gov/doc/dcs-policy-08-109b-suggested-section-188-checklist/download,2026-08-27T09:58:13-04:00
https://www.mass.gov/doc/dcs-policy-08-109c-ada-checklist-for-existing-facilities/download,2026-08-27T09:57:17-04:00
https://www.mass.gov/doc/dcs-policy-08-109d-ada-revised-508-standards-applicability-checklist/download,2026-08-27T09:57:17-04:00
https://www.mass.gov/doc/fy18-cape-cod-budget-sheet-7/download,2026-08-27T09:57:17-04:00
https://www.mass.gov/doc/dcs-policy-01-111-audit-resolution-and-debt-collection/download,2026-08-27T09:43:27-04:00
https://www.mass.gov/doc/dcs-policy-17-103-1-career-center-certification-for-local-workforce-development-boards/download,2026-08-27T09:44:15-04:00
https://www.mass.gov/doc/fy17-berkshire-budget-sheet-15/download,2026-08-27T09:57:17-04:00
https://www.mass.gov/doc/city-of-pittsfield-berkshire-training-employment-program-fy17-pv/download,2026-08-27T09:57:17-04:00
https://www.mass.gov/doc/servicemember-cases/download,2026-08-27T08:39:54-04:00
https://www.mass.gov/doc/tax-lien-cases/download,2026-08-27T08:40:47-04:00
https://www.mass.gov/doc/dcs-info-14-210-ma-community-transportation-coordination-conference-massdots-innovation-and-mobility-exchange/download,2026-08-27T09:57:17-04:00
https://www.mass.gov/doc/franklin-hampshire-budget-sheet-initial-award-fy18/download,2026-08-27T09:57:17-04:00
https://www.mass.gov/doc/fy18-franklin-hampshire-budget-sheet-1/download,2026-08-27T09:57:17-04:00
https://www.mass.gov/doc/fy18-franklin-hampshire-budget-sheet-2/download,2026-08-27T09:57:17-04:00
https://www.mass.gov/doc/fy18-franklin-hampshire-budget-sheet-3/download,2026-08-27T09:57:17-04:00
https://www.mass.gov/doc/fy18-franklin-hampshire-budget-sheet-4/download,2026-08-27T09:57:17-04:00
https://www.mass.gov/doc/new-bedford-budget-sheet-initial-award-fy18/download,2026-08-27T09:57:17-04:00
https://www.mass.gov/doc/fy18-new-bedford-budget-sheet-1xls/download,2026-08-27T09:57:17-04:00
https://www.mass.gov/doc/fy18-new-bedford-budget-sheet-2/download,2026-08-27T09:57:17-04:00
https://www.mass.gov/doc/fy18-new-bedford-budget-sheet-3/download,2026-08-27T09:57:17-04:00
https://www.mass.gov/doc/fy18-new-bedford-budget-sheet-4/download,2026-08-27T09:57:17-04:00
https://www.mass.gov/doc/hampden-budget-sheet-initial-award-fy18/download,2026-08-27T09:57:17-04:00
https://www.mass.gov/doc/fy18-hampden-budget-sheet-1/download,2026-08-27T09:57:17-04:00
https://www.mass.gov/doc/fy18-hampden-budget-sheet-2/download,2026-08-27T09:57:17-04:00
https://www.mass.gov/doc/fy18-hampden-budget-sheet-3/download,2026-08-27T09:57:17-04:00
https://www.mass.gov/doc/fy18-hampden-budget-sheet-4/download,2026-08-27T09:57:17-04:00
https://www.mass.gov/doc/fy18-hampden-budget-sheet-5/download,2026-08-27T09:57:17-04:00
https://www.mass.gov/doc/cape-cod-budget-sheet-initial-award-fy18/download,2026-08-27T09:57:17-04:00
https://www.mass.gov/doc/fy18-cape-cod-budget-sheet-1/download,2026-08-27T09:56:32-04:00
https://www.mass.gov/doc/fy18-cape-cod-budget-sheet-2/download,2026-08-27T09:56:32-04:00
https://www.mass.gov/doc/massachusetts-regional-employment-board-association-inc-fy18-pv/download,2026-08-27T09:56:32-04:00
https://www.mass.gov/doc/fy18-metro-north-regional-employment-board-payment-voucher/download,2026-08-27T09:44:53-04:00
https://www.mass.gov/doc/metro-north-budget-sheet-initial-award-fy18/download,2026-08-27T09:56:32-04:00
https://www.mass.gov/doc/fy18-metro-north-budget-sheet-1/download,2026-08-27T09:56:32-04:00
https://www.mass.gov/doc/fy18-metro-north-budget-sheet-2/download,2026-08-27T09:56:32-04:00
https://www.mass.gov/doc/fy18-metro-north-budget-sheet-3/download,2026-08-27T09:56:32-04:00
https://www.mass.gov/doc/fy18-metro-north-budget-sheet-4/download,2026-08-27T09:56:32-04:00
https://www.mass.gov/doc/fy18-metro-north-budget-sheet-5/download,2026-08-27T09:56:32-04:00
https://www.mass.gov/doc/metro-south-west-budget-sheet-initial-award-fy18/download,2026-08-27T09:56:32-04:00
https://www.mass.gov/doc/fy18-metro-south-west-budget-sheet-1/download,2026-08-27T09:56:32-04:00
https://www.mass.gov/doc/fy18-metro-south-west-budget-sheet-2/download,2026-08-27T09:56:32-04:00
https://www.mass.gov/doc/fy18-metro-south-west-budget-sheet-3/download,2026-08-27T09:56:32-04:00
https://www.mass.gov/doc/fy18-mount-wachusett-community-college-payment-voucher/download,2026-08-27T09:56:32-04:00
https://www.mass.gov/doc/north-central-budget-sheet-initial-award-fy18/download,2026-08-27T09:56:32-04:00
https://www.mass.gov/doc/fy18-north-central-budget-sheet-1/download,2026-08-27T09:57:17-04:00
https://www.mass.gov/doc/fy18-north-central-budget-sheet-2/download,2026-08-27T09:57:17-04:00
https://www.mass.gov/doc/fy18-north-central-budget-sheet-3/download,2026-08-27T09:57:17-04:00
https://www.mass.gov/doc/fy18-north-central-budget-sheet-4/download,2026-08-27T09:57:17-04:00
https://www.mass.gov/doc/fy18-partnership-for-a-skilled-workforce-payment-voucher/download,2026-08-27T09:57:17-04:00
https://www.mass.gov/doc/fy18-partnership-for-a-skilled-workforce-budget-sheet-1/download,2026-08-27T09:57:17-04:00
https://www.mass.gov/doc/north-shore-budget-sheet-initial-award-fy18/download,2026-08-27T09:57:17-04:00
https://www.mass.gov/doc/fy18-north-shore-budget-sheet-1/download,2026-08-27T09:57:17-04:00
https://www.mass.gov/doc/fy18-north-shore-budget-sheet-2/download,2026-08-27T09:56:32-04:00
https://www.mass.gov/doc/fy18-north-shore-budget-sheet-3/download,2026-08-27T09:55:46-04:00
https://www.mass.gov/doc/fy18-north-shore-budget-sheet-4/download,2026-08-27T09:55:46-04:00
https://www.mass.gov/doc/fy18-north-shore-budget-sheet-5/download,2026-08-27T09:55:46-04:00
https://www.mass.gov/doc/adult-dw-nooaa-28322-16-55-a-25modno5/download,2026-08-27T09:55:46-04:00
https://www.mass.gov/doc/flc-noofl-30971-17-55-a-25modno0/download,2026-08-27T09:56:32-04:00
https://www.mass.gov/doc/mv-nooem-27944-15-60-a-25modno1/download,2026-08-27T09:56:32-04:00
https://www.mass.gov/doc/nooaa-30735-17-55-a-25modno0/download,2026-08-27T09:57:17-04:00
https://www.mass.gov/doc/nooes-30993-17-55-a-25modno0/download,2026-08-27T09:55:46-04:00
https://www.mass.gov/doc/noota-30489-17-55-a-25modno1/download,2026-08-27T09:55:46-04:00
https://www.mass.gov/doc/wdqi-noomi-30763-17-60-a-25modno0/download,2026-08-27T09:55:46-04:00
https://www.mass.gov/doc/17eol70026624062317bmod4/download,2026-08-27T09:55:46-04:00
https://www.mass.gov/doc/17eol70026624062317cmod4/download,2026-08-27T09:55:46-04:00
https://www.mass.gov/doc/aa-30735-noa/download,2026-08-27T09:55:46-04:00
https://www.mass.gov/doc/fui17-mod-noa/download,2026-08-27T09:55:46-04:00
https://www.mass.gov/doc/hc-30305-17-60-a-25-executed-grant-agreement/download,2026-08-27T09:55:46-04:00
https://www.mass.gov/doc/vets-20170823172505/download,2026-08-27T09:55:46-04:00
https://www.mass.gov/doc/ta-30489mamod-0-agreementexecuted/download,2026-08-27T09:57:17-04:00
https://www.mass.gov/doc/nooui-30223-17-60-a-25modno1/download,2026-08-27T09:57:17-04:00
https://www.mass.gov/doc/tegl27-16/download,2026-08-27T09:56:32-04:00
https://www.mass.gov/doc/dcs-info-02-123-moses-version-366-will-be-released-on-february-14-2018/download,2026-08-27T09:56:32-04:00
https://www.mass.gov/doc/fy17-brockton-area-wib-budget-sheet-3/download,2026-08-27T09:56:32-04:00
https://www.mass.gov/doc/fy17-brockton-area-wib-budget-sheet-4/download,2026-08-27T09:56:32-04:00
https://www.mass.gov/doc/fy17-brockton-area-wib-budget-sheet-5/download,2026-08-27T09:56:32-04:00
https://www.mass.gov/doc/fy17-brockton-area-wib-budget-sheet-6/download,2026-08-27T09:55:09-04:00
https://www.mass.gov/doc/fy17-brockton-area-wib-budget-sheet-7/download,2026-08-27T09:56:32-04:00
https://www.mass.gov/doc/fy17-brockton-area-wib-budget-sheet-8/download,2026-08-27T09:56:32-04:00
https://www.mass.gov/doc/fy17-brockton-area-wib-budget-sheet-9/download,2026-08-27T09:56:32-04:00
https://www.mass.gov/doc/fy17-brockton-area-wib-budget-sheet-10/download,2026-08-27T09:56:32-04:00
https://www.mass.gov/doc/fy17-brockton-area-wib-budget-sheet-11/download,2026-08-27T09:56:32-04:00
https://www.mass.gov/doc/fy17-brockton-area-wib-budget-sheet-12/download,2026-08-27T09:56:32-04:00
https://www.mass.gov/doc/fy17-brockton-area-wib-payment-voucher/download,2026-08-27T09:56:32-04:00
https://www.mass.gov/doc/fy17-city-of-lawrence-payment-voucher/download,2026-08-27T09:56:32-04:00
https://www.mass.gov/doc/fy17-city-of-lawrence-budget-sheet-1/download,2026-08-27T09:56:32-04:00
https://www.mass.gov/doc/fy17-city-of-lawrence-budget-sheet-2/download,2026-08-27T09:55:09-04:00
https://www.mass.gov/doc/fy17-city-of-lawrence-budget-sheet-3/download,2026-08-27T09:55:09-04:00
https://www.mass.gov/doc/fy17-city-of-lawrence-budget-sheet-4/download,2026-08-27T09:55:09-04:00
https://www.mass.gov/doc/fy17-city-of-lawrence-budget-sheet-5/download,2026-08-27T09:55:09-04:00
https://www.mass.gov/doc/fy17-city-of-lawrence-budget-sheet-6/download,2026-08-27T09:55:09-04:00
https://www.mass.gov/doc/fy17-city-of-lawrence-budget-sheet-7/download,2026-08-27T09:56:32-04:00
https://www.mass.gov/doc/fy17-city-of-lawrence-budget-sheet-8/download,2026-08-27T09:55:09-04:00
https://www.mass.gov/doc/fy17-city-of-lawrence-budget-sheet-9/download,2026-08-27T09:56:32-04:00
https://www.mass.gov/doc/fy17-city-of-lawrence-budget-sheet-10/download,2026-08-27T09:55:46-04:00
https://www.mass.gov/doc/fy17-city-of-lawrence-budget-sheet-11/download,2026-08-27T09:55:46-04:00
https://www.mass.gov/doc/fy18-north-central-budget-sheet-11/download,2026-08-27T09:55:46-04:00
https://www.mass.gov/doc/fy17-hampden-county-budget-sheet-24/download,2026-08-27T09:55:46-04:00
https://www.mass.gov/doc/berkshire-budget-sheet-initial-award-fy17/download,2026-08-27T09:55:46-04:00
https://www.mass.gov/doc/fy17-city-of-pittsfield-budget-sheet-1/download,2026-08-27T09:54:34-04:00
https://www.mass.gov/doc/fy17-city-of-pittsfield-budget-sheet-2/download,2026-08-27T09:55:46-04:00
https://www.mass.gov/doc/fy17-city-of-pittsfield-budget-sheet-3/download,2026-08-27T09:55:46-04:00
https://www.mass.gov/doc/fy17-city-of-pittsfield-budget-sheet-4/download,2026-08-27T09:55:46-04:00
https://www.mass.gov/doc/fy17-city-of-pittsfield-budget-sheet-6/download,2026-08-27T09:55:46-04:00
https://www.mass.gov/doc/fy17-city-of-pittsfield-budget-sheet-7/download,2026-08-27T09:55:46-04:00
https://www.mass.gov/doc/fy17-city-of-pittsfield-budget-sheet-8/download,2026-08-27T09:55:46-04:00
https://www.mass.gov/doc/fy17-city-of-pittsfield-budget-sheet-9/download,2026-08-27T09:55:46-04:00
https://www.mass.gov/doc/fy17-city-of-pittsfield-budget-sheet-10/download,2026-08-27T09:55:46-04:00
https://www.mass.gov/doc/dcs-policy-08-110-functional-guidance-by-non-state-management-supervisory-personnel-of-dcs-employees-assigned-to-one-stop-centers/download,2026-08-27T09:42:42-04:00
https://www.mass.gov/doc/dcs-info-29-102a-dei-best-practices-flyer-agenda/download,2026-08-27T09:55:46-04:00
https://www.mass.gov/doc/dcs-info-29-102-disability-employment-initiative-best-practices-conference/download,2026-08-27T09:55:46-04:00
https://www.mass.gov/doc/dcs-policy-08-111-standard-operating-procedures-for-boards-career-centers-and-fiscal-agents/download,2026-08-27T09:43:27-04:00
https://www.mass.gov/doc/fy18-metro-south-west-budget-sheet-8/download,2026-08-27T09:55:46-04:00
https://www.mass.gov/doc/fy18-metro-south-west-budget-sheet-9/download,2026-08-27T09:55:46-04:00
https://www.mass.gov/doc/dcs-info-14-211-make-industry-experts-into-expert-instructors-to-increase-student-success-webinar/download,2026-08-27T09:55:46-04:00
https://www.mass.gov/doc/fy18-hampden-budget-sheet-12/download,2026-08-27T09:55:46-04:00
https://www.mass.gov/doc/regional-employment-board-of-hampden-county-inc-fy18-pv/download,2026-08-27T09:44:15-04:00
https://www.mass.gov/doc/fy18-metro-south-west-budget-sheet-10/download,2026-08-27T09:55:46-04:00
https://www.mass.gov/doc/lowell-budget-sheet-initial-award-fy17/download,2026-08-27T09:55:46-04:00
https://www.mass.gov/doc/fy17-lowell-budget-sheet-1/download,2026-08-27T09:55:09-04:00
https://www.mass.gov/doc/fy17-lowell-budget-sheet-2/download,2026-08-27T09:55:09-04:00
https://www.mass.gov/doc/fy17-lowell-budget-sheet-3/download,2026-08-27T09:55:09-04:00
https://www.mass.gov/doc/fy17-lowell-budget-sheet-4/download,2026-08-27T09:55:09-04:00
https://www.mass.gov/doc/fy17-lowell-budget-sheet-5/download,2026-08-27T09:55:09-04:00
https://www.mass.gov/doc/fy17-lowell-budget-sheet-6/download,2026-08-27T09:53:51-04:00
https://www.mass.gov/doc/fy17-lowell-budget-sheet-7/download,2026-08-27T09:55:09-04:00
https://www.mass.gov/doc/fy17-lowell-budget-sheet-8/download,2026-08-27T09:55:09-04:00
https://www.mass.gov/doc/fy17-lowell-budget-sheet-9/download,2026-08-27T09:55:09-04:00
https://www.mass.gov/doc/fy17-lowell-budget-sheet-10/download,2026-08-27T09:55:09-04:00
https://www.mass.gov/doc/fy17-lowell-budget-sheet-11/download,2026-08-27T09:55:09-04:00
https://www.mass.gov/doc/fy17-lowell-budget-sheet-12/download,2026-08-27T09:55:09-04:00
https://www.mass.gov/doc/fy17-city-of-quincy-payment-voucher/download,2026-08-27T09:55:09-04:00
https://www.mass.gov/doc/city-of-quincy-budget-sheet-initial-award-fy17/download,2026-08-27T09:55:09-04:00
https://www.mass.gov/doc/fy17-city-of-quincy-budget-sheet-1/download,2026-08-27T09:55:09-04:00
https://www.mass.gov/doc/fy17-city-of-quincy-budget-sheet-2/download,2026-08-27T09:55:09-04:00
https://www.mass.gov/doc/fy17-city-of-quincy-budget-sheet-3/download,2026-08-27T09:55:09-04:00
https://www.mass.gov/doc/fy17-city-of-quincy-budget-sheet-4/download,2026-08-27T09:55:09-04:00
https://www.mass.gov/doc/fy17-city-of-quincy-budget-sheet-5/download,2026-08-27T09:55:09-04:00
https://www.mass.gov/doc/fy17-city-of-quincy-budget-sheet-6/download,2026-08-27T09:55:09-04:00
https://www.mass.gov/doc/fy17-city-of-quincy-budget-sheet-7/download,2026-08-27T09:55:09-04:00
https://www.mass.gov/doc/fy17-city-of-quincy-budget-sheet-8/download,2026-08-27T09:55:09-04:00
https://www.mass.gov/doc/fy17-city-of-quincy-budget-sheet-9/download,2026-08-27T09:55:09-04:00
https://www.mass.gov/doc/fy17-city-of-quincy-budget-sheet-10/download,2026-08-27T09:55:09-04:00
https://www.mass.gov/doc/fy17-city-of-quincy-budget-sheet-11/download,2026-08-27T09:55:09-04:00
https://www.mass.gov/doc/fy17-city-of-quincy-budget-sheet-12/download,2026-08-27T09:55:09-04:00
https://www.mass.gov/doc/fy17-city-of-worcester-payment-voucher/download,2026-08-27T09:55:09-04:00
https://www.mass.gov/doc/central-budget-sheet-initial-award-fy17/download,2026-08-27T09:55:09-04:00
https://www.mass.gov/doc/fy17-city-of-worcester-budget-sheet-1/download,2026-08-27T09:54:34-04:00
https://www.mass.gov/doc/fy17-city-of-worcester-budget-sheet-2/download,2026-08-27T09:54:34-04:00
https://www.mass.gov/doc/fy17-city-of-worcester-budget-sheet-3/download,2026-08-27T09:54:34-04:00
https://www.mass.gov/doc/fy17-city-of-worcester-budget-sheet-4/download,2026-08-27T09:54:34-04:00
https://www.mass.gov/doc/fy17-city-of-worcester-budget-sheet-5/download,2026-08-27T09:54:34-04:00
https://www.mass.gov/doc/fy17-city-of-worcester-budget-sheet-6/download,2026-08-27T09:54:34-04:00
https://www.mass.gov/doc/fy17-city-of-worcester-budget-sheet-7/download,2026-08-27T09:54:34-04:00
https://www.mass.gov/doc/fy17-city-of-worcester-budget-sheet-8/download,2026-08-27T09:54:34-04:00
https://www.mass.gov/doc/fy17-city-of-worcester-budget-sheet-9/download,2026-08-27T09:54:34-04:00
https://www.mass.gov/doc/fy17-city-of-worcester-budget-sheet-10/download,2026-08-27T09:54:34-04:00
https://www.mass.gov/doc/fy17-city-of-worcester-budget-sheet-11/download,2026-08-27T09:54:34-04:00
https://www.mass.gov/doc/fy17-city-of-worcester-budget-sheet-12/download,2026-08-27T09:54:34-04:00
https://www.mass.gov/doc/fy17-city-of-worcester-budget-sheet-13/download,2026-08-27T09:54:34-04:00
https://www.mass.gov/doc/fy17-edic-payment-voucher/download,2026-08-27T09:54:34-04:00
https://www.mass.gov/doc/edic-budget-sheet-initial-award-fy17/download,2026-08-27T09:54:34-04:00
https://www.mass.gov/doc/fy17-edic-budget-sheet-1/download,2026-08-27T09:54:34-04:00
https://www.mass.gov/doc/fy17-edic-budget-sheet-2/download,2026-08-27T09:54:34-04:00
https://www.mass.gov/doc/fy17-edic-budget-sheet-3/download,2026-08-27T09:54:34-04:00
https://www.mass.gov/doc/fy17-edic-budget-sheet-4/download,2026-08-27T09:54:34-04:00
https://www.mass.gov/doc/fy17-edic-budget-sheet-5/download,2026-08-27T09:54:34-04:00
https://www.mass.gov/doc/fy17-edic-budget-sheet-7/download,2026-08-27T09:54:34-04:00
https://www.mass.gov/doc/fy17-edic-budget-sheet-8/download,2026-08-27T09:54:34-04:00
https://www.mass.gov/doc/fy17-edic-budget-sheet-9/download,2026-08-27T09:54:34-04:00
https://www.mass.gov/doc/fy17-edic-budget-sheet-10/download,2026-08-27T09:54:34-04:00
https://www.mass.gov/doc/fy17-edic-budget-sheet-11/download,2026-08-27T09:54:34-04:00
https://www.mass.gov/doc/fy17-employment-links-payment-voucher/download,2026-08-27T09:54:34-04:00
https://www.mass.gov/doc/fy17-employment-links-budget-sheet-1/download,2026-08-27T09:54:34-04:00
https://www.mass.gov/doc/fy17-employment-links-budget-sheet-2/download,2026-08-27T09:54:34-04:00
https://www.mass.gov/doc/fy17-employment-links-budget-sheet-3/download,2026-08-27T09:53:51-04:00
https://www.mass.gov/doc/fy17-employment-links-budget-sheet-4/download,2026-08-27T09:53:51-04:00
https://www.mass.gov/doc/fy17-employment-links-budget-sheet-5/download,2026-08-27T09:53:51-04:00
https://www.mass.gov/doc/fy17-employment-links-budget-sheet-6/download,2026-08-27T09:53:51-04:00
https://www.mass.gov/doc/fy17-employment-links-budget-sheet-7/download,2026-08-27T09:53:51-04:00
https://www.mass.gov/doc/fy17-employment-links-budget-sheet-8/download,2026-08-27T09:53:51-04:00
https://www.mass.gov/doc/fy17-employment-links-budget-sheet-9/download,2026-08-27T09:53:51-04:00
https://www.mass.gov/doc/fy17-employment-links-budget-sheet-10/download,2026-08-27T09:53:51-04:00
https://www.mass.gov/doc/fy17-employment-links-budget-sheet-11/download,2026-08-27T09:53:51-04:00
https://www.mass.gov/doc/fy17-employment-links-budget-sheet-12/download,2026-08-27T09:53:51-04:00
https://www.mass.gov/doc/fy18-edic-budget-sheet-9/download,2026-08-27T09:53:51-04:00
https://www.mass.gov/doc/fy17-city-of-fall-riverbctc-payment-voucher/download,2026-08-27T09:44:15-04:00
https://www.mass.gov/doc/bristol-budget-sheet-initial-award-fy17/download,2026-08-27T09:53:51-04:00
https://www.mass.gov/doc/fy17-city-of-fall-riverbctc-budget-sheet-1/download,2026-08-27T09:53:51-04:00
https://www.mass.gov/doc/fy17-city-of-fall-riverbctc-budget-sheet-2/download,2026-08-27T09:53:51-04:00
https://www.mass.gov/doc/fy17-city-of-fall-riverbctc-budget-sheet-3/download,2026-08-27T09:53:51-04:00
https://www.mass.gov/doc/fy17-city-of-fall-riverbctc-budget-sheet-4/download,2026-08-27T09:53:51-04:00
https://www.mass.gov/doc/fy17-city-of-fall-riverbctc-budget-sheet-5/download,2026-08-27T09:53:51-04:00
https://www.mass.gov/doc/fy17-city-of-fall-riverbctc-budget-sheet-7/download,2026-08-27T09:53:51-04:00
https://www.mass.gov/doc/fy17-city-of-fall-riverbctc-budget-sheet-8/download,2026-08-27T09:53:51-04:00
https://www.mass.gov/doc/fy17-city-of-fall-riverbctc-budget-sheet-10/download,2026-08-27T09:53:51-04:00
https://www.mass.gov/doc/fy17-franklin-hampshire-payment-voucher/download,2026-08-27T09:53:51-04:00
https://www.mass.gov/doc/franklin-hampshire-budget-sheet-initial-award-fy17/download,2026-08-27T09:53:51-04:00
https://www.mass.gov/doc/fy17-franklin-hampshire-budget-sheet-1/download,2026-08-27T09:53:51-04:00
https://www.mass.gov/doc/fy17-franklin-hampshire-budget-sheet-2/download,2026-08-27T09:53:51-04:00
https://www.mass.gov/doc/fy17-franklin-hampshire-budget-sheet-3/download,2026-08-27T09:53:51-04:00
https://www.mass.gov/doc/fy17-franklin-hampshire-budget-sheet-4/download,2026-08-27T09:54:34-04:00
https://www.mass.gov/doc/fy17-franklin-hampshire-budget-sheet-5/download,2026-08-27T09:53:51-04:00
https://www.mass.gov/doc/fy17-franklin-hampshire-budget-sheet-6/download,2026-08-27T09:53:51-04:00
https://www.mass.gov/doc/fy17-franklin-hampshire-budget-sheet-7/download,2026-08-27T09:53:51-04:00
https://www.mass.gov/doc/fy17-franklin-hampshire-budget-sheet-8/download,2026-08-27T09:53:51-04:00
https://www.mass.gov/doc/fy17-franklin-hampshire-budget-sheet-9/download,2026-08-27T09:53:51-04:00
https://www.mass.gov/doc/fy17-franklin-hampshire-budget-sheet-10/download,2026-08-27T09:53:51-04:00
https://www.mass.gov/doc/fy17-franklin-hampshire-budget-sheet-11/download,2026-08-27T09:53:51-04:00
https://www.mass.gov/doc/fy17-franklin-hampshire-budget-sheet-13/download,2026-08-27T09:53:11-04:00
https://www.mass.gov/doc/dcs-policy-17-104-local-workforce-board-oversight-and-monitoring-requirements/download,2026-08-27T09:44:15-04:00
https://www.mass.gov/doc/fy18-bristol-budget-sheet-10/download,2026-08-27T09:54:34-04:00
https://www.mass.gov/doc/fy18-city-quincy-budget-sheet-10/download,2026-08-27T09:54:34-04:00
https://www.mass.gov/doc/fy18-franklin-hampshire-budget-sheet-9/download,2026-08-27T09:54:34-04:00
https://www.mass.gov/doc/fy18-lowell-budget-sheet-10/download,2026-08-27T09:54:34-04:00
https://www.mass.gov/doc/fy18-metro-north-budget-sheet-11/download,2026-08-27T09:54:34-04:00
https://www.mass.gov/doc/fy17-greater-new-bedford-payment-voucher/download,2026-08-27T09:53:51-04:00
https://www.mass.gov/doc/new-bedford-budget-sheet-initial-award-fy17/download,2026-08-27T09:53:51-04:00
https://www.mass.gov/doc/fy17-greater-new-bedford-budget-sheet-1/download,2026-08-27T09:53:51-04:00
https://www.mass.gov/doc/fy17-greater-new-bedford-budget-sheet-2/download,2026-08-27T09:53:51-04:00
https://www.mass.gov/doc/fy17-greater-new-bedford-budget-sheet-3/download,2026-08-27T09:53:51-04:00
https://www.mass.gov/doc/fy17-greater-new-bedford-budget-sheet-4/download,2026-08-27T09:53:51-04:00
https://www.mass.gov/doc/fy17-greater-new-bedford-budget-sheet-5/download,2026-08-27T09:53:51-04:00
https://www.mass.gov/doc/fy17-greater-new-bedford-budget-sheet-6/download,2026-08-27T09:53:51-04:00
https://www.mass.gov/doc/fy17-greater-new-bedford-budget-sheet-7/download,2026-08-27T09:53:51-04:00
https://www.mass.gov/doc/fy17-greater-new-bedford-budget-sheet-8/download,2026-08-27T09:53:51-04:00
https://www.mass.gov/doc/fy17-greater-new-bedford-budget-sheet-9/download,2026-08-27T09:53:51-04:00
https://www.mass.gov/doc/fy17-greater-new-bedford-budget-sheet-10/download,2026-08-27T09:53:51-04:00
https://www.mass.gov/doc/fy17-greater-new-bedford-budget-sheet-11/download,2026-08-27T09:53:51-04:00
https://www.mass.gov/doc/fy17-greater-new-bedford-budget-sheet-12/download,2026-08-27T09:54:34-04:00
https://www.mass.gov/doc/fy18-city-quincy-budget-sheet-11/download,2026-08-27T09:54:34-04:00
https://www.mass.gov/doc/fy17-hampden-payment-voucher/download,2026-08-27T09:44:15-04:00
https://www.mass.gov/doc/hampden-budget-sheet-initial-award-fy17/download,2026-08-27T09:54:34-04:00
https://www.mass.gov/doc/fy17-hampden-budget-sheet-1/download,2026-08-27T09:54:34-04:00
https://www.mass.gov/doc/fy17-hampden-budget-sheet-2/download,2026-08-27T09:54:34-04:00
https://www.mass.gov/doc/fy17-hampden-budget-sheet-3/download,2026-08-27T09:54:34-04:00
https://www.mass.gov/doc/fy17-hampden-budget-sheet-4/download,2026-08-27T09:54:34-04:00
https://www.mass.gov/doc/fy17-hampden-budget-sheet-5/download,2026-08-27T09:54:34-04:00
https://www.mass.gov/doc/fy17-hampden-budget-sheet-6/download,2026-08-27T09:54:34-04:00
https://www.mass.gov/doc/fy17-hampden-budget-sheet-7/download,2026-08-27T09:54:34-04:00
https://www.mass.gov/doc/fy17-hampden-budget-sheet-8/download,2026-08-27T09:54:34-04:00
https://www.mass.gov/doc/fy17-hampden-budget-sheet-9/download,2026-08-27T09:55:09-04:00
https://www.mass.gov/doc/fy17-hampden-budget-sheet-10/download,2026-08-27T09:55:09-04:00
https://www.mass.gov/doc/fy17-hampden-budget-sheet-11/download,2026-08-27T09:55:09-04:00
https://www.mass.gov/doc/fy17-hampden-budget-sheet-12/download,2026-08-27T09:55:09-04:00
https://www.mass.gov/doc/fy17-hampden-budget-sheet-13/download,2026-08-27T09:55:09-04:00
https://www.mass.gov/doc/fy17-hampden-budget-sheet-14/download,2026-08-27T09:55:09-04:00
https://www.mass.gov/doc/fy17-hampden-budget-sheet-15/download,2026-08-27T09:55:09-04:00
https://www.mass.gov/doc/fy17-hampden-budget-sheet-16/download,2026-08-27T09:55:09-04:00
https://www.mass.gov/doc/fy17-hampden-budget-sheet-17/download,2026-08-27T09:55:09-04:00
https://www.mass.gov/doc/fy17-cape-cod-payment-voucher/download,2026-08-27T09:55:09-04:00
https://www.mass.gov/doc/cape-cod-budget-sheet-initial-award-fy17/download,2026-08-27T09:55:09-04:00
https://www.mass.gov/doc/fy17-cape-cod-budget-sheet-1/download,2026-08-27T09:55:09-04:00
https://www.mass.gov/doc/fy17-cape-cod-budget-sheet-2/download,2026-08-27T09:55:46-04:00
https://www.mass.gov/doc/fy17-cape-cod-budget-sheet-3/download,2026-08-27T09:55:46-04:00
https://www.mass.gov/doc/fy17-cape-cod-budget-sheet-4/download,2026-08-27T09:55:46-04:00
https://www.mass.gov/doc/fy17-cape-cod-budget-sheet-5/download,2026-08-27T09:55:46-04:00
https://www.mass.gov/doc/fy17-cape-cod-budget-sheet-6/download,2026-08-27T09:55:46-04:00
https://www.mass.gov/doc/fy17-cape-cod-budget-sheet-7/download,2026-08-27T09:55:46-04:00
https://www.mass.gov/doc/fy17-cape-cod-budget-sheet-8/download,2026-08-27T09:55:46-04:00
https://www.mass.gov/doc/fy17-cape-cod-budget-sheet-9/download,2026-08-27T09:55:46-04:00
https://www.mass.gov/doc/fy17-cape-cod-budget-sheet-10/download,2026-08-27T09:55:46-04:00
https://www.mass.gov/doc/fy17-cape-cod-budget-sheet-11/download,2026-08-27T09:55:46-04:00
https://www.mass.gov/doc/fy17-ma-reb-payment-voucher/download,2026-08-27T09:55:46-04:00
https://www.mass.gov/doc/fy17-ma-reb-budget-sheet-1/download,2026-08-27T09:56:32-04:00
https://www.mass.gov/doc/metro-north-budget-sheet-initial-award-fy17/download,2026-08-27T09:56:32-04:00
https://www.mass.gov/doc/fy17-metro-north-reb-budget-sheet-2/download,2026-08-27T09:56:32-04:00
https://www.mass.gov/doc/fy17-metro-north-reb-budget-sheet-3/download,2026-08-27T09:56:32-04:00
https://www.mass.gov/doc/fy17-metro-north-reb-budget-sheet-4/download,2026-08-27T09:56:32-04:00
https://www.mass.gov/doc/fy17-metro-north-reb-budget-sheet-5/download,2026-08-27T09:56:32-04:00
https://www.mass.gov/doc/fy17-metro-north-reb-budget-sheet-6/download,2026-08-27T09:56:32-04:00
https://www.mass.gov/doc/fy17-metro-north-reb-budget-sheet-7/download,2026-08-27T09:56:32-04:00
https://www.mass.gov/doc/fy17-metro-north-reb-budget-sheet-8/download,2026-08-27T09:56:32-04:00
https://www.mass.gov/doc/fy17-metro-north-reb-budget-sheet-9/download,2026-08-27T09:56:32-04:00
https://www.mass.gov/doc/fy17-metro-north-reb-budget-sheet-10/download,2026-08-27T09:56:32-04:00
https://www.mass.gov/doc/fy17-metro-north-reb-budget-sheet-11/download,2026-08-27T09:56:32-04:00
https://www.mass.gov/doc/fy17-metro-north-reb-budget-sheet-12/download,2026-08-27T09:57:17-04:00
https://www.mass.gov/doc/fy17-metro-north-reb-budget-sheet-13/download,2026-08-27T09:57:17-04:00
https://www.mass.gov/doc/fy17-metro-south-west-payment-voucher/download,2026-08-27T09:57:17-04:00
https://www.mass.gov/doc/metro-south-west-budget-sheet-initial-award-fy17/download,2026-08-27T09:57:17-04:00
https://www.mass.gov/doc/fy17-metro-south-west-budget-sheet-1/download,2026-08-27T09:57:17-04:00
https://www.mass.gov/doc/fy17-metro-south-west-budget-sheet-2/download,2026-08-27T09:57:17-04:00
https://www.mass.gov/doc/fy17-metro-south-west-budget-sheet-3/download,2026-08-27T09:57:17-04:00
https://www.mass.gov/doc/fy17-metro-south-west-budget-sheet-4/download,2026-08-27T09:57:17-04:00
https://www.mass.gov/doc/fy17-metro-south-west-budget-sheet-5/download,2026-08-27T09:57:17-04:00
https://www.mass.gov/doc/fy17-metro-south-west-budget-sheet-6/download,2026-08-27T09:57:17-04:00
https://www.mass.gov/doc/fy17-metro-south-west-budget-sheet-7/download,2026-08-27T09:57:17-04:00
https://www.mass.gov/doc/fy17-metro-south-west-budget-sheet-8/download,2026-08-27T09:58:13-04:00
https://www.mass.gov/doc/fy17-metro-south-west-budget-sheet-9/download,2026-08-27T09:58:13-04:00
https://www.mass.gov/doc/fy17-metro-south-west-budget-sheet-10/download,2026-08-27T09:58:13-04:00
https://www.mass.gov/doc/fy17-mount-wachusett-cc-payment-voucher/download,2026-08-27T09:58:13-04:00
https://www.mass.gov/doc/fy17-mount-wachusett-cc-budget-sheet-1/download,2026-08-27T09:58:13-04:00
https://www.mass.gov/doc/fy17-mount-wachusett-cc-budget-sheet-2/download,2026-08-27T09:58:13-04:00
https://www.mass.gov/doc/fy17-mount-wachusett-cc-budget-sheet-3/download,2026-08-27T09:58:13-04:00
https://www.mass.gov/doc/fy17-north-central-payment-voucher/download,2026-08-27T09:58:13-04:00
https://www.mass.gov/doc/fy17-north-central-budget-sheet-1/download,2026-08-27T09:58:13-04:00
https://www.mass.gov/doc/fy17-partnership-for-a-skilled-workforce-payment-voucher/download,2026-08-27T09:58:13-04:00
https://www.mass.gov/doc/fy17-partnership-for-a-skilled-workforce-budget-sheet-1/download,2026-08-27T09:58:13-04:00
https://www.mass.gov/doc/fy17-city-of-salemnorth-shore-wib-payment-voucher/download,2026-08-27T09:59:13-04:00
https://www.mass.gov/doc/north-shore-budget-sheet-initial-award-fy17/download,2026-08-27T09:59:13-04:00
https://www.mass.gov/doc/fy17-city-of-salem-north-shore-wib-budget-sheet-1/download,2026-08-27T09:59:13-04:00
https://www.mass.gov/doc/fy17-city-of-salem-north-shore-wib-budget-sheet-2/download,2026-08-27T09:59:13-04:00
https://www.mass.gov/doc/fy17-city-of-salem-north-shore-wib-budget-sheet-3/download,2026-08-27T09:59:13-04:00
https://www.mass.gov/doc/fy17-city-of-salem-north-shore-wib-budget-sheet-4/download,2026-08-27T09:59:13-04:00
https://www.mass.gov/doc/fy17-city-of-salem-north-shore-wib-budget-sheet-5/download,2026-08-27T09:59:13-04:00
https://www.mass.gov/doc/fy17-city-of-salem-north-shore-wib-budget-sheet-6/download,2026-08-27T09:59:13-04:00
https://www.mass.gov/doc/fy17-city-of-salem-north-shore-wib-budget-sheet-7/download,2026-08-27T09:59:13-04:00
https://www.mass.gov/doc/fy17-city-of-salem-north-shore-wib-budget-sheet-8/download,2026-08-27T09:59:13-04:00
https://www.mass.gov/doc/fy17-city-of-salem-north-shore-wib-budget-sheet-9/download,2026-08-27T09:59:13-04:00
https://www.mass.gov/doc/fy17-city-of-salem-north-shore-wib-budget-sheet-10/download,2026-08-27T09:59:13-04:00
https://www.mass.gov/doc/fy17-city-of-salem-north-shore-wib-budget-sheet-11/download,2026-08-27T09:59:13-04:00
https://www.mass.gov/doc/fy17-city-of-salem-north-shore-wib-budget-sheet-12/download,2026-08-27T09:59:13-04:00
https://www.mass.gov/doc/fy17-franklin-hampshire-budget-sheet-17/download,2026-08-27T09:59:13-04:00
https://www.mass.gov/doc/dcs-info-05-136-doleta-technology-based-learning-survey-information/download,2026-08-27T09:59:13-04:00
https://www.mass.gov/doc/dcs-info-14-212-act-webinar-using-workkeys-20-and-the-ncrc-certificate-connecting-the-workforce-using-wioa-funds-with-career-credentials/download,2026-08-27T09:59:13-04:00
https://www.mass.gov/doc/dcs-info-14-213-benefits-counseling-training-opportunity-through-work-without-limits/download,2026-08-27T09:58:13-04:00
https://www.mass.gov/doc/dcs-inactive-policy-06-81/download,2026-08-27T09:58:13-04:00
https://www.mass.gov/doc/dcs-policy-05-102-ada-language-used-for-eolwd-sponsored-trainings-and-conferences/download,2026-08-27T09:58:13-04:00
https://www.mass.gov/doc/fy18-central-budget-sheet-12/download,2026-08-27T09:57:17-04:00
https://www.mass.gov/doc/fy18-edic-budget-sheet-10/download,2026-08-27T09:58:13-04:00
https://www.mass.gov/doc/fy18-lower-merrimack-valley-budget-sheet-13/download,2026-08-27T09:58:13-04:00
https://www.mass.gov/doc/fy18-hampden-county-budget-sheet-13/download,2026-08-27T09:58:13-04:00
https://www.mass.gov/doc/dcs-info-14-214-scaling-career-pathways-in-wisconsin-webinar/download,2026-08-27T09:58:13-04:00
https://www.mass.gov/doc/dcs-info-14-215-integrating-partners-programs-in-your-comprehensive-ajcs-webinar/download,2026-08-27T09:58:13-04:00
https://www.mass.gov/doc/dcs-info-22-111-apprenticeship-recruitment-announcement-heat-frost-insulators/download,2026-08-27T09:59:13-04:00
https://www.mass.gov/doc/dcs-info-22-111a-international-association-of-heat-frost-insulators-and-allied-workers-union-application-announcement/download,2026-08-27T09:59:13-04:00
https://www.mass.gov/doc/fy18-central-budget-sheet-14/download,2026-08-27T09:59:13-04:00
https://www.mass.gov/doc/dcs-policy-08-112-career-planning-for-workforce-innovation-and-opportunity-act-wioa-job-seeker-customers/download,2026-08-27T09:44:15-04:00
https://www.mass.gov/doc/dcs-info-14-216-trade-adjustment-assistance-taa-program-training/download,2026-08-27T09:58:13-04:00
https://www.mass.gov/doc/dcs-joint-partner-policy-01-2017/download,2026-08-27T09:58:13-04:00
https://www.mass.gov/doc/dcs-joint-partner-policy-01-2017-attachment-b/download,2026-08-27T09:58:13-04:00
https://www.mass.gov/doc/fy18-edic-budget-sheet-12/download,2026-08-27T09:59:13-04:00
https://www.mass.gov/doc/fy18-city-of-quincy-budget-sheet-13/download,2026-08-27T09:52:35-04:00
https://www.mass.gov/doc/dcs-info-09-111-fy2018-career-center-performance-reports-quarter-ending-december-31-2017/download,2026-08-27T09:52:35-04:00
https://www.mass.gov/doc/dcs-info-09-111a-fy18-q2-ccpr-tab00-table-of-contents/download,2026-08-27T09:52:35-04:00
https://www.mass.gov/doc/dcs-info-09-111b-fy18-q2-ccpr-tab01-executive-summary/download,2026-08-27T09:52:35-04:00
https://www.mass.gov/doc/dcs-info-09-111c-fy18-q2-ccpr-tab02-employer-summary/download,2026-08-27T09:52:35-04:00
https://www.mass.gov/doc/dcs-info-09-111d-fy18-q2-ccpr-tab03-job-seeker-summary/download,2026-08-27T09:52:35-04:00
https://www.mass.gov/doc/dcs-info-09-111e-fy18-q2-ccpr-tab04-veteran-summary/download,2026-08-27T09:52:35-04:00
https://www.mass.gov/doc/dcs-info-09-111f-fy18-q2-ccpr-tab05-res-summary/download,2026-08-27T09:52:35-04:00
https://www.mass.gov/doc/dcs-info-09-111g-fy18-q2-ccpr-tab06-title-i-adults-and-dislocated-worker-summary/download,2026-08-27T09:52:35-04:00
https://www.mass.gov/doc/dcs-info-09-111h-fy18-q2-ccpr-tab07-title-i-youth-summary/download,2026-08-27T09:52:35-04:00
https://www.mass.gov/doc/dcs-info-09-111i-fy18-q2-ccpr-tab08-national-emergency-grants-summary/download,2026-08-27T09:52:35-04:00
https://www.mass.gov/doc/dcs-info-09-111j-fy18-q2-ccpr-tab09-trade-summary/download,2026-08-27T09:52:35-04:00
https://www.mass.gov/doc/dcs-info-09-111k-fy18-q2-ccpr-tab10-labor-exchange-quarter-performance-summary/download,2026-08-27T09:52:35-04:00
https://www.mass.gov/doc/dcs-info-09-111l-fy18-q2-ccpr-tab11-title-i-performance/download,2026-08-27T09:52:35-04:00
https://www.mass.gov/doc/dcs-info-09-111m-fy18-q2-ccpr-fy18-q2-ccpr-tab12-trade-performance-summary/download,2026-08-27T09:52:35-04:00
https://www.mass.gov/doc/dcs-info-09-111n-fy18-q2-ccpr-tab13-performance-cohorts/download,2026-08-27T09:52:35-04:00
https://www.mass.gov/doc/fy18-cape-cod-budget-sheet-9/download,2026-08-27T09:52:35-04:00
https://www.mass.gov/doc/dcs-info-14-217-scsep-dcs-cross-training-sessions/download,2026-08-27T09:52:35-04:00
https://www.mass.gov/doc/dcs-jpp-01-2017-1-regional-planning-a-workforce-skills-cabinet-initiative/download,2026-08-27T09:42:42-04:00
https://www.mass.gov/doc/dcs-jpp-01-2017-2a-wsc-regional-map/download,2026-08-27T09:47:18-04:00
https://www.mass.gov/doc/dcs-jpp-01-2017-2b-regional-and-local-plan-reference-matrix/download,2026-08-27T09:47:18-04:00
https://www.mass.gov/doc/dcs-jpp-01-2017-2c-regional-planning-in-massachusetts-an-initiative-of-the-wsc/download,2026-08-27T09:47:18-04:00
https://www.mass.gov/doc/dcs-jpp-01-2017-2d-massachusetts-regional-planning-support-scope-of-work/download,2026-08-27T09:44:15-04:00
https://www.mass.gov/doc/dcs-jpp-01-2017-2e-regional-labor-market-blueprint-template/download,2026-08-27T09:47:18-04:00
https://www.mass.gov/doc/dcs-jpp-01-2017-2f-regional-blueprint-signature-page/download,2026-08-27T09:47:18-04:00
https://www.mass.gov/doc/fy18-berkshire-budget-sheet-9-0/download,2026-08-27T09:52:35-04:00
https://www.mass.gov/doc/fy18-bristol-budget-sheet-11-0/download,2026-08-27T09:52:35-04:00
https://www.mass.gov/doc/fy18-brockton-budget-sheet-13-0/download,2026-08-27T09:52:35-04:00
https://www.mass.gov/doc/fy18-cape-cod-budget-sheet-8-0/download,2026-08-27T09:52:35-04:00
https://www.mass.gov/doc/fy18-central-budget-sheet-13-0/download,2026-08-27T09:52:35-04:00
https://www.mass.gov/doc/fy18-city-of-quincy-budget-sheet-12-0/download,2026-08-27T09:52:35-04:00
https://www.mass.gov/doc/fy18-edic-budget-sheet-11-0/download,2026-08-27T09:52:35-04:00
https://www.mass.gov/doc/fy18-franklin-hampshire-budget-sheet-10-0/download,2026-08-27T09:52:35-04:00
https://www.mass.gov/doc/fy18-hampden-budget-sheet-14-0/download,2026-08-27T09:52:35-04:00
https://www.mass.gov/doc/fy18-lowell-budget-sheet-11-0/download,2026-08-27T09:51:57-04:00
https://www.mass.gov/doc/fy18-lower-merrimack-valley-budget-sheet-14-0/download,2026-08-27T09:51:57-04:00
https://www.mass.gov/doc/fy18-metro-north-budget-sheet-12-0/download,2026-08-27T09:51:57-04:00
https://www.mass.gov/doc/fy18-metro-south-west-budget-sheet-11-0/download,2026-08-27T09:51:57-04:00
https://www.mass.gov/doc/fy18-new-bedford-budget-sheet-10-0/download,2026-08-27T09:51:57-04:00
https://www.mass.gov/doc/fy18-north-central-budget-sheet-13-0/download,2026-08-27T09:52:35-04:00
https://www.mass.gov/doc/fy18-north-shore-budget-sheet-13-0/download,2026-08-27T09:51:57-04:00
https://www.mass.gov/doc/dcs-policy-06-103-massachusetts-disaster-hurricane-response-dislocated-worker-grant/download,2026-08-27T09:51:57-04:00
https://www.mass.gov/doc/dcs-info-25-154-administration-for-community-living-acl-funding-opportunities/download,2026-08-27T09:51:57-04:00
https://www.mass.gov/doc/dcs-info-14-218-reentry-employment-opportunities-2018-applicant-information-webinar/download,2026-08-27T09:51:57-04:00
https://www.mass.gov/doc/dcs-joint-partner-01-2018-wioa-partner-shared-customers/download,2026-08-27T09:51:57-04:00
https://www.mass.gov/doc/dcs-joint-partner-02-2018-fy18-wioa-state-partner-infrastructure-contributions/download,2026-08-27T09:44:53-04:00
https://www.mass.gov/doc/dcs-joint-partner-02-2018a-wioa-state-partner-infrastructure-contributions/download,2026-08-27T09:51:57-04:00
https://www.mass.gov/doc/fy18-bristol-budget-sheet-12/download,2026-08-27T09:52:35-04:00
https://www.mass.gov/doc/fy18-new-bedford-budget-sheet-11/download,2026-08-27T09:52:35-04:00
https://www.mass.gov/doc/dcs-info-13-111-trade-adjustment-assistance-moses-training-manual-updated/download,2026-08-27T09:52:35-04:00
https://www.mass.gov/doc/dcs-policy-17-102-1-local-workforce-development-board-certification-guidance/download,2026-08-27T09:44:15-04:00
https://www.mass.gov/doc/dcs-info-14-219-senior-community-services-employment-program-scsep-department-of-career-services-dcs-cross-training-session-march-29-2018/download,2026-08-27T09:52:35-04:00
https://www.mass.gov/doc/dcs-info-05-137-registry-of-motor-vehicles-temporary-closure-and-change-to-business-processes/download,2026-08-27T09:52:35-04:00
https://www.mass.gov/doc/dcs-info-05-137a-ma-rmv-temporary-closure-flyer/download,2026-08-27T09:52:35-04:00
https://www.mass.gov/doc/dcs-info-05-137b-ma-rmv-lawful-presence-new-document-requirements/download,2026-08-27T09:52:35-04:00
https://www.mass.gov/doc/fy18-metro-south-west-budget-sheet-12/download,2026-08-27T09:52:35-04:00
https://www.mass.gov/doc/dei-best-practice-conferenceagenda/download,2026-08-27T09:52:35-04:00
https://www.mass.gov/doc/dei-career-success-video-summaries/download,2026-08-27T09:52:35-04:00
https://www.mass.gov/doc/dei-conference-opening-march-2018/download,2026-08-27T09:52:35-04:00
https://www.mass.gov/doc/disability-etiquettedei-conference/download,2026-08-27T09:52:35-04:00
https://www.mass.gov/doc/handout-2universal-design-brief/download,2026-08-27T09:52:35-04:00
https://www.mass.gov/doc/handout3learning-style-quiz/download,2026-08-27T09:52:35-04:00
https://www.mass.gov/doc/handoutwwl-practice-brief-career-center-accessibility/download,2026-08-27T09:52:35-04:00
https://www.mass.gov/doc/ensuring-success-integrated-resource-team/download,2026-08-27T09:52:35-04:00
https://www.mass.gov/doc/madei-188pptmar12018/download,2026-08-27T09:52:35-04:00
https://www.mass.gov/doc/wioa-sec-188-localtalking-points/download,2026-08-27T09:52:35-04:00
https://www.mass.gov/doc/why-disability-matters-to-businessdei-conference/download,2026-08-27T09:53:11-04:00
https://www.mass.gov/doc/dei-regional-partnerships-presentation/download,2026-08-27T09:53:11-04:00
https://www.mass.gov/doc/handout-1wwl-practice-brief-disability-provider-collaboration-with-career-centers/download,2026-08-27T09:53:11-04:00
https://www.mass.gov/doc/handout1wwl-practice-brief-youth-services-and-disability/download,2026-08-27T09:53:11-04:00
https://www.mass.gov/doc/serving-youth-with-disabilities-in-the-workforce-system/download,2026-08-27T09:53:11-04:00
https://www.mass.gov/doc/universal-design-in-workforce-development/download,2026-08-27T09:53:11-04:00
https://www.mass.gov/doc/wwl-administrative-ensummary/download,2026-08-27T09:53:11-04:00
https://www.mass.gov/doc/handout-ummswwl-aen/download,2026-08-27T09:53:11-04:00
https://www.mass.gov/doc/handouten-ssa-ttw/download,2026-08-27T09:53:11-04:00
https://www.mass.gov/doc/handouten-payments-glance/download,2026-08-27T09:53:11-04:00
https://www.mass.gov/doc/successfully-utilizing-the-ticket-to-work/download,2026-08-27T09:53:11-04:00
https://www.mass.gov/doc/cvs-health-workforce-initiatives/download,2026-08-27T09:53:11-04:00
https://www.mass.gov/doc/dcs-policy-31-100-masshire-branding-policy/download,2026-08-27T09:44:15-04:00
https://www.mass.gov/doc/dcs-policy-31-100a-masshire-brand-charter/download,2026-08-27T09:43:27-04:00
https://www.mass.gov/doc/dcs-policy-31-100b-masshire-brand-standards-manual/download,2026-08-27T09:43:27-04:00
https://www.mass.gov/doc/dcs-policy-31-100c-masshire-brand-implementation-plan-and-transition-checklist/download,2026-08-27T09:43:27-04:00
https://www.mass.gov/doc/dcs-policy-31-100d-sample-local-implementation-plan/download,2026-08-27T09:43:27-04:00
https://www.mass.gov/doc/dcs-policy-31-100e-masshire-naming-website-and-brand-ambassador-designation-form/download,2026-08-27T09:43:27-04:00
https://www.mass.gov/doc/dcs-policy-31-100f-brand-ambassador-description/download,2026-08-27T09:43:27-04:00
https://www.mass.gov/doc/dcs-policy-31-100g-allowable-use-of-funds/download,2026-08-27T09:43:27-04:00
https://www.mass.gov/doc/dcs-policy-31-100h-list-of-local-names/download,2026-08-27T09:43:27-04:00
https://www.mass.gov/doc/dcs-policy-31-100i-frequently-asked-questions/download,2026-08-27T09:43:27-04:00
https://www.mass.gov/doc/dcs-info-15-110-psych-armor-and-veterans-program-training-partnership/download,2026-08-27T09:53:11-04:00
https://www.mass.gov/doc/dcs-info-15-110a-spreadsheet-example/download,2026-08-27T09:53:11-04:00
https://www.mass.gov/doc/dcs-policy-10-1002-required-posters-for-display-in-one-stop-career-centers/download,2026-08-27T09:53:11-04:00
https://www.mass.gov/doc/dcs-policy-06-103-1-massachusetts-disaster-hurricane-response-dislocated-worker-grant/download,2026-08-27T09:48:56-04:00
https://www.mass.gov/doc/dcs-info-14-220-sustaining-grant-funded-projects-for-long-term-success-webinar/download,2026-08-27T09:53:11-04:00
https://www.mass.gov/doc/dcs-info-29-103-disability-employment-initiative-dei-best-practices-conference-2018/download,2026-08-27T09:53:11-04:00
https://www.mass.gov/doc/dcs-info-14-221-lowering-the-cost-of-course-materials-with-free-and-open-educational-resources-webinar/download,2026-08-27T09:53:11-04:00
https://www.mass.gov/doc/dcs-info-14-222-understanding-and-applying-disability-data-webinar/download,2026-08-27T09:53:11-04:00
https://www.mass.gov/doc/disability-employment-initiative-grants/download,2026-08-27T09:53:11-04:00
https://www.mass.gov/doc/massachusetts-program-monitoring-process-a-systems-approach/download,2026-08-27T09:53:11-04:00
https://www.mass.gov/doc/massachusetts-fiscal-monitoring-process/download,2026-08-27T09:53:11-04:00
https://www.mass.gov/doc/wioa-firewalls-related-to-the-one-stop-procurement-process/download,2026-08-27T09:53:11-04:00
https://www.mass.gov/doc/workforce-innovation-and-opportunity-act-combined-plan-at-a-glance/download,2026-08-27T09:53:11-04:00
https://www.mass.gov/doc/workforce-innovation-and-opportunity-act-customer-flow-model/download,2026-08-27T09:53:11-04:00
https://www.mass.gov/doc/wioa-partner-presentation-building-and-maintaining-partnerships/download,2026-08-27T09:53:11-04:00
https://www.mass.gov/doc/redesigned-business-services-in-central-ma/download,2026-08-27T09:53:11-04:00
https://www.mass.gov/doc/massachusetts-workforce-development-board-overview/download,2026-08-27T09:53:11-04:00
https://www.mass.gov/doc/massbizworks-collaborative-business-services/download,2026-08-27T09:53:11-04:00
https://www.mass.gov/doc/wioa-firewalls-related-to-the-one-stop-procurement-process-spanish/download,2026-08-27T09:53:11-04:00
https://www.mass.gov/doc/dcs-info-22-112a-sae-continuation-funding/download,2026-08-27T09:53:11-04:00
https://www.mass.gov/doc/dcs-info-22-112-call-for-ideas-apprenticeship-expansion-continuation-funding/download,2026-08-27T09:53:11-04:00
https://www.mass.gov/doc/dcs-info-25-155-new-funding-opportunity-reentry-projects-call-for-ideas/download,2026-08-27T09:53:11-04:00
https://www.mass.gov/doc/dcs-info-02-119-1-moses-data-entry-of-hurricane-impacted-job-seekers-and-employers-interested-in-hiring-evacuees/download,2026-08-27T09:53:11-04:00
https://www.mass.gov/doc/fy18-lower-merrimack-valley-budget-sheet-15/download,2026-08-27T09:53:11-04:00
https://www.mass.gov/doc/dcs-info-14-223-senior-community-services-employment-program-scsep-department-of-career-services-dcs-cross-training-sessions/download,2026-08-27T09:53:11-04:00
https://www.mass.gov/doc/pr-hurricane-job-placements/download,2026-08-27T09:53:11-04:00
https://www.mass.gov/doc/pr-work-history-occupation-v01/download,2026-08-27T09:53:11-04:00
https://www.mass.gov/doc/dcs-policy-08-114-rmv-special-recruitment/download,2026-08-27T09:44:15-04:00
https://www.mass.gov/doc/dcs-info-25-156-funding-opportunity-for-customers-retail-technology-national-dislocated-worker-grant-extension/download,2026-08-27T09:53:11-04:00
https://www.mass.gov/doc/dcs-info-25-157-nursing-allied-health-grants-2018-bid-solicitation/download,2026-08-27T09:53:11-04:00
https://www.mass.gov/doc/dcs-info-25-157a-instructions-and-guidance/download,2026-08-27T09:53:11-04:00
https://www.mass.gov/doc/dcs-info-25-157b-bid-template/download,2026-08-27T09:53:11-04:00
https://www.mass.gov/doc/dcs-info-14-224-senior-community-services-employment-program-scsep-department-of-career-services-dcs-cross-training-sessions/download,2026-08-27T09:53:11-04:00
https://www.mass.gov/doc/dcs-info-14-225-free-resources-for-apprenticeship-work-based-learning-webinar/download,2026-08-27T09:53:11-04:00
https://www.mass.gov/doc/fy18-central-budget-sheet-15/download,2026-08-27T09:51:17-04:00
https://www.mass.gov/doc/dcs-policy-08-115-outreach-and-tracking-requirements-for-hurricane-impacted-individuals-updates/download,2026-08-27T09:44:15-04:00
https://www.mass.gov/doc/masshire-gotham-font/download,2026-08-27T09:51:17-04:00
https://www.mass.gov/doc/dcs-info-25-159a-proposal-template/download,2026-08-27T09:51:17-04:00
https://www.mass.gov/doc/dcs-info-25-159-new-funding-opportunity-national-health-emergency-dislocated-worker-demonstration-grants-to-address-the-opioid-crisis-call-for-ideas/download,2026-08-27T09:51:17-04:00
https://www.mass.gov/doc/dcs-info-14-226-building-strategic-alliances-between-college-workforce-boards-webinar/download,2026-08-27T09:51:17-04:00
https://www.mass.gov/doc/dcs-info-15-111-hiring-our-heroes-community-event-and-job-fair/download,2026-08-27T09:51:17-04:00
https://www.mass.gov/doc/dcs-info-15-111a-community-event-overview-agenda/download,2026-08-27T09:51:17-04:00
https://www.mass.gov/doc/dcs-info-15-111b-boston-red-sox-hiring-expo-events-and-participating-employers/download,2026-08-27T09:51:17-04:00
https://www.mass.gov/doc/dcs-info-15-111c-job-fair-event-flyer/download,2026-08-27T09:51:17-04:00
https://www.mass.gov/doc/dcs-info-14-227-dcs-training-resource-guide/download,2026-08-27T09:51:17-04:00
https://www.mass.gov/doc/pr-work-history-occupation-red-cross-v01/download,2026-08-27T09:51:17-04:00
https://www.mass.gov/doc/masshire-brand-logos/download,2026-08-27T09:43:27-04:00
https://www.mass.gov/doc/attleboro-career-center-logos/download,2026-08-27T09:43:27-04:00
https://www.mass.gov/doc/berkshire-career-center-logos/download,2026-08-27T09:43:27-04:00
https://www.mass.gov/doc/boston-career-center-logos/download,2026-08-27T09:43:27-04:00
https://www.mass.gov/doc/cape-islands-career-center-logos/download,2026-08-27T09:43:27-04:00
https://www.mass.gov/doc/downtown-boston-career-center-logos/download,2026-08-27T09:43:27-04:00
https://www.mass.gov/doc/fall-river-career-center-logos/download,2026-08-27T09:43:27-04:00
https://www.mass.gov/doc/framingham-career-center-logos/download,2026-08-27T09:43:27-04:00
https://www.mass.gov/doc/greater-brockton-career-center-logos/download,2026-08-27T09:43:27-04:00
https://www.mass.gov/doc/greater-new-bedford-career-center-logos/download,2026-08-27T09:43:27-04:00
https://www.mass.gov/doc/holyoke-career-center-logos/download,2026-08-27T09:43:27-04:00
https://www.mass.gov/doc/lowell-career-center-logos/download,2026-08-27T09:43:27-04:00
https://www.mass.gov/doc/merrimack-career-center-logos/download,2026-08-27T09:43:27-04:00
https://www.mass.gov/doc/metro-north-career-center-logos/download,2026-08-27T09:43:27-04:00
https://www.mass.gov/doc/north-central-career-center-logos/download,2026-08-27T09:43:27-04:00
https://www.mass.gov/doc/north-shore-career-center-logos/download,2026-08-27T09:43:27-04:00
https://www.mass.gov/doc/norwood-career-center-logos/download,2026-08-27T09:43:27-04:00
https://www.mass.gov/doc/southbridge-career-center-logos/download,2026-08-27T09:43:27-04:00
https://www.mass.gov/doc/south-shore-career-center-logos/download,2026-08-27T09:43:27-04:00
https://www.mass.gov/doc/springfield-career-center-logos/download,2026-08-27T09:43:27-04:00
https://www.mass.gov/doc/taunton-career-center-logos/download,2026-08-27T09:43:27-04:00
https://www.mass.gov/doc/worcester-career-center-logos/download,2026-08-27T09:43:27-04:00
https://www.mass.gov/doc/berkshire-workforce-board-logos/download,2026-08-27T09:42:42-04:00
https://www.mass.gov/doc/boston-workforce-board-logos/download,2026-08-27T09:42:42-04:00
https://www.mass.gov/doc/bristol-workforce-board-logos/download,2026-08-27T09:43:27-04:00
https://www.mass.gov/doc/cape-islands-workforce-board-logos/download,2026-08-27T09:42:42-04:00
https://www.mass.gov/doc/central-workforce-board-logos/download,2026-08-27T09:42:42-04:00
https://www.mass.gov/doc/greater-brockton-workforce-board-logos/download,2026-08-27T09:42:42-04:00
https://www.mass.gov/doc/hampden-workforce-board-logos/download,2026-08-27T09:42:42-04:00
https://www.mass.gov/doc/merrimack-workforce-board-logos/download,2026-08-27T09:42:42-04:00
https://www.mass.gov/doc/metro-north-workforce-board-logos/download,2026-08-27T09:42:42-04:00
https://www.mass.gov/doc/metro-southwest-workforce-board-logos/download,2026-08-27T09:42:42-04:00
https://www.mass.gov/doc/north-central-workforce-board-logos/download,2026-08-27T09:43:27-04:00
https://www.mass.gov/doc/north-shore-workforce-board-logos/download,2026-08-27T09:42:42-04:00
https://www.mass.gov/doc/south-shore-workforce-board-logos/download,2026-08-27T09:43:27-04:00
https://www.mass.gov/doc/construction-and-trade-photo-library-part-1/download,2026-08-27T09:42:42-04:00
https://www.mass.gov/doc/construction-and-trade-photo-library-part-2/download,2026-08-27T09:42:42-04:00
https://www.mass.gov/doc/dcs-info-14-229-our-journey-together-out-of-school-youth-cohort-challenge-review-webinar/download,2026-08-27T09:51:17-04:00
https://www.mass.gov/doc/dcs-info-14-230-additional-2018-torq-transferable-occupational-relationship-quotient-training-webinar/download,2026-08-27T09:51:17-04:00
https://www.mass.gov/doc/dcs-info-14-231-career-planning-training/download,2026-08-27T09:51:17-04:00
https://www.mass.gov/doc/fy18-berkshire-budget-sheet-10/download,2026-08-27T09:51:17-04:00
https://www.mass.gov/doc/fy18-brockton-budget-sheet-14/download,2026-08-27T09:51:17-04:00
https://www.mass.gov/doc/fy18-cape-cod-budget-sheet-10/download,2026-08-27T09:51:17-04:00
https://www.mass.gov/doc/fy18-city-of-quincy-budget-sheet-14/download,2026-08-27T09:51:17-04:00
https://www.mass.gov/doc/fy18-edic-budget-sheet-13/download,2026-08-27T09:51:17-04:00
https://www.mass.gov/doc/fy18-franklin-hampshire-budget-sheet-11/download,2026-08-27T09:51:17-04:00
https://www.mass.gov/doc/fy18-hampden-budget-sheet-15/download,2026-08-27T09:51:17-04:00
https://www.mass.gov/doc/fy18-lowell-budget-sheet-12/download,2026-08-27T09:51:17-04:00
https://www.mass.gov/doc/fy18-lower-merrimack-budget-sheet-16/download,2026-08-27T09:51:17-04:00
https://www.mass.gov/doc/fy18-metro-north-budget-sheet-13/download,2026-08-27T09:51:17-04:00
https://www.mass.gov/doc/fy18-metro-south-west-budget-sheet-13/download,2026-08-27T09:51:17-04:00
https://www.mass.gov/doc/fy18-new-bedford-budget-sheet-12/download,2026-08-27T09:51:17-04:00
https://www.mass.gov/doc/fy18-north-central-wib-budget-sheet-14/download,2026-08-27T09:51:17-04:00
https://www.mass.gov/doc/fy18-north-shore-budget-sheet-14/download,2026-08-27T09:51:17-04:00
https://www.mass.gov/doc/dcs-info-25-160-new-funding-opportunity-mentoring-opportunities-for-youth-initiative-call-for-ideas/download,2026-08-27T09:51:17-04:00
https://www.mass.gov/doc/dcs-info-25-160a-new-funding-opportunity-mentoring-opportunities-for-youth-initiative-call-for-ideas-template/download,2026-08-27T09:51:17-04:00
https://www.mass.gov/doc/berkshire-workforce-board-word-templates/download,2026-08-27T09:42:42-04:00
https://www.mass.gov/doc/boston-workforce-board-word-templates/download,2026-08-27T09:42:42-04:00
https://www.mass.gov/doc/bristol-workforce-board-word-templates/download,2026-08-27T09:42:42-04:00
https://www.mass.gov/doc/cape-and-islands-workforce-board-word-templates/download,2026-08-27T09:42:42-04:00
https://www.mass.gov/doc/central-region-workforce-board-word-templates/download,2026-08-27T09:42:42-04:00
https://www.mass.gov/doc/franklin-hampshire-workforce-board-word-templates/download,2026-08-27T09:42:42-04:00
https://www.mass.gov/doc/greater-brockton-workforce-board-word-templates/download,2026-08-27T09:42:42-04:00
https://www.mass.gov/doc/greater-lowell-workforce-board-word-templates/download,2026-08-27T09:42:42-04:00
https://www.mass.gov/doc/greater-new-bedford-workforce-board-word-templates/download,2026-08-27T09:42:42-04:00
https://www.mass.gov/doc/merrimack-workforce-board-word-templates/download,2026-08-27T09:42:42-04:00
https://www.mass.gov/doc/metro-north-workforce-board-word-templates/download,2026-08-27T09:42:42-04:00
https://www.mass.gov/doc/metro-southwest-workforce-board-word-templates/download,2026-08-27T09:42:42-04:00
https://www.mass.gov/doc/north-central-workforce-board-word-templates/download,2026-08-27T09:42:42-04:00
https://www.mass.gov/doc/north-shore-workforce-board-word-templates/download,2026-08-27T09:42:42-04:00
https://www.mass.gov/doc/south-shore-workforce-board-word-templates/download,2026-08-27T09:42:42-04:00
https://www.mass.gov/doc/masshire-workforce-board-6x2-custom-vinyl-banner/download,2026-08-27T09:51:17-04:00
https://www.mass.gov/doc/masshire-workforce-board-35x2-business-card/download,2026-08-27T09:51:17-04:00
https://www.mass.gov/doc/masshire-workforce-board-35x85-rackcard/download,2026-08-27T09:44:53-04:00
https://www.mass.gov/doc/masshire-workforce-board-11x85-trifold/download,2026-08-27T09:44:53-04:00
https://www.mass.gov/doc/masshire-career-center-6x2-custom-vinyl-banner/download,2026-08-27T09:51:17-04:00
https://www.mass.gov/doc/masshire-career-center-35x2-business-card/download,2026-08-27T09:51:17-04:00
https://www.mass.gov/doc/masshire-career-center-35x85-rackcard/download,2026-08-27T09:44:53-04:00
https://www.mass.gov/doc/masshire-career-center-11x85-trifold/download,2026-08-27T09:44:53-04:00
https://www.mass.gov/doc/attleboro-career-center-word-templates/download,2026-08-27T09:51:17-04:00
https://www.mass.gov/doc/berkshire-career-center-word-templates/download,2026-08-27T09:51:17-04:00
https://www.mass.gov/doc/boston-career-center-word-templates/download,2026-08-27T09:51:17-04:00
https://www.mass.gov/doc/cape-and-islands-career-center-word-templates/download,2026-08-27T09:51:17-04:00
https://www.mass.gov/doc/downtown-boston-career-center-word-templates/download,2026-08-27T09:51:17-04:00
https://www.mass.gov/doc/fall-river-career-center-word-templates/download,2026-08-27T09:51:17-04:00
https://www.mass.gov/doc/framingham-career-center-word-templates/download,2026-08-27T09:51:57-04:00
https://www.mass.gov/doc/franklin-hampshire-career-center-word-templates/download,2026-08-27T09:51:57-04:00
https://www.mass.gov/doc/greater-brockton-career-center-word-templates/download,2026-08-27T09:51:57-04:00
https://www.mass.gov/doc/greater-new-bedford-career-center-word-templates/download,2026-08-27T09:51:57-04:00
https://www.mass.gov/doc/holyoke-career-center-word-templates/download,2026-08-27T09:51:57-04:00
https://www.mass.gov/doc/lowell-career-center-word-templates/download,2026-08-27T09:51:57-04:00
https://www.mass.gov/doc/merrimack-valley-career-center-word-templates/download,2026-08-27T09:51:57-04:00
https://www.mass.gov/doc/metro-north-career-center-word-templates/download,2026-08-27T09:51:57-04:00
https://www.mass.gov/doc/north-central-career-center-word-templates/download,2026-08-27T09:51:57-04:00
https://www.mass.gov/doc/north-shore-career-center-word-templates/download,2026-08-27T09:51:57-04:00
https://www.mass.gov/doc/norwood-career-center-word-templates/download,2026-08-27T09:51:57-04:00
https://www.mass.gov/doc/south-shore-career-center-word-templates/download,2026-08-27T09:51:57-04:00
https://www.mass.gov/doc/southbridge-career-center-word-templates/download,2026-08-27T09:51:57-04:00
https://www.mass.gov/doc/springfield-career-center-word-templates/download,2026-08-27T09:51:57-04:00
https://www.mass.gov/doc/taunton-career-center-word-templates/download,2026-08-27T09:51:57-04:00
https://www.mass.gov/doc/worcester-career-center-word-templates/download,2026-08-27T09:51:57-04:00
https://www.mass.gov/doc/general-office-photo-library-part-1/download,2026-08-27T09:42:42-04:00
https://www.mass.gov/doc/general-office-photo-library-part-2/download,2026-08-27T09:42:42-04:00
https://www.mass.gov/doc/general-office-photo-library-part-3/download,2026-08-27T09:42:42-04:00
https://www.mass.gov/doc/healthcare-and-medical-photo-library-part-1/download,2026-08-27T09:42:42-04:00
https://www.mass.gov/doc/healthcare-and-medical-photo-library-part-2/download,2026-08-27T09:42:42-04:00
https://www.mass.gov/doc/technical-it-and-bio-tech-library-part-1/download,2026-08-27T09:42:42-04:00
https://www.mass.gov/doc/technical-it-and-bio-tech-library-part-2/download,2026-08-27T09:42:42-04:00
https://www.mass.gov/doc/technical-it-and-bio-tech-library-part-3/download,2026-08-27T09:42:42-04:00
https://www.mass.gov/doc/technical-it-and-bio-tech-library-part-4/download,2026-08-27T09:42:42-04:00
https://www.mass.gov/doc/dcs-info-14-232-subsequent-eligibility-for-ita-training-provider-courses/download,2026-08-27T09:51:57-04:00
https://www.mass.gov/doc/dcs-info-14-232a-ita-performance-provider-data-report/download,2026-08-27T09:51:57-04:00
https://www.mass.gov/doc/dcs-info-14-232b-ita-performance-moses-data-report/download,2026-08-27T09:51:57-04:00
https://www.mass.gov/doc/dcs-policy-03-101-2-unified-workforce-development-system-complaint-and-appeals-process/download,2026-08-27T09:51:57-04:00
https://www.mass.gov/doc/dcs-info-09-112-fy2018-career-center-performance-reports-quarter-ending-march-31-2018/download,2026-08-27T09:51:57-04:00
https://www.mass.gov/doc/dcs-info-09-112a-tab00-table-of-contents/download,2026-08-27T09:51:57-04:00
https://www.mass.gov/doc/dcs-info-09-112b-tab01-executive-summary/download,2026-08-27T09:51:57-04:00
https://www.mass.gov/doc/dcs-info-09-112c-tab02-employer-summary/download,2026-08-27T09:51:57-04:00
https://www.mass.gov/doc/dcs-info-09-112d-tab03-job-seeker-summary/download,2026-08-27T09:51:17-04:00
https://www.mass.gov/doc/dcs-info-09-112e-tab04-veteran-summary/download,2026-08-27T09:51:17-04:00
https://www.mass.gov/doc/dcs-info-09-112f-tab05-res-summary/download,2026-08-27T09:51:17-04:00
https://www.mass.gov/doc/dcs-info-09-112g-tab06-title-i-adults-and-dislocated-worker-summary/download,2026-08-27T09:51:17-04:00
https://www.mass.gov/doc/dcs-info-09-112h-tab07-title-i-youth-summary/download,2026-08-27T09:51:17-04:00
https://www.mass.gov/doc/dcs-info-09-112i-tab08-national-emergency-grants-summary/download,2026-08-27T09:51:57-04:00
https://www.mass.gov/doc/dcs-info-09-112j-tab09-trade-summary/download,2026-08-27T09:51:57-04:00
https://www.mass.gov/doc/dcs-info-09-112k-tab10-labor-exchange-quarter-performance-summary/download,2026-08-27T09:51:57-04:00
https://www.mass.gov/doc/dcs-info-09-112l-tab11-title-i-performance/download,2026-08-27T09:51:57-04:00
https://www.mass.gov/doc/dcs-info-09-112m-tab12-trade-performance-summary/download,2026-08-27T09:51:57-04:00
https://www.mass.gov/doc/dcs-info-09-112n-tab13-performance-cohorts/download,2026-08-27T09:51:57-04:00
https://www.mass.gov/doc/dcs-info-14-234-eligible-training-provider-guidance-overview-webinar/download,2026-08-27T09:51:57-04:00
https://www.mass.gov/doc/dcs-joint-partner-03-2018a-wioa-local-umbrella-mou-submittal-form/download,2026-08-27T09:51:57-04:00
https://www.mass.gov/doc/dcs-joint-partner-03-2018-joint-partner-local-umbrella-memorandum-of-understanding-mou-guidance-for-refreshed-mou/download,2026-08-27T09:51:57-04:00
https://www.mass.gov/doc/dcs-info-14-235-the-future-of-american-job-centers-webinar/download,2026-08-27T09:51:57-04:00
https://www.mass.gov/doc/dcs-policy-31-100k-masshire-brand-application-for-youth-programming/download,2026-08-27T09:43:27-04:00
https://www.mass.gov/doc/wioa-performance-review-tool/download,2026-08-27T09:42:42-04:00
https://www.mass.gov/doc/dcs-info-14-236-unified-workforce-development-system-complaint-policy-training/download,2026-08-27T09:50:34-04:00
https://www.mass.gov/doc/dcs-info-25-162-gear-up-funding-opportunities-department-of-education/download,2026-08-27T09:50:34-04:00
https://www.mass.gov/doc/dcs-info-25-163-new-funding-opportunity-retaining-employment-and-talent-after-injuryillness-network-retain-demonstration-projects-call-for-ideas/download,2026-08-27T09:50:34-04:00
https://www.mass.gov/doc/fy18-new-bedford-budget-sheet-14/download,2026-08-27T09:50:34-04:00
https://www.mass.gov/doc/fy17-bristol-budget-sheet-14/download,2026-08-27T09:50:34-04:00
https://www.mass.gov/doc/fy17-hampden-budget-sheet-25/download,2026-08-27T09:50:34-04:00
https://www.mass.gov/doc/fy17-metro-north-budget-sheet-19/download,2026-08-27T09:50:34-04:00
https://www.mass.gov/doc/fy17-north-shore-budget-sheet-16/download,2026-08-27T09:50:34-04:00
https://www.mass.gov/doc/fy18-berkshire-budget-sheet-11/download,2026-08-27T09:50:34-04:00
https://www.mass.gov/doc/fy18-berkshire-budget-sheet-12/download,2026-08-27T09:50:34-04:00
https://www.mass.gov/doc/fy18-bristol-budget-sheet-13/download,2026-08-27T09:50:34-04:00
https://www.mass.gov/doc/fy18-brockton-budget-sheet-15/download,2026-08-27T09:50:34-04:00
https://www.mass.gov/doc/fy18-cape-cod-budget-sheet-11/download,2026-08-27T09:50:34-04:00
https://www.mass.gov/doc/fy18-central-budget-sheet-16/download,2026-08-27T09:50:34-04:00
https://www.mass.gov/doc/fy18-city-of-quincy-budget-sheet-15/download,2026-08-27T09:49:49-04:00
https://www.mass.gov/doc/fy18-edic-budget-sheet-14/download,2026-08-27T09:49:49-04:00
https://www.mass.gov/doc/fy18-franklin-hampshire-budget-sheet-12/download,2026-08-27T09:49:49-04:00
https://www.mass.gov/doc/fy18-hampden-budget-sheet-16/download,2026-08-27T09:50:34-04:00
https://www.mass.gov/doc/fy18-lowell-budget-sheet-13/download,2026-08-27T09:50:34-04:00
https://www.mass.gov/doc/fy18-lower-merrimack-budget-sheet-17/download,2026-08-27T09:50:34-04:00
https://www.mass.gov/doc/fy18-metro-north-budget-sheet-14/download,2026-08-27T09:50:34-04:00
https://www.mass.gov/doc/fy18-new-bedford-budget-sheet-13/download,2026-08-27T09:50:34-04:00
https://www.mass.gov/doc/fy18-north-central-wib-budget-sheet-15/download,2026-08-27T09:50:34-04:00
https://www.mass.gov/doc/fy18-north-shore-budget-sheet-15/download,2026-08-27T09:50:34-04:00
https://www.mass.gov/doc/dcs-info-22-113-us-department-of-labor-announces-apprenticeshipgov/download,2026-08-27T09:50:34-04:00
https://www.mass.gov/doc/fy18-brockton-budget-sheet-16/download,2026-08-27T09:50:34-04:00
https://www.mass.gov/doc/fy18-cape-cod-budget-sheet-12/download,2026-08-27T09:50:34-04:00
https://www.mass.gov/doc/fy18-city-of-quincy-budget-sheet-16/download,2026-08-27T09:50:34-04:00
https://www.mass.gov/doc/fy18-franklin-hampshire-budget-sheet-13/download,2026-08-27T09:50:34-04:00
https://www.mass.gov/doc/fy18-lower-merrimack-budget-sheet-18/download,2026-08-27T09:50:34-04:00
https://www.mass.gov/doc/fy18-north-central-wib-budget-sheet-16/download,2026-08-27T09:50:34-04:00
https://www.mass.gov/doc/fy18-north-shore-budget-sheet-16/download,2026-08-27T09:50:34-04:00
https://www.mass.gov/doc/dcs-info-05-138-raise-the-bar-hire-2018-conference/download,2026-08-27T09:50:34-04:00
https://www.mass.gov/doc/dcs-info-14-237-ticket-to-work-program-an-aligned-mission-with-wioa-webinar/download,2026-08-27T09:50:34-04:00
https://www.mass.gov/doc/dcs-jp-info-01-2018-wioa-co-enrollment-cohort-lessons-learned-webinar/download,2026-08-27T09:50:34-04:00
https://www.mass.gov/doc/masshire-alternative-orientation-logos/download,2026-08-27T09:43:27-04:00
https://www.mass.gov/doc/dcs-info-14-238-resea-webinars-implementation-of-the-policy-and-procedure-updates/download,2026-08-27T09:50:34-04:00
https://www.mass.gov/doc/dcs-info-14-239-eligible-training-provider-etp-guidance-overview-part-ii-webinar/download,2026-08-27T09:50:34-04:00
https://www.mass.gov/doc/fy18-berkshire-budget-sheet-13/download,2026-08-27T09:50:34-04:00
https://www.mass.gov/doc/fy18-bristol-budget-sheet-14/download,2026-08-27T09:50:34-04:00
https://www.mass.gov/doc/fy18-central-budget-sheet-17/download,2026-08-27T09:50:34-04:00
https://www.mass.gov/doc/fy18-edic-budget-sheet-15/download,2026-08-27T09:50:34-04:00
https://www.mass.gov/doc/fy18-hampden-budget-sheet-17/download,2026-08-27T09:50:34-04:00
https://www.mass.gov/doc/fy18-lowell-budget-sheet-14/download,2026-08-27T09:50:34-04:00
https://www.mass.gov/doc/fy18-metro-north-budget-sheet-15/download,2026-08-27T09:50:34-04:00
https://www.mass.gov/doc/fy18-new-bedford-budget-sheet-15/download,2026-08-27T09:50:34-04:00
https://www.mass.gov/doc/masshire-greater-new-bedford-workforce-board-indesign-files/download,2026-08-27T09:50:34-04:00
https://www.mass.gov/doc/dcs-info-05-139-housing-and-benefits-access-for-hurricane-evacuees/download,2026-08-27T09:50:34-04:00
https://www.mass.gov/doc/dcs-info-05-139a-metar-massachusetts-evacuee-temporary-assistance-reserve-benefits/download,2026-08-27T09:50:34-04:00
https://www.mass.gov/doc/masshire-co-branding-guidance/download,2026-08-27T09:49:49-04:00
https://www.mass.gov/doc/fy18-berkshire-budget-sheet-14/download,2026-08-27T09:49:49-04:00
https://www.mass.gov/doc/berkshire-training-employment-fy19-pv/download,2026-08-27T09:44:15-04:00
https://www.mass.gov/doc/fy19-berkshire-training-employment-budget-1/download,2026-08-27T09:49:49-04:00
https://www.mass.gov/doc/dcs-info-25-164-training-resources-and-internship-networks-train-grant-program/download,2026-08-27T09:49:49-04:00
https://www.mass.gov/doc/dcs-info-25-164a-train-rfp/download,2026-08-27T09:49:49-04:00
https://www.mass.gov/doc/dcs-info-25-164b-train-cover-page/download,2026-08-27T09:49:49-04:00
https://www.mass.gov/doc/dcs-info-25-164c-train-budget-worksheet/download,2026-08-27T09:49:49-04:00
https://www.mass.gov/doc/dcs-info-15-112-jobs-for-veterans-state-grant-incentive-awards-ffy18-call-for-nominations/download,2026-08-27T09:49:49-04:00
https://www.mass.gov/doc/dcs-info-15-112a-performance-incentive-awards-nomination-procedures/download,2026-08-27T09:49:49-04:00
https://www.mass.gov/doc/dcs-info-15-112b-performance-incentive-awards-nomination-form/download,2026-08-27T09:49:49-04:00
https://www.mass.gov/doc/dcs-policy-31-100j-masshire-training-documentation/download,2026-08-27T09:43:27-04:00
https://www.mass.gov/doc/dcs-policy-31-100l-masshire-co-branding-guidance/download,2026-08-27T09:43:27-04:00
https://www.mass.gov/doc/dcs-policy-31-100m-masshire-brand-standards-review-committee/download,2026-08-27T09:43:27-04:00
https://www.mass.gov/doc/fy18-edic-budget-sheet-16/download,2026-08-27T09:49:49-04:00
https://www.mass.gov/doc/fy18-metro-south-west-budget-sheet-15/download,2026-08-27T09:49:49-04:00
https://www.mass.gov/doc/dcs-info-22-114-creating-industry-recognized-apprenticeship-programs-to-expand-opportunity-in-america/download,2026-08-27T09:49:49-04:00
https://www.mass.gov/doc/dcs-info-14-240-benefits-counseling-training-opportunity-through-work-without-limits/download,2026-08-27T09:49:49-04:00
https://www.mass.gov/doc/dcs-info-08-101-1-vision-for-the-one-stop-delivery-system-under-wioa/download,2026-08-27T09:49:49-04:00
https://www.mass.gov/doc/dcs-info-08-101-1a-opening-doors-for-everyone-providing-outstanding-customer-service-at-osccs/download,2026-08-27T09:49:49-04:00
https://www.mass.gov/doc/dcs-info-08-101-1b-american-job-center-one-stop-career-center-fact-sheet/download,2026-08-27T09:49:49-04:00
https://www.mass.gov/doc/fy18-metro-south-west-budget-sheet-14/download,2026-08-27T09:49:49-04:00
https://www.mass.gov/doc/dcs-info-05-140-raise-the-bar-hire-5th-annual-career-fair/download,2026-08-27T09:49:49-04:00
https://www.mass.gov/doc/fy19-berkshire-reb-budget-sheet-1/download,2026-08-27T09:49:49-04:00
https://www.mass.gov/doc/fy19-brockton-initial-budget/download,2026-08-27T09:49:49-04:00
https://www.mass.gov/doc/fy19-cape-cod-wib-budget-sheet-1/download,2026-08-27T09:49:49-04:00
https://www.mass.gov/doc/fy19-city-of-quincy-initial-budget/download,2026-08-27T09:48:56-04:00
https://www.mass.gov/doc/fy19-edic-budget-initial-budget/download,2026-08-27T09:49:49-04:00
https://www.mass.gov/doc/fy19-fall-river-initial-budget/download,2026-08-27T09:49:49-04:00
https://www.mass.gov/doc/fy19-franklin-hampshire-initial-budget/download,2026-08-27T09:49:49-04:00
https://www.mass.gov/doc/fy19-hampden-initial-budget/download,2026-08-27T09:49:49-04:00
https://www.mass.gov/doc/fy19-lowell-budget-initial-budget/download,2026-08-27T09:49:49-04:00
https://www.mass.gov/doc/fy19-lower-merrimack-initial-budget/download,2026-08-27T09:48:06-04:00
https://www.mass.gov/doc/fy19-metro-north-initial-budget/download,2026-08-27T09:49:49-04:00
https://www.mass.gov/doc/fy19-new-bedford-budget-initial-budget/download,2026-08-27T09:49:49-04:00
https://www.mass.gov/doc/fy19-north-shore-initial-budget/download,2026-08-27T09:49:49-04:00
https://www.mass.gov/doc/fy19-worcester-initial-budget/download,2026-08-27T09:49:49-04:00
https://www.mass.gov/doc/dcs-info-14-241-resea-webinar-powerpoint-implementation-of-the-policy-and-procedure-updates/download,2026-08-27T09:49:49-04:00
https://www.mass.gov/doc/dcs-info-22-115-apprenticeship-information-session-announcement-springfield-jatc/download,2026-08-27T09:49:49-04:00
https://www.mass.gov/doc/dcs-info-22-115a-springfield-electrical-joint-apprenticeship-and-training-committee-jatc-information-session-announcement/download,2026-08-27T09:49:49-04:00
https://www.mass.gov/doc/berkshire-county-regional-fy19-pv/download,2026-08-27T09:49:49-04:00
https://www.mass.gov/doc/brockton-area-wib-fy19-pv/download,2026-08-27T09:44:15-04:00
https://www.mass.gov/doc/cape-cod-islands-wib-fy19-pv/download,2026-08-27T09:44:53-04:00
https://www.mass.gov/doc/city-of-fall-river-bristol-county-fy19-pv/download,2026-08-27T09:44:15-04:00
https://www.mass.gov/doc/city-of-lawrence-lower-merrimack-fy19-pv/download,2026-08-27T09:44:15-04:00
https://www.mass.gov/doc/city-of-lowell-fy19-pv/download,2026-08-27T09:44:15-04:00
https://www.mass.gov/doc/city-of-quincy-south-coastal-career-development-adm-fy19-pv/download,2026-08-27T09:44:15-04:00
https://www.mass.gov/doc/city-of-salem-north-shore-wib-fy19-pv/download,2026-08-27T09:44:15-04:00
https://www.mass.gov/doc/city-of-worcester-fy19-pv/download,2026-08-27T09:44:15-04:00
https://www.mass.gov/doc/economic-development-industrial-corporation-fy19-pv/download,2026-08-27T09:44:15-04:00
https://www.mass.gov/doc/franklin-hampshire-employment-training-consortium-fy19-pv/download,2026-08-27T09:44:15-04:00
https://www.mass.gov/doc/greater-new-bedford-area-wib-fy19-pv/download,2026-08-27T09:44:15-04:00
https://www.mass.gov/doc/metro-north-regional-employment-board-inc-fy19-pv/download,2026-08-27T09:44:15-04:00
https://www.mass.gov/doc/reb-of-hampden-county-inc-fy19-pv/download,2026-08-27T09:44:15-04:00
https://www.mass.gov/doc/fy19-brockton-budget-1/download,2026-08-27T09:49:49-04:00
https://www.mass.gov/doc/fy19-edic-budget-budget-1/download,2026-08-27T09:49:49-04:00
https://www.mass.gov/doc/fy19-fall-river-budget-1/download,2026-08-27T09:49:49-04:00
https://www.mass.gov/doc/military-and-veterans-photo-library-part-1-0/download,2026-08-27T09:42:42-04:00
https://www.mass.gov/doc/military-and-veterans-photo-library-part-1/download,2026-08-27T09:42:42-04:00
https://www.mass.gov/doc/general-office-photo-library-part-4/download,2026-08-27T09:42:42-04:00
https://www.mass.gov/doc/general-office-photo-library-part-5/download,2026-08-27T09:42:42-04:00
https://www.mass.gov/doc/dcs-info-05-144-cvs-beauty-is-ageless-event-cape-cod-and-boston/download,2026-08-27T09:48:56-04:00
https://www.mass.gov/doc/dcs-info-05-144a-beauty-is-ageless-event-flyer/download,2026-08-27T09:48:56-04:00
https://www.mass.gov/doc/dcs-info-05-145-workforce-forum-what-it-takes-to-move-beyond-an-entry-level-job/download,2026-08-27T09:48:56-04:00
https://www.mass.gov/doc/dcs-jp-info-04-2018-wioa-state-partner-infrastructure-contributions/download,2026-08-27T09:44:53-04:00
https://www.mass.gov/doc/dcs-info-14-246-increasing-academic-achievement-skillscommons-field-guide-of-taaccct-innovations-workforcegps-webinar/download,2026-08-27T09:48:56-04:00
https://www.mass.gov/doc/dcs-info-14-247-industry-recognized-apprenticeship-programs-a-new-approach-to-a-proven-model-workforcegps-webinar/download,2026-08-27T09:48:56-04:00
https://www.mass.gov/doc/dcs-info-14-248-implications-of-substanceopioid-misuse-and-addiction-for-the-workforce-development-system-workforcegps-webinar/download,2026-08-27T09:48:56-04:00
https://www.mass.gov/doc/dcs-info-05-146-outreach-to-individuals-with-plumbing-occupational-codes/download,2026-08-27T09:48:56-04:00
https://www.mass.gov/doc/mdcs-image/download,2026-08-27T09:48:56-04:00
https://www.mass.gov/doc/dcs-non-active-policy-04-105-wioa-local-4-year-plan-guidance/download,2026-08-27T09:47:18-04:00
https://www.mass.gov/doc/fy19-hampden-budget-3/download,2026-08-27T09:48:56-04:00
https://www.mass.gov/doc/fy19-brockton-budget-2/download,2026-08-27T09:48:56-04:00
https://www.mass.gov/doc/fy19-edic-budget-budget-3/download,2026-08-27T09:48:06-04:00
https://www.mass.gov/doc/fy19-metro-north-budget-2/download,2026-08-27T09:48:06-04:00
https://www.mass.gov/doc/october-15-2018-pay-equity-commission-meeting-agenda/download,2026-08-27T09:48:06-04:00
https://www.mass.gov/doc/dcs-info-14-249-expanding-opportunities-for-competitive-integrated-employment-webinar/download,2026-08-27T09:48:06-04:00
https://www.mass.gov/doc/dcs-info-14-250-federal-broadband-funding-policies-and-programs-to-connect-america-webinar/download,2026-08-27T09:48:06-04:00
https://www.mass.gov/doc/dcs-info-14-251-the-opioid-epidemic-what-we-know-and-how-we-connect-community-practices-webinar/download,2026-08-27T09:48:06-04:00
https://www.mass.gov/doc/fy19-berkshire-training-employment-budget-2-0/download,2026-08-27T09:48:06-04:00
https://www.mass.gov/doc/fy19-berkshire-training-employment-budget-3/download,2026-08-27T09:48:06-04:00
https://www.mass.gov/doc/fy19-brockton-budget-3/download,2026-08-27T09:48:06-04:00
https://www.mass.gov/doc/fy19-brockton-budget-4/download,2026-08-27T09:48:06-04:00
https://www.mass.gov/doc/fy19-brockton-budget-5/download,2026-08-27T09:48:06-04:00
https://www.mass.gov/doc/fy19-city-of-quincy-budget-sheet-2/download,2026-08-27T09:48:06-04:00
https://www.mass.gov/doc/fy19-city-of-quincy-budget-sheet-3/download,2026-08-27T09:48:06-04:00
https://www.mass.gov/doc/fy19-edic-budget-budget-5/download,2026-08-27T09:48:06-04:00
https://www.mass.gov/doc/fy19-edic-budget-budget-6/download,2026-08-27T09:48:06-04:00
https://www.mass.gov/doc/fy19-edic-budget-budget-7/download,2026-08-27T09:48:06-04:00
https://www.mass.gov/doc/fy19-fall-river-budget-2/download,2026-08-27T09:46:39-04:00
https://www.mass.gov/doc/fy19-fall-river-budget-3/download,2026-08-27T09:48:06-04:00
https://www.mass.gov/doc/fy19-franklin-hampshire-budget-2/download,2026-08-27T09:48:06-04:00
https://www.mass.gov/doc/fy19-franklin-hampshire-budget-3/download,2026-08-27T09:48:06-04:00
https://www.mass.gov/doc/fy19-hampden-budget-4/download,2026-08-27T09:48:06-04:00
https://www.mass.gov/doc/fy19-hampden-budget-5/download,2026-08-27T09:48:06-04:00
https://www.mass.gov/doc/fy19-hampden-budget-6/download,2026-08-27T09:48:06-04:00
https://www.mass.gov/doc/fy19-jtec-budget-2/download,2026-08-27T09:48:06-04:00
https://www.mass.gov/doc/fy19-jtec-budget-3/download,2026-08-27T09:46:39-04:00
https://www.mass.gov/doc/fy19-lowell-budget-3/download,2026-08-27T09:48:06-04:00
https://www.mass.gov/doc/fy19-lowell-budget-4/download,2026-08-27T09:48:06-04:00
https://www.mass.gov/doc/fy19-lower-merrimac-budget-1/download,2026-08-27T09:48:06-04:00
https://www.mass.gov/doc/fy19-metro-north-budget-4/download,2026-08-27T09:48:06-04:00
https://www.mass.gov/doc/fy19-metro-north-budget-5/download,2026-08-27T09:48:06-04:00
https://www.mass.gov/doc/fy19-metro-north-budget-6/download,2026-08-27T09:48:06-04:00
https://www.mass.gov/doc/fy19-metro-south-west-budget-1/download,2026-08-27T09:46:39-04:00
https://www.mass.gov/doc/fy19-metro-south-west-budget-2/download,2026-08-27T09:48:06-04:00
https://www.mass.gov/doc/fy19-new-bedford-budget-2/download,2026-08-27T09:46:39-04:00
https://www.mass.gov/doc/fy19-new-bedford-budget-3/download,2026-08-27T09:48:06-04:00
https://www.mass.gov/doc/fy19-new-bedford-budget-4/download,2026-08-27T09:44:53-04:00
https://www.mass.gov/doc/fy19-north-central-wib-budget-1-0/download,2026-08-27T09:48:06-04:00
https://www.mass.gov/doc/fy19-north-central-wib-budget-2/download,2026-08-27T09:48:06-04:00
https://www.mass.gov/doc/fy19-north-central-wib-budget-3/download,2026-08-27T09:48:06-04:00
https://www.mass.gov/doc/fy19-north-central-wib-budget-4/download,2026-08-27T09:44:53-04:00
https://www.mass.gov/doc/fy19-north-shore-budget-4/download,2026-08-27T09:46:39-04:00
https://www.mass.gov/doc/fy19-north-shore-budget-5/download,2026-08-27T09:48:06-04:00
https://www.mass.gov/doc/fy19-worcester-budget-2/download,2026-08-27T09:48:06-04:00
https://www.mass.gov/doc/fy19-worcester-budget-3/download,2026-08-27T09:48:06-04:00
https://www.mass.gov/doc/fvets2018/download,2026-08-27T09:48:06-04:00
https://www.mass.gov/doc/dcs-info-12-105-re-entry-workforce-development-demonstration-program-fy19-rfp/download,2026-08-27T09:48:06-04:00
https://www.mass.gov/doc/dcs-info-05-147-raising-the-floor-strategies-that-make-jobs-work-for-all/download,2026-08-27T09:48:06-04:00
https://www.mass.gov/doc/dcs-info-05-147a-raising-the-floor-agenda/download,2026-08-27T09:48:06-04:00
https://www.mass.gov/doc/dcs-info-09-113-fy2018-career-center-performance-reports-quarter-ending-june-30-2018/download,2026-08-27T09:48:06-04:00
https://www.mass.gov/doc/dcs-info-09-113a-tab00-table-of-contents/download,2026-08-27T09:48:06-04:00
https://www.mass.gov/doc/dcs-info-09-113b-tab01-executive-summary/download,2026-08-27T09:48:06-04:00
https://www.mass.gov/doc/dcs-info-09-113c-tab02-employer-summary/download,2026-08-27T09:47:18-04:00
https://www.mass.gov/doc/dcs-info-09-113d-tab03-job-seeker-summary/download,2026-08-27T09:47:18-04:00
https://www.mass.gov/doc/dcs-info-09-113e-tab04-veteran-summary/download,2026-08-27T09:47:18-04:00
https://www.mass.gov/doc/dcs-info-09-113f-tab05-res-summary/download,2026-08-27T09:47:18-04:00
https://www.mass.gov/doc/dcs-info-09-113g-tab06-title-i-adults-and-dislocated-worker-summary/download,2026-08-27T09:47:18-04:00
https://www.mass.gov/doc/dcs-info-09-113h-tab07-title-i-youth-summary/download,2026-08-27T09:47:18-04:00
https://www.mass.gov/doc/dcs-info-09-113i-tab08-national-emergency-grants-summary/download,2026-08-27T09:47:18-04:00
https://www.mass.gov/doc/dcs-info-09-113j-tab09-trade-summary/download,2026-08-27T09:47:18-04:00
https://www.mass.gov/doc/dcs-info-09-113k-tab10-labor-exchange-quarter-performance-summary/download,2026-08-27T09:47:18-04:00
https://www.mass.gov/doc/dcs-info-09-113l-tab11-title-i-performance/download,2026-08-27T09:47:18-04:00
https://www.mass.gov/doc/dcs-info-09-113m-tab12-trade-performance-summary/download,2026-08-27T09:47:18-04:00
https://www.mass.gov/doc/dcs-info-09-113n-tab13-performance-cohorts/download,2026-08-27T09:47:18-04:00
https://www.mass.gov/doc/dcs-info-14-252-apprenti-massachusetts-tech-apprenticeships-information-session-webinar/download,2026-08-27T09:47:18-04:00
https://www.mass.gov/doc/dcs-info-14-253-our-journey-together-work-experiences-in-rural-areas-corps-and-workforce-partnerships-webinar/download,2026-08-27T09:47:18-04:00
https://www.mass.gov/doc/dcs-info-02-126-setting-up-workdocs-in-the-amazon-workspaces-environment/download,2026-08-27T09:47:18-04:00
https://www.mass.gov/doc/dcs-info-02-127-moses-version-368-will-be-released-on-november-15-201/download,2026-08-27T09:47:18-04:00
https://www.mass.gov/doc/dcs-info-22-117-apprenticeship-information-session-announcement-tradeswomen-tuesdays/download,2026-08-27T09:47:18-04:00
https://www.mass.gov/doc/dcs-info-22-117a-tradeswomen-tuesday-flyer/download,2026-08-27T09:47:18-04:00
https://www.mass.gov/doc/dcs-info-14-254-trade-adjustment-assistance-taa-case-management-webinar/download,2026-08-27T09:47:18-04:00
https://www.mass.gov/doc/title-i-participant-outcomes/download,2026-08-27T09:44:15-04:00
https://www.mass.gov/doc/title-i-participant-training-and-outcomes/download,2026-08-27T09:43:27-04:00
https://www.mass.gov/doc/wioa-youth-program-elements-v01/download,2026-08-27T09:47:18-04:00
https://www.mass.gov/doc/resea-potential-attainments/download,2026-08-27T09:43:27-04:00
https://www.mass.gov/doc/resea-attended-ccs-no-initial-resea/download,2026-08-27T09:44:15-04:00
https://www.mass.gov/doc/resea-enrollments-outreach/download,2026-08-27T09:47:18-04:00
https://www.mass.gov/doc/resea-mail-email-export-60-dayers/download,2026-08-27T09:47:18-04:00
https://www.mass.gov/doc/resea-rainbow-report/download,2026-08-27T09:43:27-04:00
https://www.mass.gov/doc/resea-sanctions-attainments/download,2026-08-27T09:42:42-04:00
https://www.mass.gov/doc/veterans-caseload-report/download,2026-08-27T09:44:15-04:00
https://www.mass.gov/doc/veterans-enrolled-in-vr-and-e-by-career-center/download,2026-08-27T09:47:18-04:00
https://www.mass.gov/doc/veterans-labels-a/download,2026-08-27T09:47:18-04:00
https://www.mass.gov/doc/veterans-receiving-career-center-services/download,2026-08-27T09:47:18-04:00
https://www.mass.gov/doc/veterans-staff-caseload/download,2026-08-27T09:47:18-04:00
https://www.mass.gov/doc/veterans-staff-sservices-to-non-vets/download,2026-08-27T09:47:18-04:00
https://www.mass.gov/doc/veterans-with-significant-barriers/download,2026-08-27T09:44:53-04:00
https://www.mass.gov/doc/dcs-policy-03-107-conflict-of-interest-code-of-conduct/download,2026-08-27T09:47:18-04:00
https://www.mass.gov/doc/dcs-policy-03-107a-mwb-conflict-of-interest-policy-and-code-of-conduct-board-member-form/download,2026-08-27T09:47:18-04:00
https://www.mass.gov/doc/dcs-policy-03-107b-mwb-conflict-of-interest-policy-and-code-of-conduct-standing-committee-mwb-staff-and-sub-contractor-staff-form/download,2026-08-27T09:47:18-04:00
https://www.mass.gov/doc/dcs-policy-03-107c-disclosure-of-conflicts-of-interest-form/download,2026-08-27T09:47:18-04:00
https://www.mass.gov/doc/dcs-info-14-255-disaster-unemployment-assistance-online-training-available/download,2026-08-27T09:47:18-04:00
https://www.mass.gov/doc/dcs-info-14-256-resea-re-employment-services-and-eligibility-assessment-resea-trainings/download,2026-08-27T09:47:18-04:00
https://www.mass.gov/doc/dcs-jpp-01-2017-2-regional-planning-a-workforce-skills-cabinet-initiative/download,2026-08-27T09:47:18-04:00
https://www.mass.gov/doc/dcs-jpp-01-2017-2g-regional-planning-mid-point-report/download,2026-08-27T09:47:18-04:00
https://www.mass.gov/doc/dcs-info-25-165-apprenticeship-expansion-related-technical-instruction-rti-grant-rfr/download,2026-08-27T09:47:18-04:00
https://www.mass.gov/doc/dcs-policy-04-105-1-wioa-local-4-year-plan-guidance/download,2026-08-27T09:44:15-04:00
https://www.mass.gov/doc/mdcs-career-center-map/download,2026-08-27T09:44:15-04:00
https://www.mass.gov/doc/dcs-info-14-257-trade-adjustment-assistance-training/download,2026-08-27T09:47:18-04:00
https://www.mass.gov/doc/dcs-policy-08-116-priority-of-service-for-jobseeker-customers/download,2026-08-27T09:44:15-04:00
https://www.mass.gov/doc/dcs-policy-08-116a-examples-of-local-area-priority-of-service-populations/download,2026-08-27T09:46:39-04:00
https://www.mass.gov/doc/dcs-policy-08-116b-definitions/download,2026-08-27T09:46:39-04:00
https://www.mass.gov/doc/fy19-brockton-budget-7/download,2026-08-27T09:46:39-04:00
https://www.mass.gov/doc/fy19-city-of-quincy-budget-sheet-5/download,2026-08-27T09:46:39-04:00
https://www.mass.gov/doc/fy19-edic-budget-9/download,2026-08-27T09:46:39-04:00
https://www.mass.gov/doc/fy19-franklin-hampshire-budget-5/download,2026-08-27T09:46:39-04:00
https://www.mass.gov/doc/fy19-hampden-budget-8/download,2026-08-27T09:46:39-04:00
https://www.mass.gov/doc/fy19-jtec-budget-5/download,2026-08-27T09:46:39-04:00
https://www.mass.gov/doc/fy19-lowell-budget-6/download,2026-08-27T09:46:39-04:00
https://www.mass.gov/doc/fy19-metro-north-budget-8/download,2026-08-27T09:46:39-04:00
https://www.mass.gov/doc/fy19-metro-south-west-budget-4/download,2026-08-27T09:46:39-04:00
https://www.mass.gov/doc/fy19-new-bedford-budget-6/download,2026-08-27T09:46:39-04:00
https://www.mass.gov/doc/fy19-north-central-wib-budget-6/download,2026-08-27T09:46:39-04:00
https://www.mass.gov/doc/dcs-policy-08-117-masshire-career-center-situational-office-closings/download,2026-08-27T09:44:15-04:00
https://www.mass.gov/doc/dta-wpp-enrollments/download,2026-08-27T09:44:15-04:00
https://www.mass.gov/doc/fy19-new-bedford-budget-7/download,2026-08-27T09:46:39-04:00
https://www.mass.gov/doc/fy19-hampden-budget-9/download,2026-08-27T09:46:39-04:00
https://www.mass.gov/doc/dcs-info-14-258-certified-nursing-assistant-free-training-program-available/download,2026-08-27T09:46:39-04:00
https://www.mass.gov/doc/dcs-info-14-258a-care-one-cna-training-program-flyer/download,2026-08-27T09:46:39-04:00
https://www.mass.gov/doc/dcs-info-14-259-unemployment-insurance-ui-online-navigation-training/download,2026-08-27T09:46:39-04:00
https://www.mass.gov/doc/fy19-hampden-budget-10/download,2026-08-27T09:44:15-04:00
https://www.mass.gov/doc/fy19-metro-south-west-budget-5/download,2026-08-27T09:46:39-04:00
https://www.mass.gov/doc/fy19-worcester-budget-5/download,2026-08-27T09:44:15-04:00
https://www.mass.gov/doc/thrp1-participant-list-v01/download,2026-08-27T09:46:39-04:00
https://www.mass.gov/doc/thrp2-training-enrollments-v01/download,2026-08-27T09:46:39-04:00
https://www.mass.gov/doc/thrp3-demographics1-v01/download,2026-08-27T09:46:39-04:00
https://www.mass.gov/doc/thrp4-demographics2-v01/download,2026-08-27T09:46:39-04:00
https://www.mass.gov/doc/thrp1-participant-list-v01-example/download,2026-08-27T09:46:39-04:00
https://www.mass.gov/doc/thrp2-training-enrollments-v01-example/download,2026-08-27T09:46:39-04:00
https://www.mass.gov/doc/thrp3-demographics1-v01-example/download,2026-08-27T09:46:39-04:00
https://www.mass.gov/doc/thrp4-demographics2-v01-example/download,2026-08-27T09:46:39-04:00
https://www.mass.gov/doc/ita-pending-provider-approvals-v02/download,2026-08-27T09:46:39-04:00
https://www.mass.gov/doc/ita-pending-course-approvals-v01/download,2026-08-27T09:46:39-04:00
https://www.mass.gov/doc/ita-approved-programs-region-a/download,2026-08-27T09:46:39-04:00
https://www.mass.gov/doc/ita-approved-programs-statewide-a/download,2026-08-27T09:46:39-04:00
https://www.mass.gov/doc/company-layoff-labels-b4/download,2026-08-27T09:46:39-04:00
https://www.mass.gov/doc/layoff-ids-and-related-companies-a/download,2026-08-27T09:46:39-04:00
https://www.mass.gov/doc/taa-benchmarks-report-for-completion-tra-eligibility-v2/download,2026-08-27T09:46:39-04:00
https://www.mass.gov/doc/taa-training-approvals/download,2026-08-27T09:46:39-04:00
https://www.mass.gov/doc/trade-application-1666/download,2026-08-27T09:46:39-04:00
https://www.mass.gov/doc/trade-hearings/download,2026-08-27T09:46:39-04:00
https://www.mass.gov/doc/trade-waiver/download,2026-08-27T09:46:39-04:00
https://www.mass.gov/doc/dcs-info-31-100-masshire-awards/download,2026-08-27T09:46:39-04:00
https://www.mass.gov/doc/dcs-info-31-100a-masshire-awards-categories/download,2026-08-27T09:46:39-04:00
https://www.mass.gov/doc/dcs-info-31-100b-award-eligibility-criteria-nomination-process-and-submission-review/download,2026-08-27T09:46:39-04:00
https://www.mass.gov/doc/dcs-info-31-100c-nomination-timeline/download,2026-08-27T09:46:04-04:00
https://www.mass.gov/doc/dcs-info-31-100d-nomination-form-parts-a-b-c/download,2026-08-27T09:46:04-04:00
https://www.mass.gov/doc/dcs-info-31-100e-masshire-awards-flyer/download,2026-08-27T09:46:04-04:00
https://www.mass.gov/doc/employers-j-example/download,2026-08-27T09:46:04-04:00
https://www.mass.gov/doc/employers-j/download,2026-08-27T09:46:04-04:00
https://www.mass.gov/doc/employers-by-industry-by-city-d/download,2026-08-27T09:46:04-04:00
https://www.mass.gov/doc/employers-by-industry-by-city-d-example/download,2026-08-27T09:46:04-04:00
https://www.mass.gov/doc/career-center-specific-progam-report-by-fy-y4/download,2026-08-27T09:46:04-04:00
https://www.mass.gov/doc/career-center-specific-progam-report-by-fy-example/download,2026-08-27T09:46:04-04:00
https://www.mass.gov/doc/career-center-specific-progam-report-with-start-date-y5/download,2026-08-27T09:46:04-04:00
https://www.mass.gov/doc/career-center-specific-progam-report-with-start-date-example/download,2026-08-27T09:46:04-04:00
https://www.mass.gov/doc/career-center-specific-program-report-with-start-date-labels-b5/download,2026-08-27T09:46:04-04:00
https://www.mass.gov/doc/career-center-specific-program-report-with-start-date-labels-example/download,2026-08-27T09:46:04-04:00
https://www.mass.gov/doc/dcs-info-14-260-customer-service-training/download,2026-08-27T09:46:04-04:00
https://www.mass.gov/doc/dcs-info-29-105-disabilityin-mentorship-exchange-program/download,2026-08-27T09:46:04-04:00
https://www.mass.gov/doc/dcs-info-29-105a-flyer/download,2026-08-27T09:46:04-04:00
https://www.mass.gov/doc/fy19-berkshire-training-employment-budget-5/download,2026-08-27T09:46:04-04:00
https://www.mass.gov/doc/fy19-brockton-budget-8/download,2026-08-27T09:46:04-04:00
https://www.mass.gov/doc/fy19-city-of-quincy-budget-sheet-6/download,2026-08-27T09:46:04-04:00
https://www.mass.gov/doc/fy19-edic-budget-10/download,2026-08-27T09:46:04-04:00
https://www.mass.gov/doc/fy19-franklin-hampshire-budget-6/download,2026-08-27T09:46:04-04:00
https://www.mass.gov/doc/fy19-hampden-budget-11/download,2026-08-27T09:46:04-04:00
https://www.mass.gov/doc/fy19-jtec-budget-6/download,2026-08-27T09:46:04-04:00
https://www.mass.gov/doc/fy19-lowell-budget-7/download,2026-08-27T09:46:04-04:00
https://www.mass.gov/doc/fy19-lower-merrimac-budget-3/download,2026-08-27T09:46:04-04:00
https://www.mass.gov/doc/fy19-metro-north-budget-9/download,2026-08-27T09:46:04-04:00
https://www.mass.gov/doc/fy19-north-central-wib-budget-7/download,2026-08-27T09:46:04-04:00
https://www.mass.gov/doc/fy19-worcester-budget-6/download,2026-08-27T09:46:04-04:00
https://www.mass.gov/doc/employer-services-usage/download,2026-08-27T09:46:04-04:00
https://www.mass.gov/doc/employers-no-svc-within-n-days-with-contact-info-0/download,2026-08-27T09:46:04-04:00
https://www.mass.gov/doc/employers-with-start-date-and-contact-info/download,2026-08-27T09:46:04-04:00
https://www.mass.gov/doc/employers-with-start-date-labels-0/download,2026-08-27T09:46:04-04:00
https://www.mass.gov/doc/job-openings-by-industry-by-occupation/download,2026-08-27T09:46:04-04:00
https://www.mass.gov/doc/job-fair-report/download,2026-08-27T09:44:15-04:00
https://www.mass.gov/doc/job-order-referrals-crystal-report/download,2026-08-27T09:46:04-04:00
https://www.mass.gov/doc/job-orders-by-industry-and-city-crystal-report/download,2026-08-27T09:46:04-04:00
https://www.mass.gov/doc/job-referral-pending-report-crystal-report/download,2026-08-27T09:46:04-04:00
https://www.mass.gov/doc/dcs-info-09-114a-tab00-table-of-contents/download,2026-08-27T09:46:04-04:00
https://www.mass.gov/doc/dcs-info-09-114b-tab01-executive-summary/download,2026-08-27T09:46:04-04:00
https://www.mass.gov/doc/dcs-info-09-114c-tab02-employer-summary/download,2026-08-27T09:44:53-04:00
https://www.mass.gov/doc/dcs-info-09-114d-tab03-job-seeker-summary/download,2026-08-27T09:46:04-04:00
https://www.mass.gov/doc/dcs-info-09-114e-tab04-veteran-summary/download,2026-08-27T09:46:04-04:00
https://www.mass.gov/doc/dcs-info-09-114f-tab05-res-summary/download,2026-08-27T09:46:04-04:00
https://www.mass.gov/doc/dcs-info-09-114g-tab06-title-i-adults-and-dislocated-worker-summary/download,2026-08-27T09:44:53-04:00
https://www.mass.gov/doc/dcs-info-09-114h-tab07-title-i-youth-summary/download,2026-08-27T09:44:53-04:00
https://www.mass.gov/doc/dcs-info-09-114i-tab08-national-dislocated-worker-grants-summary/download,2026-08-27T09:46:04-04:00
https://www.mass.gov/doc/dcs-info-09-114j-tab09-trade-summary/download,2026-08-27T09:46:04-04:00
https://www.mass.gov/doc/dcs-info-09-114k-tab10-labor-exchange-quarter-performance-summary/download,2026-08-27T09:46:04-04:00
https://www.mass.gov/doc/dcs-info-09-114l-tab11-title-i-performance/download,2026-08-27T09:46:04-04:00
https://www.mass.gov/doc/dcs-info-09-114m-tab12-trade-performance-summary/download,2026-08-27T09:46:04-04:00
https://www.mass.gov/doc/dcs-info-09-114n-tab13-performance-cohorts/download,2026-08-27T09:44:53-04:00
https://www.mass.gov/doc/dcs-info-09-114-fy2019-career-center-performance-reports-quarter-ending-september-2018/download,2026-08-27T09:44:53-04:00
https://www.mass.gov/doc/dcs-info-05-148-massachusetts-rehabilitation-commission-vocational-rehabilitation-state/download,2026-08-27T09:44:53-04:00
https://www.mass.gov/doc/dcs-info-05-148a-mrc-draft-order-of-selection-policy/download,2026-08-27T09:44:53-04:00
https://www.mass.gov/doc/dcs-info-14-261-benefits-counseling-training-opportunity-through-work-without-limits/download,2026-08-27T09:44:53-04:00
https://www.mass.gov/doc/dashboard-report-crystal-report/download,2026-08-27T09:44:53-04:00
https://www.mass.gov/doc/program-enr-and-term-not-customized-crystal-report/download,2026-08-27T09:44:53-04:00
https://www.mass.gov/doc/dcs-info-25-166-heal-initiative-department-of-health-human-services-funding-opportunities/download,2026-08-27T09:44:53-04:00
https://www.mass.gov/doc/dcs-info-31-101-masshire-social-media-campaign/download,2026-08-27T09:44:53-04:00
https://www.mass.gov/doc/dcs-info-31-101a-masshire-paid-social-media-announcement/download,2026-08-27T09:44:53-04:00
https://www.mass.gov/doc/dcs-info-31-101b-masshire-social-media-request-form/download,2026-08-27T09:44:53-04:00
https://www.mass.gov/doc/dcs-info-14-262-wioa-title-i-adult-dislocated-worker-and-youth-training/download,2026-08-27T09:44:53-04:00
https://www.mass.gov/doc/dcs-info-25-167-apprenticeship-expansion-innovation-grant-rfr/download,2026-08-27T09:44:53-04:00
https://www.mass.gov/doc/osccar-crystal-report-view/download,2026-08-27T09:44:53-04:00
https://www.mass.gov/doc/osccar-crystal-report-view-example/download,2026-08-27T09:44:53-04:00
https://www.mass.gov/doc/osccar-customers-served-crystal-report/download,2026-08-27T09:44:53-04:00
https://www.mass.gov/doc/osccar-customers-served-example/download,2026-08-27T09:44:53-04:00
https://www.mass.gov/doc/osccar-entered-employment-crystal-report/download,2026-08-27T09:44:15-04:00
https://www.mass.gov/doc/osccar-entered-employment-example/download,2026-08-27T09:44:53-04:00
https://www.mass.gov/doc/osccar-reports-by-fiscal-year-crystal-report/download,2026-08-27T09:44:53-04:00
https://www.mass.gov/doc/osccar-reports-by-fiscal-year-example/download,2026-08-27T09:44:53-04:00
https://www.mass.gov/doc/osccar-reports-comparison-of-fiscal-years-by-month-crystal-report/download,2026-08-27T09:44:53-04:00
https://www.mass.gov/doc/osccar-reports-comparison-of-fiscal-years-by-month-example/download,2026-08-27T09:44:53-04:00
https://www.mass.gov/doc/osccar-reports-multiple-locations-crystal-report/download,2026-08-27T09:44:53-04:00
https://www.mass.gov/doc/osccar-reports-multiple-locations-example/download,2026-08-27T09:44:53-04:00
https://www.mass.gov/doc/service-by-community-crystal-report/download,2026-08-27T09:44:53-04:00
https://www.mass.gov/doc/service-by-community-example/download,2026-08-27T09:44:53-04:00
https://www.mass.gov/doc/dcs-jp-info-01-2019-work-participant-program-wpp-services-guidance/download,2026-08-27T09:41:20-04:00
https://www.mass.gov/doc/dcs-info-13-112-co-enrollment-and-trade-adjustment-assistance-taa-participant-reporting/download,2026-08-27T09:41:20-04:00
https://www.mass.gov/doc/dcs-info-13-112a-taa-and-dw-co-enrollment-faq-1-perceived-barriers-of-cost-performance/download,2026-08-27T09:41:20-04:00
https://www.mass.gov/doc/dcs-info-13-112b-taa-and-dw-co-enrollment-faq-2-perceived-barriers-of-differing-eligibility-benefitservice-provision/download,2026-08-27T09:41:20-04:00
https://www.mass.gov/doc/dcs-info-13-112c-taa-and-dw-co-enrollment-faq-3-taadi-and-pirl/download,2026-08-27T09:41:20-04:00
https://www.mass.gov/doc/fy19-berkshire-training-employment-budget-2a/download,2026-08-27T09:41:20-04:00
https://www.mass.gov/doc/fy19-berkshire-training-employment-budget-4/download,2026-08-27T09:41:20-04:00
https://www.mass.gov/doc/fy19-berkshire-training-employment-budget-6/download,2026-08-27T09:41:20-04:00
https://www.mass.gov/doc/fy19-edic-budget-4/download,2026-08-27T09:41:20-04:00
https://www.mass.gov/doc/fy19-edic-budget-8/download,2026-08-27T09:41:20-04:00
https://www.mass.gov/doc/fy18-berkshire-budget-sheet-15/download,2026-08-27T09:41:20-04:00
https://www.mass.gov/doc/fy19-fall-river-budget-2b/download,2026-08-27T09:41:20-04:00
https://www.mass.gov/doc/fy19-fall-river-budget-5/download,2026-08-27T09:41:20-04:00
https://www.mass.gov/doc/fy19-lowell-budget-2b/download,2026-08-27T09:41:20-04:00
https://www.mass.gov/doc/fy19-metro-south-west-budget-1b/download,2026-08-27T09:41:20-04:00
https://www.mass.gov/doc/fy19-metro-south-west-budget-6/download,2026-08-27T09:41:20-04:00
https://www.mass.gov/doc/fy19-new-bedford-budget-2b/download,2026-08-27T09:41:20-04:00
https://www.mass.gov/doc/fy19-new-bedford-budget-8/download,2026-08-27T09:41:20-04:00
https://www.mass.gov/doc/fy19-north-shore-budget-4b/download,2026-08-27T09:41:20-04:00
https://www.mass.gov/doc/fy19-north-shore-budget-7/download,2026-08-27T09:41:20-04:00
https://www.mass.gov/doc/fy19-berkshire-training-employment-initial-budget/download,2026-08-27T09:41:20-04:00
https://www.mass.gov/doc/fy19-fall-river-budget-4/download,2026-08-27T09:41:20-04:00
https://www.mass.gov/doc/fy19-metro-south-west-budget-3/download,2026-08-27T09:41:20-04:00
https://www.mass.gov/doc/dcs-info-15-115-veterans-eligible-for-1-year-of-free-linkedin-premium-service/download,2026-08-27T09:41:20-04:00
https://www.mass.gov/doc/dcs-info-15-115a-veteranslinkedin-premium-flyer/download,2026-08-27T09:41:20-04:00
https://www.mass.gov/doc/dcs-info-10-103-mdcs-fy19-program-field-management-and-oversight-review-schedule/download,2026-08-27T09:40:00-04:00
https://www.mass.gov/doc/dcs-info-10-103a-review-schedule/download,2026-08-27T09:40:00-04:00
https://www.mass.gov/doc/dcs-policy-10-103-masshire-department-of-career-services-annual-monitoring-of-masshire-workforce-boards/download,2026-08-27T09:40:00-04:00
https://www.mass.gov/doc/dcs-info-14-263-benefits-counseling-training-opportunity-through-work-without-limits/download,2026-08-27T09:35:20-04:00
https://www.mass.gov/doc/basic-enewsletter-template/download,2026-08-27T09:40:00-04:00
https://www.mass.gov/doc/dcs-info-14-264-wioa-joint-data-validation-overview-workforcegps-webinar/download,2026-08-27T09:40:00-04:00
https://www.mass.gov/doc/fy19-berkshire-training-employment-budget-7/download,2026-08-27T09:40:00-04:00
https://www.mass.gov/doc/fy19-berkshire-training-employment-budget-8/download,2026-08-27T09:40:00-04:00
https://www.mass.gov/doc/fy19-berkshire-training-employment-budget-9/download,2026-08-27T09:40:00-04:00
https://www.mass.gov/doc/fy19-brockton-budget-9/download,2026-08-27T09:40:00-04:00
https://www.mass.gov/doc/fy19-brockton-budget-10/download,2026-08-27T09:40:00-04:00
https://www.mass.gov/doc/fy19-city-of-quincy-budget-sheet-7/download,2026-08-27T09:40:00-04:00
https://www.mass.gov/doc/fy19-city-of-quincy-budget-sheet-8/download,2026-08-27T09:40:00-04:00
https://www.mass.gov/doc/fy19-edic-budget-11/download,2026-08-27T09:40:00-04:00
https://www.mass.gov/doc/fy19-fall-river-budget-6/download,2026-08-27T09:40:00-04:00
https://www.mass.gov/doc/fy19-fall-river-budget-7/download,2026-08-27T09:40:00-04:00
https://www.mass.gov/doc/fy19-franklin-hampshire-budget-7/download,2026-08-27T09:40:00-04:00
https://www.mass.gov/doc/fy19-franklin-hampshire-budget-8/download,2026-08-27T09:40:00-04:00
https://www.mass.gov/doc/fy19-hampden-budget-12/download,2026-08-27T09:40:00-04:00
https://www.mass.gov/doc/fy19-hampden-budget-13/download,2026-08-27T09:40:00-04:00
https://www.mass.gov/doc/fy19-jtec-budget-7/download,2026-08-27T09:40:00-04:00
https://www.mass.gov/doc/fy19-jtec-budget-8/download,2026-08-27T09:40:00-04:00
https://www.mass.gov/doc/fy19-lowell-budget-8/download,2026-08-27T09:40:00-04:00
https://www.mass.gov/doc/fy19-lowell-budget-9/download,2026-08-27T09:40:00-04:00
https://www.mass.gov/doc/fy19-lower-merrimac-budget-6/download,2026-08-27T09:40:00-04:00
https://www.mass.gov/doc/fy19-lower-merrimac-budget-7/download,2026-08-27T09:40:00-04:00
https://www.mass.gov/doc/fy19-ma-reg-employment-board-assoc-budget-sheet-1-0/download,2026-08-27T09:40:00-04:00
https://www.mass.gov/doc/fy19-metro-north-budget-10/download,2026-08-27T09:40:00-04:00
https://www.mass.gov/doc/fy19-metro-north-budget-11/download,2026-08-27T09:40:00-04:00
https://www.mass.gov/doc/fy19-metro-south-west-budget-7/download,2026-08-27T09:40:00-04:00
https://www.mass.gov/doc/fy19-metro-south-west-budget-8/download,2026-08-27T09:40:00-04:00
https://www.mass.gov/doc/fy19-new-bedford-budget-9/download,2026-08-27T09:40:00-04:00
https://www.mass.gov/doc/fy19-new-bedford-budget-10/download,2026-08-27T09:40:00-04:00
https://www.mass.gov/doc/fy19-north-central-wib-budget-8/download,2026-08-27T09:40:00-04:00
https://www.mass.gov/doc/fy19-north-central-wib-budget-9/download,2026-08-27T09:40:00-04:00
https://www.mass.gov/doc/fy19-north-shore-budget-9/download,2026-08-27T09:40:00-04:00
https://www.mass.gov/doc/fy19-north-shore-budget-10/download,2026-08-27T09:40:00-04:00
https://www.mass.gov/doc/fy19-worcester-budget-8/download,2026-08-27T09:40:00-04:00
https://www.mass.gov/doc/fy19-worcester-budget-9/download,2026-08-27T09:40:00-04:00
https://www.mass.gov/doc/dcs-info-14-265-solving-industry-challenges-using-competency-models-workforcegps-webinar/download,2026-08-27T09:40:00-04:00
https://www.mass.gov/doc/fy19-north-shore-budget-11/download,2026-08-27T09:40:00-04:00
https://www.mass.gov/doc/dcs-info-15-116-hire-vets-medallion-program/download,2026-08-27T09:40:00-04:00
https://www.mass.gov/doc/dcs-info-19-110-signal-success-curriculum-and-wioa-youth-program-elements-crosswalk/download,2026-08-27T09:40:00-04:00
https://www.mass.gov/doc/dcs-info-19-110a-signal-success-curriculum-connect-chart/download,2026-08-27T09:40:00-04:00
https://www.mass.gov/doc/dcs-info-14-266-overview-of-addiction-recovery-and-available-resources-trainings/download,2026-08-27T09:40:00-04:00
https://www.mass.gov/doc/dcs-info-14-267-work-without-limits-raise-the-bar-hire-2019-conference-announcement/download,2026-08-27T09:40:00-04:00
https://www.mass.gov/doc/dcs-policy-03-108-public-information-and-records-request/download,2026-08-27T09:40:00-04:00
https://www.mass.gov/doc/fy19-berkshire-training-employment-budget-10/download,2026-08-27T09:38:38-04:00
https://www.mass.gov/doc/fy19-brockton-budget-11/download,2026-08-27T09:38:38-04:00
https://www.mass.gov/doc/fy19-city-of-quincy-budget-sheet-9/download,2026-08-27T09:38:38-04:00
https://www.mass.gov/doc/fy19-edic-budget-13/download,2026-08-27T09:38:38-04:00
https://www.mass.gov/doc/fy19-fall-river-budget-8/download,2026-08-27T09:38:38-04:00
https://www.mass.gov/doc/fy19-franklin-hampshire-budget-9/download,2026-08-27T09:38:38-04:00
https://www.mass.gov/doc/fy19-hampden-budget-14/download,2026-08-27T09:38:38-04:00
https://www.mass.gov/doc/fy19-jtec-budget-9/download,2026-08-27T09:38:38-04:00
https://www.mass.gov/doc/fy19-lowell-budget-10/download,2026-08-27T09:38:38-04:00
https://www.mass.gov/doc/fy19-lower-merrimac-budget-8/download,2026-08-27T09:38:38-04:00
https://www.mass.gov/doc/fy19-metro-north-budget-12/download,2026-08-27T09:38:38-04:00
https://www.mass.gov/doc/fy19-metro-south-west-budget-9/download,2026-08-27T09:38:38-04:00
https://www.mass.gov/doc/fy19-new-bedford-budget-11/download,2026-08-27T09:38:38-04:00
https://www.mass.gov/doc/fy19-north-central-wib-budget-10/download,2026-08-27T09:38:38-04:00
https://www.mass.gov/doc/fy19-north-shore-budget-12/download,2026-08-27T09:38:38-04:00
https://www.mass.gov/doc/fy19-worcester-budget-10/download,2026-08-27T09:38:38-04:00
https://www.mass.gov/doc/dcs-info-14-268-massachusetts-rehabilitation-commission-and-masshire-department-of-career-services-cross-training-sessions/download,2026-08-27T09:38:38-04:00
https://www.mass.gov/doc/dcs-policy-03-109-massachusetts-identity-theft-legislation/download,2026-08-27T09:38:38-04:00
https://www.mass.gov/doc/dcs-policy-03-110-job-order-and-referral-policy-with-respect-to-labor-disputes/download,2026-08-27T09:38:38-04:00
https://www.mass.gov/doc/dcs-policy-03-110a-notice-to-job-seeker-forms-job-order-referral-internet-referral/download,2026-08-27T09:38:38-04:00
https://www.mass.gov/doc/archive-nomination-form-for-correctional-employee-of-the-year-awards/download,2026-08-27T01:00:11-04:00
https://www.mass.gov/doc/dcs-info-22-118-apprenticeship-recruitment-announcement-heat-frost-insulators/download,2026-08-27T09:38:38-04:00
https://www.mass.gov/doc/dcs-info-22-118a-international-association-of-heat-frost-insulators-and-allied-workers-union-application-announcement/download,2026-08-27T09:38:38-04:00
https://www.mass.gov/doc/fy19-brockton-budget-6/download,2026-08-27T09:38:38-04:00
https://www.mass.gov/doc/fy19-jtec-budget-1/download,2026-08-27T09:38:38-04:00
https://www.mass.gov/doc/fy19-jtec-budget-4/download,2026-08-27T09:38:38-04:00
https://www.mass.gov/doc/dcs-info-19-111-youthbuild-grants-awarded-to-massachusetts/download,2026-08-27T09:38:38-04:00
https://www.mass.gov/doc/fy19-franklin-hampshire-budget-4/download,2026-08-27T09:38:38-04:00
https://www.mass.gov/doc/fy19-hampden-budget-7/download,2026-08-27T09:38:38-04:00
https://www.mass.gov/doc/fy19-lower-merrimac-budget-2/download,2026-08-27T09:38:38-04:00
https://www.mass.gov/doc/fy19-lower-merrimac-budget-5/download,2026-08-27T09:38:38-04:00
https://www.mass.gov/doc/fy19-lower-merrimack-initial-a-budget/download,2026-08-27T09:38:38-04:00
https://www.mass.gov/doc/fy19-new-bedford-budget-5/download,2026-08-27T09:38:38-04:00
https://www.mass.gov/doc/fy19-worcester-budget-4/download,2026-08-27T09:38:38-04:00
https://www.mass.gov/doc/fy19-worcester-budget-7/download,2026-08-27T09:38:38-04:00
https://www.mass.gov/doc/fy19-lower-merrimac-budget-4/download,2026-08-27T09:38:38-04:00
https://www.mass.gov/doc/sbmp-direct-service-claiming-dsc-guide-updated-july-31-2026-0/download,2026-08-27T10:25:18-04:00
https://www.mass.gov/doc/sbmp-direct-service-claiming-dsc-guide-updated-july-31-2026/download,2026-08-27T10:24:49-04:00
https://www.mass.gov/doc/dcs-policy-15-102-additional-population-of-veterans-and-other-populations-eligible-for-services-from-disabled-veterans-outreach-program-specialists/download,2026-08-27T09:38:38-04:00
https://www.mass.gov/doc/dcs-policy-15-102a-veterans-program-letter-vpl-no-03-19-issued-february-7-2019/download,2026-08-27T09:38:38-04:00
https://www.mass.gov/doc/dcs-jp-policy-02-2019-fy19-wioa-state-partner-infrastructure-contributions/download,2026-08-27T09:37:04-04:00
https://www.mass.gov/doc/call-list-no-service-in-n-days/download,2026-08-27T09:38:38-04:00
https://www.mass.gov/doc/call-list-no-services-in-n-days-with-admin/download,2026-08-27T09:38:38-04:00
https://www.mass.gov/doc/mailing-labels-no-svc-in-n-days/download,2026-08-27T09:38:38-04:00
https://www.mass.gov/doc/mailing-list-no-svc-in-n-days-export-d/download,2026-08-27T09:38:38-04:00
https://www.mass.gov/doc/dcs-info-14-269-resea-re-employment-services-and-eligibility-assessment-resea-training/download,2026-08-27T09:38:38-04:00
https://www.mass.gov/doc/dcs-info-14-270-unemployment-insurance-ui-online-navigation-training/download,2026-08-27T09:38:38-04:00
https://www.mass.gov/doc/fy19-hampden-budget-15/download,2026-08-27T09:38:38-04:00
https://www.mass.gov/doc/fy19-berkshire-training-employment-budget-11/download,2026-08-27T09:38:38-04:00
https://www.mass.gov/doc/fy19-edic-budget-12/download,2026-08-27T09:38:38-04:00
https://www.mass.gov/doc/fy19-edic-budget-14/download,2026-08-27T09:37:04-04:00
https://www.mass.gov/doc/fy19-lowell-budget-11/download,2026-08-27T09:37:04-04:00
https://www.mass.gov/doc/fy19-lower-merrimac-budget-9/download,2026-08-27T09:37:04-04:00
https://www.mass.gov/doc/fy19-lowell-budget-2/download,2026-08-27T09:37:04-04:00
https://www.mass.gov/doc/fy19-lowell-budget-5/download,2026-08-27T09:37:04-04:00
https://www.mass.gov/doc/fy19-city-of-quincy-budget-sheet-4/download,2026-08-27T09:37:04-04:00
https://www.mass.gov/doc/fy19-metro-north-budget-3/download,2026-08-27T09:37:04-04:00
https://www.mass.gov/doc/fy19-metro-north-budget-7/download,2026-08-27T09:37:04-04:00
https://www.mass.gov/doc/fy19-north-central-wib-budget-5/download,2026-08-27T09:37:04-04:00
https://www.mass.gov/doc/fy19-north-shore-budget-6/download,2026-08-27T09:37:04-04:00
https://www.mass.gov/doc/dcs-jp-policy-03-2019-fy2019-adult-and-community-learning-services-adult-career-pathway-funds/download,2026-08-27T09:37:04-04:00
https://www.mass.gov/doc/dcs-jp-policy-03-2019a-funds-for-fy2019-adult-and-community-learning-services-adult-career-pathways/download,2026-08-27T09:37:04-04:00
https://www.mass.gov/doc/fy19-brockton-budget-12/download,2026-08-27T09:37:04-04:00
https://www.mass.gov/doc/fy19-brockton-budget-13/download,2026-08-27T09:37:04-04:00
https://www.mass.gov/doc/fy19-city-of-quincy-budget-sheet-10/download,2026-08-27T09:37:04-04:00
https://www.mass.gov/doc/fy19-edic-budget-15/download,2026-08-27T09:37:04-04:00
https://www.mass.gov/doc/fy19-fall-river-budget-9/download,2026-08-27T09:37:04-04:00
https://www.mass.gov/doc/fy19-franklin-hampshire-budget-10/download,2026-08-27T09:37:04-04:00
https://www.mass.gov/doc/fy19-franklin-hampshire-budget-11/download,2026-08-27T09:37:04-04:00
https://www.mass.gov/doc/fy19-hampden-budget-16/download,2026-08-27T09:37:04-04:00
https://www.mass.gov/doc/fy19-lowell-budget-12/download,2026-08-27T09:37:04-04:00
https://www.mass.gov/doc/fy19-lower-merrimac-budget-10/download,2026-08-27T09:37:04-04:00
https://www.mass.gov/doc/fy19-metro-north-budget-13/download,2026-08-27T09:37:04-04:00
https://www.mass.gov/doc/fy19-metro-south-west-budget-10/download,2026-08-27T09:37:04-04:00
https://www.mass.gov/doc/fy19-metro-south-west-budget-11/download,2026-08-27T09:37:04-04:00
https://www.mass.gov/doc/fy19-new-bedford-budget-12/download,2026-08-27T09:37:04-04:00
https://www.mass.gov/doc/fy19-north-central-wib-budget-11/download,2026-08-27T09:37:04-04:00
https://www.mass.gov/doc/fy19-worcester-budget-11/download,2026-08-27T09:37:04-04:00
https://www.mass.gov/doc/fy19-north-shore-budget-3/download,2026-08-27T09:37:04-04:00
https://www.mass.gov/doc/fy19-north-shore-budget-8/download,2026-08-27T09:37:04-04:00
https://www.mass.gov/doc/career-center-monthly-calendar-report/download,2026-08-27T09:37:04-04:00
https://www.mass.gov/doc/fy19-brockton-budget-14/download,2026-08-27T09:37:04-04:00
https://www.mass.gov/doc/fy19-cape-cod-wib-budget-sheet-2/download,2026-08-27T09:37:04-04:00
https://www.mass.gov/doc/fy19-jtec-budget-10/download,2026-08-27T09:37:04-04:00
https://www.mass.gov/doc/dcs-jp-policy-02-2019-1a-department-of-transitional-assistance-dta/download,2026-08-27T09:37:04-04:00
https://www.mass.gov/doc/dcs-jp-policy-02-2019-1b-adult-community-learning-services-acls/download,2026-08-27T09:37:04-04:00
https://www.mass.gov/doc/dcs-jp-policy-02-2019-1c-massachusetts-commission-for-the-blind-mcb/download,2026-08-27T09:37:04-04:00
https://www.mass.gov/doc/dcs-jp-policy-02-2019-1d-massachusetts-rehabilitation-commission-mrc/download,2026-08-27T09:37:04-04:00
https://www.mass.gov/doc/dcs-jp-policy-02-2019-1e-senior-community-services-employment-program-scsep-state/download,2026-08-27T09:37:04-04:00
https://www.mass.gov/doc/dcs-info-25-168-re-entry-workforce-development-demonstration-program-fy19-appropriation-program-design-capacity-building-gra/download,2026-08-27T09:37:04-04:00
https://www.mass.gov/doc/dcs-jp-policy-04-2019-federal-poverty-guidelines-for-senior-community-service-employment-2019/download,2026-08-27T09:37:04-04:00
https://www.mass.gov/doc/dcs-jp-info-01-2019-training-funds-available-for-massachusetts-rehabilitation-consumers/download,2026-08-27T09:37:04-04:00
https://www.mass.gov/doc/fy19-berkshire-training-employment-budget-12/download,2026-08-27T09:37:04-04:00
https://www.mass.gov/doc/fy18-lower-merrimack-budget-sheet-19/download,2026-08-27T09:37:04-04:00
https://www.mass.gov/doc/fy18-cape-cod-budget-sheet-14/download,2026-08-27T09:37:04-04:00
https://www.mass.gov/doc/dcs-info-25-169-funding-opportunities-announced-regarding-the-opioid-crisis/download,2026-08-27T09:36:14-04:00
https://www.mass.gov/doc/dcs-jp-info-02-2019-april-meeting-of-joint-partners-regarding-the-work-participant-program/download,2026-08-27T09:36:14-04:00
https://www.mass.gov/doc/fy19-mass-regional-budget-sheet-initial/download,2026-08-27T09:36:14-04:00
https://www.mass.gov/doc/dcs-policy-16-101-on-the-job-training-waiver-for-small-employer-reimbursement/download,2026-08-27T09:36:14-04:00
https://www.mass.gov/doc/dcs-policy-16-101a-us-dol-waiver-approval-letter-ojt-employer-reimbursement/download,2026-08-27T09:36:14-04:00
https://www.mass.gov/doc/dcs-info-14-271-massachusetts-rehabilitation-commission-and-masshire-department-of-career-services-cross-training-sessions-sessions-added-for-march-april/download,2026-08-27T09:36:14-04:00
https://www.mass.gov/doc/fy18-brockton-budget-sheet-17/download,2026-08-27T09:36:14-04:00
https://www.mass.gov/doc/fy18-cape-cod-budget-sheet-13/download,2026-08-27T09:36:14-04:00
https://www.mass.gov/doc/fy18-central-budget-sheet-19/download,2026-08-27T09:36:14-04:00
https://www.mass.gov/doc/fy18-city-of-quincy-budget-sheet-17/download,2026-08-27T09:36:14-04:00
https://www.mass.gov/doc/fy18-edic-budget-sheet-17-0/download,2026-08-27T09:36:14-04:00
https://www.mass.gov/doc/fy18-franklin-hampshire-budget-sheet-14/download,2026-08-27T09:36:14-04:00
https://www.mass.gov/doc/fy18-hampden-budget-sheet-18/download,2026-08-27T09:36:14-04:00
https://www.mass.gov/doc/fy18-lowell-budget-sheet-15/download,2026-08-27T09:36:14-04:00
https://www.mass.gov/doc/fy18-lower-merrimack-budget-sheet-20/download,2026-08-27T09:36:14-04:00
https://www.mass.gov/doc/fy18-metro-north-budget-sheet-16/download,2026-08-27T09:36:14-04:00
https://www.mass.gov/doc/fy18-metro-south-west-budget-sheet-16/download,2026-08-27T09:36:14-04:00
https://www.mass.gov/doc/fy18-new-bedford-budget-sheet-16/download,2026-08-27T09:36:14-04:00
https://www.mass.gov/doc/fy18-north-central-wib-budget-sheet-17/download,2026-08-27T09:36:14-04:00
https://www.mass.gov/doc/fy18-north-shore-budget-sheet-17/download,2026-08-27T09:36:14-04:00
https://www.mass.gov/doc/dcs-info-14-272-wioa-title-i-adult-dislocated-worker-youth-training-available-in-april/download,2026-08-27T09:36:14-04:00
https://www.mass.gov/doc/dcs-info-02-129-moses-version-369-will-be-released-on-march-20-2019/download,2026-08-27T09:36:14-04:00
https://www.mass.gov/doc/dcs-jp-info-03-2019-shared-customer-release-form/download,2026-08-27T09:36:14-04:00
https://www.mass.gov/doc/dcs-jp-info-03-2019a-release-form/download,2026-08-27T09:36:14-04:00
https://www.mass.gov/doc/dcs-info-17-100-workforce-development-board-resources-through-workforcegps/download,2026-08-27T09:36:14-04:00
https://www.mass.gov/doc/dcs-jp-policy-05-2019d-mrc-individual-training-request-form-completed-by-mcc/download,2026-08-27T09:34:45-04:00
https://www.mass.gov/doc/dcs-jp-policy-05-2019e-moses-tracking-guide-for-the-mass-rehab-training-fund-mrtf/download,2026-08-27T09:36:14-04:00
https://www.mass.gov/doc/dcs-jp-policy-05-2019f-qa-massachusetts-rehabilitation-commission-training-funds/download,2026-08-27T09:36:14-04:00
https://www.mass.gov/doc/dcs-jp-policy-05-2019g-powerpoint-presentation-on-training-funds-for-mrc-consumers/download,2026-08-27T09:36:14-04:00
https://www.mass.gov/doc/dcs-info-09-115-fy2019-career-center-performance-reports-quarter-ending-december-31-2018/download,2026-08-27T09:36:14-04:00
https://www.mass.gov/doc/dcs-info-09-115a-tab00-table-of-contents/download,2026-08-27T09:36:14-04:00
https://www.mass.gov/doc/dcs-info-09-115b-tab01-executive-summary/download,2026-08-27T09:36:14-04:00
https://www.mass.gov/doc/dcs-info-09-115c-tab02-employer-summary/download,2026-08-27T09:36:14-04:00
https://www.mass.gov/doc/dcs-info-09-115d-tab03-job-seeker-summary/download,2026-08-27T09:36:14-04:00
https://www.mass.gov/doc/dcs-info-09-115e-tab04-veteran-summary/download,2026-08-27T09:36:14-04:00
https://www.mass.gov/doc/dcs-info-09-115f-tab05-res-summary/download,2026-08-27T09:36:14-04:00
https://www.mass.gov/doc/dcs-info-09-115g-tab06-title-i-adults-and-dislocated-worker-summary/download,2026-08-27T09:36:14-04:00
https://www.mass.gov/doc/dcs-info-09-115h-tab07-title-i-youth-summary/download,2026-08-27T09:36:14-04:00
https://www.mass.gov/doc/dcs-info-09-115i-tab08-national-dislocated-worker-grants-summary/download,2026-08-27T09:36:14-04:00
https://www.mass.gov/doc/dcs-info-09-115j-tab09-trade-summary/download,2026-08-27T09:36:14-04:00
https://www.mass.gov/doc/dcs-info-09-115k-tab10-labor-exchange-vets-performance-summary/download,2026-08-27T09:36:14-04:00
https://www.mass.gov/doc/dcs-info-09-115l-tab11-title-i-performance/download,2026-08-27T09:36:14-04:00
https://www.mass.gov/doc/dcs-info-09-115m-tab12-trade-performance-summary/download,2026-08-27T09:36:14-04:00
https://www.mass.gov/doc/dcs-info-09-115n-tab13-performance-cohorts/download,2026-08-27T09:36:14-04:00
https://www.mass.gov/doc/dcs-info-25-170-disaster-recovery-national-dislocated-worker-grants-to-address-the-opioid-crisis/download,2026-08-27T09:36:14-04:00
https://www.mass.gov/doc/dcs-info-25-170a-proposal-summary-form/download,2026-08-27T09:35:20-04:00
https://www.mass.gov/doc/dcs-info-14-273-developing-apprenticeship-opportunities-in-prisons-webinar/download,2026-08-27T09:35:20-04:00
https://www.mass.gov/doc/dcs-info-05-149-state-employment-career-fair-for-job-seekers-with-disabilities/download,2026-08-27T09:35:20-04:00
https://www.mass.gov/doc/dcs-info-31-102-masshire-awards-finalists/download,2026-08-27T09:35:20-04:00
https://www.mass.gov/doc/dcs-info-31-102a-masshire-awards-finalists-living/download,2026-08-27T09:35:20-04:00
https://www.mass.gov/doc/dcs-info-31-102b-masshire-awards-finalists-values/download,2026-08-27T09:35:20-04:00
https://www.mass.gov/doc/dcs-info-05-150-older-americans-month-2019/download,2026-08-27T09:35:20-04:00
https://www.mass.gov/doc/dcs-info-05-151-2019-massdot-transportation-innovation-conference/download,2026-08-27T09:35:20-04:00
https://www.mass.gov/doc/dcs-info-14-274-work-without-limits-training-opportunities/download,2026-08-27T09:35:20-04:00
https://www.mass.gov/doc/dcs-info-14-274a-understanding-corporate-disability-inclusion-practices-a-service-provider-training/download,2026-08-27T09:35:20-04:00
https://www.mass.gov/doc/dcs-info-14-274b-supporting-the-career-development-of-college-students-with-mental-health-conditions/download,2026-08-27T09:35:20-04:00
https://www.mass.gov/doc/dcs-info-25-171-rfp-workforce-competitiveness-trust-fund-fy19-appropriation/download,2026-08-27T09:35:20-04:00
https://www.mass.gov/doc/dcs-info-25-172-notice-of-availability-of-funds-reentry-projects-rp-3/download,2026-08-27T09:35:20-04:00
https://www.mass.gov/doc/dcs-info-25-172a-foa-eta-19-01-notice-of-availability-of-funds-and-funding-opportunity-announcement-for-reentry-projects-rp-3/download,2026-08-27T09:35:20-04:00
https://www.mass.gov/doc/dcs-info-25-172b-rp-3-response-template/download,2026-08-27T09:35:20-04:00
https://www.mass.gov/doc/dcs-info-32-100-dua-ui-policy-performance-maximum-allowable-benefit-weeks/download,2026-08-27T09:35:20-04:00
https://www.mass.gov/doc/dcs-info-32-100a-dua-ui-policy-performance-interoffice-memorandum-no-uipp-201901/download,2026-08-27T09:35:20-04:00
https://www.mass.gov/doc/dcs-info-25-173a-foa-vets-19-01-homeless-veterans-reintegration-program/download,2026-08-27T09:35:20-04:00
https://www.mass.gov/doc/dcs-info-25-173b-foa-vets-19-01-summary-template/download,2026-08-27T09:35:20-04:00
https://www.mass.gov/doc/dcs-info-25-173-homeless-veterans-reintegration-program-call-for-ideas-0/download,2026-08-27T09:35:20-04:00
https://www.mass.gov/doc/fy19-berkshire-training-employment-budget-13/download,2026-08-27T09:35:20-04:00
https://www.mass.gov/doc/fy19-brockton-budget-15/download,2026-08-27T09:35:20-04:00
https://www.mass.gov/doc/fy19-city-of-quincy-budget-11/download,2026-08-27T09:35:20-04:00
https://www.mass.gov/doc/fy19-edic-budget-16/download,2026-08-27T09:35:20-04:00
https://www.mass.gov/doc/fy19-franklin-hampshire-budget-12/download,2026-08-27T09:35:20-04:00
https://www.mass.gov/doc/fy19-hampden-budget-17/download,2026-08-27T09:35:20-04:00
https://www.mass.gov/doc/fy19-jtec-budget-11/download,2026-08-27T09:35:20-04:00
https://www.mass.gov/doc/fy19-lowell-budget-13/download,2026-08-27T09:35:20-04:00
https://www.mass.gov/doc/fy19-lower-merrimac-budget-11/download,2026-08-27T09:35:20-04:00
https://www.mass.gov/doc/fy19-metro-north-budget-14/download,2026-08-27T09:35:20-04:00
https://www.mass.gov/doc/fy19-metro-south-west-budget-12/download,2026-08-27T09:35:20-04:00
https://www.mass.gov/doc/fy19-new-bedford-budget-13/download,2026-08-27T09:35:20-04:00
https://www.mass.gov/doc/fy19-north-central-wib-budget-13/download,2026-08-27T09:35:20-04:00
https://www.mass.gov/doc/fy19-hampden-budget-18/download,2026-08-27T09:34:45-04:00
https://www.mass.gov/doc/events-without-services-crystal-report/download,2026-08-27T09:35:20-04:00
https://www.mass.gov/doc/return-after-event-crystal-report/download,2026-08-27T09:35:20-04:00
https://www.mass.gov/doc/scheduled-event-attendance-summaries-crystal-report/download,2026-08-27T09:35:20-04:00
https://www.mass.gov/doc/layoff-ids-and-companies-pick-list-crystal-report/download,2026-08-27T09:35:20-04:00
https://www.mass.gov/doc/programs-with-abbrev-lo-names-pick-list-crystal-report/download,2026-08-27T09:35:20-04:00
https://www.mass.gov/doc/programs-with-no-lo-names-pick-list-crystal-report/download,2026-08-27T09:35:20-04:00
https://www.mass.gov/doc/statewide-programs-and-cc-specific-programs-pick-list-crystal-report/download,2026-08-27T09:35:20-04:00
https://www.mass.gov/doc/post-exit-report-crystal-report/download,2026-08-27T09:35:20-04:00
https://www.mass.gov/doc/post-outcome-service-report-crystal-report/download,2026-08-27T09:35:20-04:00
https://www.mass.gov/doc/days-enrolled-crystal-report/download,2026-08-27T09:35:20-04:00
https://www.mass.gov/doc/wage-outlier-checker-crystal-report/download,2026-08-27T09:35:20-04:00
https://www.mass.gov/doc/dcs-info-14-275-customer-service-training/download,2026-08-27T09:35:20-04:00
https://www.mass.gov/doc/fy19-franklin-hampshire-budget-13/download,2026-08-27T09:34:45-04:00
https://www.mass.gov/doc/dcs-info-14-276-labor-insight-training-burning-glass-technologies/download,2026-08-27T09:34:45-04:00
https://www.mass.gov/doc/dcs-info-03-102-1-section-188-disability-reference-guide-updated/download,2026-08-27T09:34:45-04:00
https://www.mass.gov/doc/dcs-info-03-102-1a-disability-reference-guide/download,2026-08-27T09:34:45-04:00
https://www.mass.gov/doc/fy19-north-central-wib-budget-12/download,2026-08-27T09:34:45-04:00
https://www.mass.gov/doc/dcs-policy-13-111-interstate-customers-under-the-trade-adjustment-assistance-programs/download,2026-08-27T09:34:45-04:00
https://www.mass.gov/doc/dcs-policy-13-111ab-interstate-customer-checklist/download,2026-08-27T09:34:45-04:00
https://www.mass.gov/doc/dcs-info-14-277-essentials-of-career-planning-training/download,2026-08-27T09:34:45-04:00
https://www.mass.gov/doc/fy19-lowell-budget-14/download,2026-08-27T09:34:45-04:00
https://www.mass.gov/doc/your-right-to-an-interpreter-poster-1/download,2026-08-27T09:34:45-04:00
https://www.mass.gov/doc/language-access-services-masshire-career-centers/download,2026-08-27T09:34:45-04:00
https://www.mass.gov/doc/language-access-services-department-of-unemployment-assistance/download,2026-08-27T09:34:45-04:00
https://www.mass.gov/doc/resea-entered-employment-outreach/download,2026-08-27T09:34:45-04:00
https://www.mass.gov/doc/dcs-info-05-152-pay-for-performance-call-for-project-ideas/download,2026-08-27T09:34:45-04:00
https://www.mass.gov/doc/dcs-info-05-152a-wioa-intro-and-case-studies-workforce-partners-meeting-april-4-2019/download,2026-08-27T09:34:45-04:00
https://www.mass.gov/doc/fy19-north-shore-budget-13/download,2026-08-27T09:34:45-04:00
https://www.mass.gov/doc/authorized-sources-of-alcohol-for-1-day-licenses/download,2026-08-27T15:18:51-04:00
https://www.mass.gov/doc/fy18-lower-merrimack-budget-sheet-21/download,2026-08-27T09:34:45-04:00
https://www.mass.gov/doc/fy19-berkshire-training-employment-budget-14pdf/download,2026-08-27T09:34:45-04:00
https://www.mass.gov/doc/dcs-info-31-103-masshire-day-awards-ceremony-and-workshops/download,2026-08-27T09:34:45-04:00
https://www.mass.gov/doc/dcs-info-31-103a-masshire-day-invitation/download,2026-08-27T09:34:45-04:00
https://www.mass.gov/doc/fy19-berkshire-training-employment-budget-16/download,2026-08-27T09:34:45-04:00
https://www.mass.gov/doc/fy18-brockton-budget-sheet-18/download,2026-08-27T09:34:45-04:00
https://www.mass.gov/doc/fy19-brockton-budget-16/download,2026-08-27T09:34:45-04:00
https://www.mass.gov/doc/fy19-city-of-quincy-budget-12/download,2026-08-27T09:34:45-04:00
https://www.mass.gov/doc/fy19-edic-budget-17/download,2026-08-27T09:34:45-04:00
https://www.mass.gov/doc/fy19-fall-river-budget-10/download,2026-08-27T09:34:45-04:00
https://www.mass.gov/doc/fy19-franklin-hampshire-budget-14/download,2026-08-27T09:34:45-04:00
https://www.mass.gov/doc/fy19-hampden-budget-19/download,2026-08-27T09:34:45-04:00
https://www.mass.gov/doc/fy19-lowell-budget-15/download,2026-08-27T09:34:45-04:00
https://www.mass.gov/doc/fy19-lower-merrimac-budget-12/download,2026-08-27T09:34:45-04:00
https://www.mass.gov/doc/fy19-metro-north-budget-15/download,2026-08-27T09:34:45-04:00
https://www.mass.gov/doc/fy19-new-bedford-budget-14/download,2026-08-27T09:34:45-04:00
https://www.mass.gov/doc/fy19-north-shore-budget-14/download,2026-08-27T09:34:45-04:00
https://www.mass.gov/doc/fy19-worcester-budget-12/download,2026-08-27T09:34:45-04:00
https://www.mass.gov/doc/dcs-info-14-278-wioa-title-i-adult-dislocated-worker-youth-training/download,2026-08-27T09:34:45-04:00
https://www.mass.gov/doc/dcs-jp-policy-02-2017-2-workforce-innovation-and-opportunity-act-wioa-joint-partner-local-memorandum-of-understanding-mou-2nd-revision/download,2026-08-27T09:34:45-04:00
https://www.mass.gov/doc/dcs-jp-policy-02-2017-2a-wioa-joint-partner-local-mou-guidance-revised/download,2026-08-27T09:34:45-04:00
https://www.mass.gov/doc/dcs-jp-policy-02-2017-2b-wioa-joint-partner-local-mou-template-revised/download,2026-08-27T09:34:45-04:00
https://www.mass.gov/doc/dcs-jp-policy-02-2017-2c-customer-centered-design-flow-charts-for-priority-populations/download,2026-08-27T09:34:45-04:00
https://www.mass.gov/doc/dcs-jp-policy-02-2017-2d-impasse-resolutionstate-infrastructure-funding-mechanism/download,2026-08-27T09:34:45-04:00
https://www.mass.gov/doc/dcs-jp-policy-02-2017-2e-impasse-resolutionstate-infrastructure-funding-mechanism-notification-form/download,2026-08-27T09:34:45-04:00
https://www.mass.gov/doc/alerts-general-programs-f4/download,2026-08-27T09:34:45-04:00
https://www.mass.gov/doc/dcs-info-05-153-massachusetts-department-of-transportation-capital-investment-plan-listening-sessions/download,2026-08-27T09:34:45-04:00
https://www.mass.gov/doc/211-cmr-7100-promulgated-2019/download,2026-08-27T15:53:15-04:00
https://www.mass.gov/doc/211-cmr-2600-promulgated-2020/download,2026-08-27T15:07:20-04:00
https://www.mass.gov/doc/miscellaneous-cases/download,2026-08-27T08:41:15-04:00
https://www.mass.gov/doc/amesbury-2025-annual-report-0/download,2026-08-27T15:54:52-04:00
https://www.mass.gov/doc/attleboro-2025-annual-report/download,2026-08-27T15:53:38-04:00
https://www.mass.gov/doc/barnstable-county-2025-annual-report/download,2026-08-27T15:54:56-04:00
https://www.mass.gov/doc/belmont-2025-annual-report/download,2026-08-27T15:51:56-04:00
https://www.mass.gov/doc/berkshire-county-2025-annual-report/download,2026-08-27T15:52:06-04:00
https://www.mass.gov/doc/worcester-2025-annual-report/download,2026-08-27T15:52:06-04:00
https://www.mass.gov/doc/beverly-2025-annual-report/download,2026-08-27T15:52:06-04:00
https://www.mass.gov/doc/blue-hills-regional-2025-annual-report/download,2026-08-27T15:53:48-04:00
https://www.mass.gov/doc/winchester-2025-annual-report/download,2026-08-27T15:52:03-04:00
https://www.mass.gov/doc/weymouth-2025-annual-report/download,2026-08-27T15:52:03-04:00
https://www.mass.gov/doc/boston-city-2025-annual-report/download,2026-08-27T15:52:03-04:00
https://www.mass.gov/doc/west-springfield-2025-annual-report/download,2026-08-27T15:52:03-04:00
https://www.mass.gov/doc/boston-teachers-2025-annual-report/download,2026-08-27T15:52:03-04:00
https://www.mass.gov/doc/westfield-2025-annual-report/download,2026-08-27T15:52:03-04:00
https://www.mass.gov/doc/braintree-2025-annual-report/download,2026-08-27T15:52:03-04:00
https://www.mass.gov/doc/webster-2025-annual-report/download,2026-08-27T15:51:59-04:00
https://www.mass.gov/doc/bristol-county-2025-annual-report-0/download,2026-08-27T15:51:59-04:00
https://www.mass.gov/doc/brockton-2025-annual-report/download,2026-08-27T15:51:59-04:00
https://www.mass.gov/doc/wakefield-2025-annual-report/download,2026-08-27T15:51:59-04:00
https://www.mass.gov/doc/brookline-2025-annual-report/download,2026-08-27T15:51:59-04:00
https://www.mass.gov/doc/cambridge-2025-annual-report/download,2026-08-27T15:51:59-04:00
https://www.mass.gov/doc/waltham-2025-annual-report/download,2026-08-27T15:51:56-04:00
https://www.mass.gov/doc/chelsea-2025-annual-report/download,2026-08-27T15:52:03-04:00
https://www.mass.gov/doc/chicopee-2025-annual-report/download,2026-08-27T15:53:38-04:00
https://www.mass.gov/doc/clinton-2025-annual-report/download,2026-08-27T15:53:48-04:00
https://www.mass.gov/doc/concord-2025-annual-report/download,2026-08-27T15:53:48-04:00
https://www.mass.gov/doc/danvers-2025-annual-report/download,2026-08-27T15:52:06-04:00
https://www.mass.gov/doc/dedham-2025-annual-report/download,2026-08-27T15:52:06-04:00
https://www.mass.gov/doc/dukes-county-2025-annual-report/download,2026-08-27T15:52:06-04:00
https://www.mass.gov/doc/easthampton-2025-annual-report/download,2026-08-27T15:54:52-04:00
https://www.mass.gov/doc/essex-regional-2025-annual-report/download,2026-08-27T15:51:59-04:00
https://www.mass.gov/doc/everett-2025-annual-report/download,2026-08-27T15:52:06-04:00
https://www.mass.gov/doc/swampscott-2025-annual-report/download,2026-08-27T15:51:59-04:00
https://www.mass.gov/doc/stoneham-2025-annual-report/download,2026-08-27T15:53:35-04:00
https://www.mass.gov/doc/salem-2025-annual-report/download,2026-08-27T15:53:35-04:00
https://www.mass.gov/doc/saugus-2025-annual-report/download,2026-08-27T15:53:35-04:00
https://www.mass.gov/doc/shrewsbury-2025-annual-report/download,2026-08-27T15:53:35-04:00
https://www.mass.gov/doc/somerville-2025-annual-report/download,2026-08-27T15:53:48-04:00
https://www.mass.gov/doc/springfield-2025-annual-report/download,2026-08-27T15:53:35-04:00
https://www.mass.gov/doc/quincy-2025-annual-report/download,2026-08-27T15:53:35-04:00
https://www.mass.gov/doc/reading-2025-annual-report/download,2026-08-27T15:53:35-04:00
https://www.mass.gov/doc/revere-2025-annual-report/download,2026-08-27T15:53:38-04:00
https://www.mass.gov/doc/norwood-2025-annual-report/download,2026-08-27T15:53:38-04:00
https://www.mass.gov/doc/fairhaven-2025-annual-report/download,2026-08-27T15:53:38-04:00
https://www.mass.gov/doc/peabody-2025-annual-report/download,2026-08-27T15:53:35-04:00
https://www.mass.gov/doc/plymouth-2025-annual-report/download,2026-08-27T15:53:35-04:00
https://www.mass.gov/doc/fall-river-2025-annual-report/download,2026-08-27T15:53:35-04:00
https://www.mass.gov/doc/falmouth-2025-annual-report/download,2026-08-27T15:54:52-04:00
https://www.mass.gov/doc/prim-2025-annual-report/download,2026-08-27T16:05:34-04:00
https://www.mass.gov/doc/fitchburg-2025-annual-report/download,2026-08-27T15:54:52-04:00
https://www.mass.gov/doc/plymouth-county-2025-annual-report/download,2026-08-27T15:53:38-04:00
https://www.mass.gov/doc/framingham-2025-annual-report/download,2026-08-27T15:53:48-04:00
https://www.mass.gov/doc/franklin-regional-2025-annual-report/download,2026-08-27T15:53:38-04:00
https://www.mass.gov/doc/northbridge-2025-annual-report/download,2026-08-27T15:53:38-04:00
https://www.mass.gov/doc/gardner-2025-annual-report/download,2026-08-27T15:53:38-04:00
https://www.mass.gov/doc/gloucester-2025-annual-report/download,2026-08-27T15:53:41-04:00
https://www.mass.gov/doc/greater-lawrence-2025-annual-report/download,2026-08-27T15:54:56-04:00
https://www.mass.gov/doc/hampden-county-2025-annual-report/download,2026-08-27T15:53:41-04:00
https://www.mass.gov/doc/hampshire-county-2025-annual-report/download,2026-08-27T15:53:41-04:00
https://www.mass.gov/doc/haverhill-2025-annual-report/download,2026-08-27T15:52:06-04:00
https://www.mass.gov/doc/natick-2025-annual-report/download,2026-08-27T15:53:41-04:00
https://www.mass.gov/doc/hingham-2025-annual-report/download,2026-08-27T15:53:41-04:00
https://www.mass.gov/doc/holyoke-2025-annual-report/download,2026-08-27T15:54:56-04:00
https://www.mass.gov/doc/northampton-2025-annual-report/download,2026-08-27T15:53:41-04:00
https://www.mass.gov/doc/hull-2025-annual-report/download,2026-08-27T15:53:41-04:00
https://www.mass.gov/doc/norfolk-county-2025-annual-report/download,2026-08-27T15:53:41-04:00
https://www.mass.gov/doc/newburyport-2025-annual-report/download,2026-08-27T15:53:41-04:00
https://www.mass.gov/doc/newton-2025-annual-report/download,2026-08-27T15:53:41-04:00
https://www.mass.gov/doc/needham-2025-annual-report/download,2026-08-27T15:53:45-04:00
https://www.mass.gov/doc/north-adams-2025-annual-report/download,2026-08-27T15:53:45-04:00
https://www.mass.gov/doc/2025-annual-report-full/download,2026-08-27T16:01:38-04:00
https://www.mass.gov/doc/commission-members-2025/download,2026-08-27T15:51:53-04:00
https://www.mass.gov/doc/montague-2025-annual-report/download,2026-08-27T15:53:45-04:00
https://www.mass.gov/doc/minuteman-regional-2025-annual-report/download,2026-08-27T15:51:56-04:00
https://www.mass.gov/doc/letter-from-the-executive-director-2025/download,2026-08-27T16:11:14-04:00
https://www.mass.gov/doc/perac-staff-members-2025-annual-report/download,2026-08-27T15:54:52-04:00
https://www.mass.gov/doc/middlesex-county-2025-annual-report/download,2026-08-27T15:51:59-04:00
https://www.mass.gov/doc/milford-2025-annual-report/download,2026-08-27T15:52:06-04:00
https://www.mass.gov/doc/methuen-2025-annual-report/download,2026-08-27T15:52:06-04:00
https://www.mass.gov/doc/maynard-2025-annual-report/download,2026-08-27T15:52:03-04:00
https://www.mass.gov/doc/mwra-2025-annual-report/download,2026-08-27T15:51:56-04:00
https://www.mass.gov/doc/mass-teachers-2025-annual-report/download,2026-08-27T15:54:52-04:00
https://www.mass.gov/doc/melrose-2025-annual-report/download,2026-08-27T15:51:59-04:00
https://www.mass.gov/doc/malden-2025-annual-report/download,2026-08-27T15:51:56-04:00
https://www.mass.gov/doc/marblehead-2025-annual-report/download,2026-08-27T15:51:56-04:00
https://www.mass.gov/doc/marlborough-2025-annual-report/download,2026-08-27T15:53:48-04:00
https://www.mass.gov/doc/massport-2025-annual-report/download,2026-08-27T15:51:56-04:00
https://www.mass.gov/doc/lynn-2025-annual-report/download,2026-08-27T15:51:56-04:00
https://www.mass.gov/doc/lexington-2025-annual-report/download,2026-08-27T15:53:45-04:00
https://www.mass.gov/doc/leominster-2025-annual-report/download,2026-08-27T15:54:52-04:00
https://www.mass.gov/doc/lawrence-2025-annual-report/download,2026-08-27T15:53:45-04:00
https://www.mass.gov/doc/pittsfield-2025-annual-report/download,2026-08-27T15:53:45-04:00
https://www.mass.gov/doc/taunton-2025-annual-report/download,2026-08-27T15:53:45-04:00
https://www.mass.gov/doc/new-bedford-2025-annual-report/download,2026-08-27T15:53:45-04:00
https://www.mass.gov/doc/milton-2025-annual-report/download,2026-08-27T15:53:45-04:00
https://www.mass.gov/doc/medford-2025-annual-report/download,2026-08-27T15:53:48-04:00
https://www.mass.gov/doc/mhfa-2025-annual-report/download,2026-08-27T15:53:48-04:00
https://www.mass.gov/doc/lowell-2025-annual-report/download,2026-08-27T15:53:48-04:00
https://www.mass.gov/doc/southbridge-2025-annual-report/download,2026-08-27T15:53:45-04:00
https://www.mass.gov/doc/north-attleboro-2025-annual-report/download,2026-08-27T15:52:03-04:00
https://www.mass.gov/doc/dfs-bpv-040-application-for-complaint/download,2026-08-27T15:25:25-04:00
https://www.mass.gov/doc/state-2025-annual-report/download,2026-08-27T15:54:52-04:00
https://www.mass.gov/doc/greenfield-2025-annual-report/download,2026-08-27T15:54:52-04:00
https://www.mass.gov/doc/winthrop-2025-annual-report/download,2026-08-27T15:51:56-04:00
https://www.mass.gov/doc/massdep-lcca-program-identified-schools-and-childcare-facilities-sampling-location-codes/download,2026-08-27T17:07:25-04:00
https://www.mass.gov/doc/list-of-neonicotinoid-pesticides/download,2026-08-27T10:55:15-04:00
https://www.mass.gov/doc/msrb-fact-sheet/download,2026-08-27T15:01:19-04:00
https://www.mass.gov/doc/211-cmr-96-final/download,2026-08-27T16:25:56-04:00
https://www.mass.gov/doc/pesticide-applicator-and-dealer-list-active-or-eligible-for-renewal/download,2026-08-27T10:59:34-04:00
https://www.mass.gov/doc/211-cmr-5900-final-for-website/download,2026-08-27T15:49:45-04:00
https://www.mass.gov/doc/notice-to-quit-accompanying-form/download,2026-08-27T10:17:42-04:00
https://www.mass.gov/doc/other-respiratory-disease-data/download,2026-08-27T13:55:06-04:00
https://www.mass.gov/doc/archive-programs-faqs/download,2026-08-27T01:06:03-04:00
https://www.mass.gov/doc/archive-ma-parole-board-2022-annual-statistical-report/download,2026-08-27T00:36:25-04:00
https://www.mass.gov/doc/archive-charges-and-convictions-sentenced/download,2026-08-27T00:49:21-04:00
https://www.mass.gov/doc/archive-formal-target-shooting-roster-12-2023/download,2026-08-27T00:51:36-04:00
https://www.mass.gov/doc/evr-motds-page/download,2026-08-27T10:37:01-04:00
https://www.mass.gov/doc/ma-rmv-atlas-evr-web-service-data-dictionary-draft-v319/download,2026-08-27T10:43:31-04:00
https://www.mass.gov/doc/archive-charges-and-convictions-pre-trial/download,2026-08-27T00:48:40-04:00
https://www.mass.gov/doc/archive-byrne-state-crisis-intervention-program-budget-worksheet/download,2026-08-27T00:00:43-04:00
https://www.mass.gov/doc/archive-byrne-state-crisis-intervention-program-for-state-agencies-agf/download,2026-08-27T00:01:49-04:00
https://www.mass.gov/doc/archive-byrne-state-crisis-intervention-program-for-municipal-law-enforcement-agf/download,2026-08-27T00:01:17-04:00
https://www.mass.gov/doc/archive-byrne-state-crisis-intervention-program-statewide-research-partner-agf/download,2026-08-27T00:00:06-04:00
https://www.mass.gov/doc/archive-fy25-training-grant-application-0/download,2026-08-27T00:03:09-04:00
https://www.mass.gov/doc/archive-full-time-public-safety-emergency-telecommunicators-71224/download,2026-08-27T15:16:07-04:00
https://www.mass.gov/doc/archive-july-newsletter/download,2026-08-27T15:16:48-04:00
https://www.mass.gov/doc/archive-bhhl-job-aid/download,2026-08-27T00:47:47-04:00
https://www.mass.gov/doc/archive-full-time-public-safety-emergency-telecommunicators-81324/download,2026-08-27T15:15:03-04:00
https://www.mass.gov/doc/archive-mlts-non-compliant-registry-updated-8-30-24/download,2026-08-27T14:57:14-04:00
https://www.mass.gov/doc/archive-psap-consolidation-map/download,2026-08-27T01:06:37-04:00
https://www.mass.gov/doc/archive-fy25-training-grant-application/download,2026-08-27T00:02:33-04:00
https://www.mass.gov/doc/archive-september-newsletter-0/download,2026-08-27T15:13:39-04:00
https://www.mass.gov/doc/archive-2024-full-time-dispatch-posting/download,2026-08-27T15:12:56-04:00
https://www.mass.gov/doc/archive-mlts-non-compliant-registry-updated-9-30-24/download,2026-08-27T14:55:50-04:00
https://www.mass.gov/doc/archive-application/download,2026-08-27T00:47:10-04:00
https://www.mass.gov/doc/mbta-communities-district-compliance-letters/download,2026-08-27T16:29:14-04:00
https://www.mass.gov/doc/archive-risk-needs-assessment-faqs/download,2026-08-27T01:09:27-04:00
https://www.mass.gov/doc/archive-october-newsletter-0/download,2026-08-27T15:12:02-04:00
https://www.mass.gov/doc/archive-mlts-non-compliant-registry-updated-10-31-24/download,2026-08-27T14:54:45-04:00
https://www.mass.gov/doc/archive-state-911-department-newsletter-november-2024/download,2026-08-27T01:11:00-04:00
https://www.mass.gov/doc/archive-november-newsletter1/download,2026-08-27T15:20:28-04:00
https://www.mass.gov/doc/archive-mlts-non-compliant-registry-updated-11-30-24/download,2026-08-27T14:53:51-04:00
https://www.mass.gov/doc/abcc-active-retail-licenses/download,2026-08-27T15:17:54-04:00
https://www.mass.gov/doc/abcc-active-state-licenses/download,2026-08-27T15:18:29-04:00
https://www.mass.gov/doc/municipal-finance-oversight-board-state-qualified-bond-authorization-application/download,2026-08-27T10:37:32-04:00
https://www.mass.gov/doc/municipal-finance-oversight-board-emergency-borrowing-application-0/download,2026-08-27T10:39:11-04:00
https://www.mass.gov/doc/municipal-finance-oversight-board-debt-limit-application-0/download,2026-08-27T10:38:41-04:00
https://www.mass.gov/doc/municipal-finance-oversight-board-consent-judgment-bond-authorization-application/download,2026-08-27T10:38:09-04:00
https://www.mass.gov/doc/archive-january-newsletter/download,2026-08-27T15:09:49-04:00
https://www.mass.gov/doc/performance-year-3-deliverables-and-due-dates-updated-08052026/download,2026-08-27T10:37:15-04:00
https://www.mass.gov/doc/archive-fy-2025-psaprecc-annual-certification-of-compliance-form/download,2026-08-27T00:52:07-04:00
https://www.mass.gov/doc/archive-mlts-non-compliant-registry-updated-2-28-25/download,2026-08-27T14:52:26-04:00
https://www.mass.gov/doc/archive-state-911-department-newsletter-april-2025/download,2026-08-27T01:10:05-04:00
https://www.mass.gov/doc/archive-august-newsletter/download,2026-08-27T15:07:18-04:00
https://www.mass.gov/doc/archive-september-newsletter/download,2026-08-27T15:06:26-04:00
https://www.mass.gov/doc/archive-october-newsletter/download,2026-08-27T15:04:29-04:00
https://www.mass.gov/doc/abawd-work-rules-flyer-spanish/download,2026-08-27T16:00:09-04:00
https://www.mass.gov/doc/abawd-work-rules-flyer-simplified-chinese/download,2026-08-27T16:01:23-04:00
https://www.mass.gov/doc/abawd-work-rules-flyer-haitian-creole/download,2026-08-27T16:01:56-04:00
https://www.mass.gov/doc/abawd-work-rules-flyer-portuguese/download,2026-08-27T16:03:26-04:00
https://www.mass.gov/doc/abawd-work-rules-flyer-vietnamese/download,2026-08-27T16:03:54-04:00
https://www.mass.gov/doc/archive-november-newsletter/download,2026-08-27T15:03:31-04:00
https://www.mass.gov/doc/archive-december-2025-newsletterrev2/download,2026-08-27T15:02:38-04:00
https://www.mass.gov/doc/data-breach-report-2026/download,2026-08-27T10:05:49-04:00
https://www.mass.gov/doc/mild-traumatic-brain-injury-treatment-guideline/download,2026-08-27T11:14:29-04:00
https://www.mass.gov/doc/holiday-permits-for-early-openings-on-columbus-veterans-day-2026/download,2026-08-27T09:22:47-04:00
https://www.mass.gov/doc/holiday-permits-for-opening-on-thanksgiving-day-christmas-day-2026/download,2026-08-27T09:23:34-04:00
https://www.mass.gov/doc/pharmacist-pep-guidelines-8-2026/download,2026-08-27T13:20:35-04:00
https://www.mass.gov/doc/pharmacist-guidance-doxypep-8-2026/download,2026-08-27T13:12:52-04:00
https://www.mass.gov/doc/pharmacist-guidance-for-sti-tx-8-2026/download,2026-08-27T13:17:16-04:00
https://www.mass.gov/doc/pharmacist-oral-prep-guidelines-8-2026/download,2026-08-27T12:59:50-04:00
https://www.mass.gov/doc/2026-correction-officer-i-examination-october-poster/download,2026-08-27T08:40:11-04:00
https://www.mass.gov/doc/adams-2025-annual-report/download,2026-08-27T15:53:38-04:00
https://www.mass.gov/doc/andover-2025-annual-report/download,2026-08-27T15:51:53-04:00
https://www.mass.gov/doc/arlington-2025-annual-report/download,2026-08-27T15:51:53-04:00
https://www.mass.gov/doc/flb-meeting-minutes-8-19-2026/download,2026-08-27T08:41:49-04:00
https://www.mass.gov/doc/flb-meeting-minutes-7-1-26/download,2026-08-27T08:43:18-04:00
https://www.mass.gov/doc/forest-products-industries-economic-contributions-massachusetts-2020/download,2026-08-27T08:43:18-04:00
https://www.mass.gov/doc/forest-products-industries-economic-contributions-massachusetts-2023/download,2026-08-27T08:43:18-04:00
https://www.mass.gov/doc/composite-2025/download,2026-08-27T15:51:53-04:00
https://www.mass.gov/doc/disability-retirement-statistics-2025/download,2026-08-27T15:51:53-04:00
https://www.mass.gov/doc/introduction-to-the-board-profiles-2025/download,2026-08-27T15:51:53-04:00
https://www.mass.gov/doc/investment-vendors-2025/download,2026-08-27T15:51:53-04:00
https://www.mass.gov/doc/letter-from-the-chairman-2025/download,2026-08-27T15:51:53-04:00
https://www.mass.gov/doc/year-in-review-2025/download,2026-08-27T15:51:53-04:00
https://www.mass.gov/doc/pharmacy-facts-283-august-26-2026-0/download,2026-08-27T10:06:02-04:00
https://www.mass.gov/doc/request-for-proposals-for-western-service-plazas-concessionaire/download,2026-08-27T09:17:33-04:00
https://www.mass.gov/doc/attachment-1-0/download,2026-08-27T08:44:54-04:00
https://www.mass.gov/doc/attachment-2-0/download,2026-08-27T08:45:55-04:00
https://www.mass.gov/doc/blue-hills-sr-september-programs-2/download,2026-08-27T09:07:15-04:00
https://www.mass.gov/doc/healthcare-access-presentation/download,2026-08-27T09:25:28-04:00
https://www.mass.gov/doc/2026-2027-migratory-game-bird-regulations/download,2026-08-27T09:31:37-04:00
https://www.mass.gov/doc/src-presentation-0/download,2026-08-27T09:33:45-04:00
https://www.mass.gov/doc/memorandum-to-the-public-health-council/download,2026-08-27T10:05:44-04:00
https://www.mass.gov/doc/agency-for-healthcare-research-and-quality-preventing-falls-in-hospitals-pdf/download,2026-08-27T10:15:12-04:00
https://www.mass.gov/doc/notice-to-quit-accompanying-form-0/download,2026-08-27T10:20:39-04:00
https://www.mass.gov/doc/notice-to-quit-accompanying-form-1/download,2026-08-27T10:23:28-04:00
https://www.mass.gov/doc/notice-to-quit-accompanying-form-2/download,2026-08-27T10:25:05-04:00
https://www.mass.gov/doc/notice-to-quit-accompanying-form-3/download,2026-08-27T10:26:39-04:00
https://www.mass.gov/doc/notice-to-quit-accompanying-form-4/download,2026-08-27T10:28:18-04:00
https://www.mass.gov/doc/2026-1417-university-surgical-associates-pllc/download,2026-08-27T10:28:39-04:00
https://www.mass.gov/doc/2026-1418-allied-health-mso-holdco-llc/download,2026-08-27T10:28:57-04:00
https://www.mass.gov/doc/2026-1419-neighborhood-healthsource/download,2026-08-27T10:29:12-04:00
https://www.mass.gov/doc/2026-1420-punch-associates-investment-management-inc/download,2026-08-27T10:29:29-04:00
https://www.mass.gov/doc/2026-1421-museum-associates-dba-los-angeles-museum-of-art-lacma/download,2026-08-27T10:29:45-04:00
https://www.mass.gov/doc/2026-1422-fall-river-municipal-credit-union/download,2026-08-27T10:30:04-04:00
https://www.mass.gov/doc/2026-1423-united-language-group/download,2026-08-27T10:30:20-04:00
https://www.mass.gov/doc/2026-1424-spokane-united-methodist-homes/download,2026-08-27T10:30:36-04:00
https://www.mass.gov/doc/2026-1425-cambridge-savings-bank/download,2026-08-27T10:30:51-04:00
https://www.mass.gov/doc/2026-1426-apollo-management-holdings/download,2026-08-27T10:31:20-04:00
https://www.mass.gov/doc/2026-1427-hasbro-inc/download,2026-08-27T10:31:44-04:00
https://www.mass.gov/doc/2026-1428-river-city-data/download,2026-08-27T10:31:59-04:00
https://www.mass.gov/doc/2026-1429-advantage-home-health-care/download,2026-08-27T10:32:16-04:00
https://www.mass.gov/doc/2026-1430-ocean-edge-resort-and-golf-club/download,2026-08-27T10:32:33-04:00
https://www.mass.gov/doc/2026-1431-castle-management-llc/download,2026-08-27T10:32:49-04:00
https://www.mass.gov/doc/2026-1432-edwards-county-medical-center/download,2026-08-27T10:33:06-04:00
https://www.mass.gov/doc/2026-1433-fall-river-municipal-credit-union/download,2026-08-27T10:33:21-04:00
https://www.mass.gov/doc/2026-1434-savers-bank/download,2026-08-27T10:33:37-04:00
https://www.mass.gov/doc/2026-1435-alan-gordon-cpa/download,2026-08-27T10:33:53-04:00
https://www.mass.gov/doc/2026-1436-millbury-national-bank/download,2026-08-27T10:34:09-04:00
https://www.mass.gov/doc/2026-1437-bell-american-group-llc/download,2026-08-27T10:34:25-04:00
https://www.mass.gov/doc/2026-1438-iroquois-memorial-hospital/download,2026-08-27T10:34:44-04:00
https://www.mass.gov/doc/2026-1439-the-health-trust-and-its-subsidiary-fass/download,2026-08-27T10:35:33-04:00
https://www.mass.gov/doc/2026-1440-spectrum-laboratory-products-inc/download,2026-08-27T10:35:51-04:00
https://www.mass.gov/doc/2026-1442-healthfirst-bluegrass-inc/download,2026-08-27T10:37:21-04:00
https://www.mass.gov/doc/mwra-regional-supplier-ita-application/download,2026-08-27T10:44:53-04:00
https://www.mass.gov/doc/scheduled-hearings-83126-9426/download,2026-08-27T11:02:43-04:00
https://www.mass.gov/doc/emergency-preparedness-month-2025-proclamation/download,2026-08-27T11:08:03-04:00
https://www.mass.gov/doc/peracs-unofficial-dictionary-of-chapter-32/download,2026-08-27T11:10:03-04:00
https://www.mass.gov/doc/title-x-complaint/download,2026-08-27T11:32:48-04:00
https://www.mass.gov/doc/request-for-proposals-for-eastern-service-plazas-concessionaire/download,2026-08-27T11:42:27-04:00
https://www.mass.gov/doc/notice-to-the-p3-commission-of-intent-to-issue-request-for-proposals-for-eastern-service-plazas/download,2026-08-27T11:49:08-04:00
https://www.mass.gov/doc/transition-agreement-for-the-eastern-service-plazas/download,2026-08-27T11:50:08-04:00
https://www.mass.gov/doc/lease-and-concessions-agreement-for-eastern-service-plazas/download,2026-08-27T12:05:00-04:00
https://www.mass.gov/doc/lease-and-concessions-agreement-for-central-service-plazas/download,2026-08-27T12:15:05-04:00
https://www.mass.gov/doc/request-for-proposals-for-central-service-plazas-concessionaire/download,2026-08-27T12:17:26-04:00
https://www.mass.gov/doc/transition-agreement-for-the-central-service-plazas/download,2026-08-27T12:18:44-04:00
https://www.mass.gov/doc/notice-to-the-p3-commission-of-intent-to-issue-request-for-proposals-for-central-service-plazas/download,2026-08-27T12:19:48-04:00
https://www.mass.gov/doc/audit-report-executive-office-of-housing-and-livable-communities/download,2026-08-27T12:25:27-04:00
https://www.mass.gov/doc/board-agenda-922026/download,2026-08-27T13:19:22-04:00
https://www.mass.gov/doc/board-materials-922026/download,2026-08-27T13:25:56-04:00
https://www.mass.gov/doc/proposed-treatment-locations-friday-august-28-2026/download,2026-08-27T13:47:26-04:00
https://www.mass.gov/doc/ehs-cto-project-data-classification-and-pia-template-v40-final/download,2026-08-27T13:49:33-04:00
https://www.mass.gov/doc/delay-in-obtaining-search-warrant-for-phones-commonwealth-v-solis-commonwealth-v-diaz-2026/download,2026-08-27T14:03:31-04:00
https://www.mass.gov/doc/dcr-dwsp-forestry-proposal-ha-27-12/download,2026-08-27T14:53:46-04:00
https://www.mass.gov/doc/dcr-dwsp-forestry-proposal-pe-27-04/download,2026-08-27T14:53:46-04:00
https://www.mass.gov/doc/dcr-dwsp-forestry-proposal-pe-27-09/download,2026-08-27T14:53:46-04:00
https://www.mass.gov/doc/dcr-dwsp-forestry-proposal-pr-27-03/download,2026-08-27T14:53:46-04:00
https://www.mass.gov/doc/dcr-dwsp-forestry-proposal-pr-27-07/download,2026-08-27T14:53:46-04:00
https://www.mass.gov/doc/dcr-dwsp-forestry-proposal-pr-27-18/download,2026-08-27T14:53:43-04:00
https://www.mass.gov/doc/dcr-dwsp-forestry-proposal-wa-27-24/download,2026-08-27T14:53:43-04:00
https://www.mass.gov/doc/dcr-dwsp-forestry-proposal-wa-27-30/download,2026-08-27T14:53:43-04:00
https://www.mass.gov/doc/dcr-dwsp-forestry-proposal-wa-27-38/download,2026-08-27T14:53:43-04:00
https://www.mass.gov/doc/dcr-dwsp-forestry-proposal-wa-27-69/download,2026-08-27T14:53:43-04:00
https://www.mass.gov/doc/dcr-dwsp-forestry-proposal-wa-27-97/download,2026-08-27T14:53:43-04:00
https://www.mass.gov/doc/dcr-dwsp-forestry-proposal-wa-27-142/download,2026-08-27T14:53:43-04:00
https://www.mass.gov/doc/dcr-dwsp-forestry-proposal-wa-27-209/download,2026-08-27T14:53:43-04:00
https://www.mass.gov/doc/dcr-dwsp-forestry-proposal-wa-27-333/download,2026-08-27T14:53:43-04:00
https://www.mass.gov/doc/dcr-dwsp-forestry-proposal-wr-27-37/download,2026-08-27T14:53:43-04:00
https://www.mass.gov/doc/responses-to-don-questions-21/download,2026-08-27T14:46:12-04:00
https://www.mass.gov/doc/fy27-eco-one-stop-sample-application-core-and-program-sections/download,2026-08-27T14:59:42-04:00
https://www.mass.gov/doc/2026-5-14-core-oversight-minutesfinal/download,2026-08-27T15:11:19-04:00
https://www.mass.gov/doc/chiropractors-board-meeting-agenda-9326/download,2026-08-27T15:50:21-04:00
https://www.mass.gov/doc/chiropractors-board-meeting-minutes-6426/download,2026-08-27T15:50:44-04:00
https://www.mass.gov/doc/massasoit-sp-september-programs-1/download,2026-08-27T16:05:25-04:00
https://www.mass.gov/doc/administrative-bulletin-26-17-101-cmr-322-rates-for-durable-medical-equipment-oxygen-and-respiratory-therapy-equipment-coding-updates-effective-april-1-2026-and-july-1-2026/download,2026-08-27T16:19:38-04:00
https://www.mass.gov/doc/administrative-bulletin-26-18-101-cmr-334-rates-for-prostheses-prosthetic-devices-and-orthotic-devices-coding-updates-for-certain-prostheses-and-orthotic-devices-effective-april-1-2026/download,2026-08-27T16:20:05-04:00
https://www.mass.gov/doc/municipal-fleet-safety-grant-workbook/download,2026-08-27T16:30:09-04:00
https://www.mass.gov/doc/printable-application-for-dmh-services/download,2026-08-27T16:46:21-04:00
https://www.mass.gov/doc/agency-directory-44/download,2026-08-27T16:56:20-04:00
https://www.mass.gov/advisory/update-dcr-recreational-advisory-georges-island,2026-08-27T16:16:26-04:00
https://www.mass.gov/memorandum/perac-memo-23-2026-cola-reserve-fund-and-enhanced-cola,2026-08-27T08:46:02-04:00
https://www.mass.gov/advisory/dcr-traffic-advisory-intervale-road,2026-08-27T16:12:52-04:00
https://www.mass.gov/advisory/dcr-recreation-advisory-buckley-dunton-boat-ramp-in-becket,2026-08-27T16:14:32-04:00
https://www.mass.gov/guide/guide-to-using-mymassgov,2026-08-27T10:05:21-04:00
https://www.mass.gov/exam-results/2026-elevator-mechanic-exam-results,2026-08-27T09:09:21-04:00
https://www.mass.gov/audit/audit-of-the-executive-office-of-housing-and-livable-communities-august-27-2026,2026-08-27T12:37:42-04:00
https://www.mass.gov/emergency-preparedness-month,2026-08-27T11:15:18-04:00
https://www.mass.gov/988-suicide-and-crisis-lifeline,2026-08-27T09:27:02-04:00
https://www.mass.gov/welcome-to-mymassgov,2026-08-27T17:39:03-04:00
https://www.mass.gov/lists/current-and-prior-hearing-dockets,2026-08-27T11:03:39-04:00
https://www.mass.gov/lists/massachusetts-commission-on-lgbtq-youth-staff-directory,2026-08-27T08:33:57-04:00
https://www.mass.gov/lists/data-breach-notification-reports,2026-08-27T10:06:33-04:00
https://www.mass.gov/lists/board-of-registration-of-chiropractors-meetings-agendas-minutes,2026-08-27T15:54:06-04:00
https://www.mass.gov/lists/2026-eohhs-administrative-bulletins,2026-08-27T16:21:19-04:00
https://www.mass.gov/lists/lifespan-of-massachusetts-inc-amendment,2026-08-27T10:06:48-04:00
https://www.mass.gov/lists/guidelines-for-pharmacists-to-prescribe-oral-prep-pep-sti-treatment-and-doxypep,2026-08-27T13:17:59-04:00
https://www.mass.gov/lists/perac-2025-annual-report,2026-08-27T16:04:08-04:00
https://www.mass.gov/forms/quincy-shore-drive-community-survey,2026-08-27T09:12:53-04:00
https://www.mass.gov/forms/fy27-section-66-strategic-sourcing-certificate-program-sscp,2026-08-27T08:24:24-04:00
https://www.mass.gov/guides/massdep-mercury-information,2026-08-27T09:57:44-04:00
https://www.mass.gov/guides/massachusetts-department-of-revenue-tax-guides,2026-08-27T14:22:12-04:00
https://www.mass.gov/guides/forestry-licensing-in-massachusetts,2026-08-27T12:34:18-04:00
https://www.mass.gov/how-to/breath-test-operator-course-bto,2026-08-27T10:36:49-04:00
https://www.mass.gov/how-to/create-a-mymassgov-personal-account,2026-08-27T10:30:11-04:00
https://www.mass.gov/how-to/create-a-mymassgov-business-account,2026-08-27T10:34:52-04:00
https://www.mass.gov/how-to/log-in-to-mymassgov,2026-08-27T10:22:29-04:00
https://www.mass.gov/how-to/reset-multifactor-authentication-mfa-for-mymassgov,2026-08-27T09:59:37-04:00
https://www.mass.gov/how-to/link-your-mymassgov-account-to-a-state-service-account,2026-08-27T09:41:49-04:00
https://www.mass.gov/info-details/safely-manage-household-hazardous-products,2026-08-27T10:05:25-04:00
https://www.mass.gov/info-details/out-of-state-contractors-and-subcontractors,2026-08-27T14:20:40-04:00
https://www.mass.gov/info-details/health-care-frequently-asked-questions-for-employers,2026-08-27T14:59:40-04:00
https://www.mass.gov/info-details/getting-information-from-dor,2026-08-27T14:18:50-04:00
https://www.mass.gov/info-details/massachusetts-dor-tax-due-dates-and-extensions,2026-08-27T14:03:28-04:00
https://www.mass.gov/info-details/applications-for-dmh-services,2026-08-27T16:48:29-04:00
https://www.mass.gov/info-details/migratory-game-bird-hunting-regulations,2026-08-27T09:50:02-04:00
https://www.mass.gov/info-details/geotextile-fabrics-m9500,2026-08-27T11:01:17-04:00
https://www.mass.gov/info-details/massgis-data-layers,2026-08-27T10:42:18-04:00
https://www.mass.gov/info-details/massachusetts-form-1099-filing-requirements,2026-08-27T14:59:40-04:00
https://www.mass.gov/info-details/notice-to-quit-accompanying-form,2026-08-27T11:29:12-04:00
https://www.mass.gov/info-details/massgis-data-property-tax-parcels,2026-08-27T10:40:00-04:00
https://www.mass.gov/info-details/paid-family-and-medical-leave-pfml-overview-and-benefits,2026-08-27T13:24:08-04:00
https://www.mass.gov/info-details/pfml-transitioning-from-medical-leave-to-family-leave-to-bond-with-a-child,2026-08-27T11:50:27-04:00
https://www.mass.gov/info-details/creating-a-leave-administrator-account-to-review-paid-family-and-medical-leave-pfml-applications,2026-08-27T13:14:41-04:00
https://www.mass.gov/info-details/massachusetts-technical-standards-review-group,2026-08-27T10:46:46-04:00
https://www.mass.gov/info-details/massachusetts-form-w-2-responsibilities-for-employers,2026-08-27T13:19:25-04:00
https://www.mass.gov/info-details/environmental-management-commissions-advisory-groups-meetings,2026-08-27T10:37:49-04:00
https://www.mass.gov/info-details/find-a-non-bank-atm,2026-08-27T12:28:43-04:00
https://www.mass.gov/info-details/about-the-988-lifeline,2026-08-27T09:54:39-04:00
https://www.mass.gov/info-details/988-information-for-behavioral-health-providers-and-community-based-organizations,2026-08-27T09:59:43-04:00
https://www.mass.gov/info-details/basic-hunter-education-courses,2026-08-27T14:48:54-04:00
https://www.mass.gov/info-details/program-financial-guidelines-for-certain-masshealth-applicants-and-members,2026-08-27T14:38:51-04:00
https://www.mass.gov/info-details/masshealth-disability-accommodation-ombudsman,2026-08-27T12:14:17-04:00
https://www.mass.gov/info-details/office-of-fishing-and-boating-access-news-and-updates,2026-08-27T14:29:10-04:00
https://www.mass.gov/info-details/agawam-mill-pond,2026-08-27T08:02:07-04:00
https://www.mass.gov/info-details/contact-information-for-help-with-mymassgov,2026-08-27T16:45:36-04:00
https://www.mass.gov/info-details/massachusetts-dor-corporate-excise-tax-estimated-payments,2026-08-27T09:24:28-04:00
https://www.mass.gov/info-details/health-care-reform-for-employers,2026-08-27T14:59:40-04:00
https://www.mass.gov/info-details/saltwater-angler-education-program,2026-08-27T11:32:04-04:00
https://www.mass.gov/info-details/view-e9-1-1-upcoming-classes,2026-08-27T12:24:58-04:00
https://www.mass.gov/info-details/mcad-public-hearings,2026-08-27T10:47:06-04:00
https://www.mass.gov/info-details/whats-new-massgis,2026-08-27T10:49:21-04:00
https://www.mass.gov/info-details/dsb-meetings-events-and-minutes,2026-08-27T16:55:14-04:00
https://www.mass.gov/info-details/on-the-governors-desk,2026-08-27T16:19:38-04:00
https://www.mass.gov/info-details/review-the-meetings-of-the-water-resources-commission,2026-08-27T10:51:39-04:00
https://www.mass.gov/info-details/smart-retirement-beyond-virtual-webinars-msrb,2026-08-27T14:27:13-04:00
https://www.mass.gov/info-details/report-your-bankruptcy-filing-to-the-massachusetts-dor,2026-08-27T14:59:40-04:00
https://www.mass.gov/info-details/retirement-board-request-for-proposal-rfp-notices,2026-08-27T09:58:45-04:00
https://www.mass.gov/info-details/adalb-notices-of-meetings-and-agenda,2026-08-27T06:23:51-04:00
https://www.mass.gov/info-details/open-retirement-board-member-positions,2026-08-27T16:30:53-04:00
https://www.mass.gov/info-details/coastal-resilience-grant-program,2026-08-27T14:06:56-04:00
https://www.mass.gov/info-details/approved-shelter-and-rescue-organizations,2026-08-27T15:54:21-04:00
https://www.mass.gov/info-details/mapping-resources,2026-08-27T11:47:14-04:00
https://www.mass.gov/info-details/information-for-employment-agencies,2026-08-27T14:15:45-04:00
https://www.mass.gov/info-details/information-for-placement-and-staffing-agencies,2026-08-27T13:57:52-04:00
https://www.mass.gov/info-details/information-for-staffing-agencies,2026-08-27T13:54:56-04:00
https://www.mass.gov/info-details/czm-jobs-and-grants,2026-08-27T11:35:44-04:00
https://www.mass.gov/info-details/ust-proposed-meeting-schedule,2026-08-27T10:12:37-04:00
https://www.mass.gov/info-details/utilization-and-markets-program,2026-08-27T12:33:46-04:00
https://www.mass.gov/info-details/board-approved-continuing-education-courses,2026-08-27T16:41:28-04:00
https://www.mass.gov/info-details/coastal-habitat-and-water-quality-grants,2026-08-27T10:53:31-04:00
https://www.mass.gov/info-details/board-of-trustees-meeting-information,2026-08-27T13:59:12-04:00
https://www.mass.gov/info-details/learn-to-hunt-events,2026-08-27T18:47:59-04:00
https://www.mass.gov/info-details/tax-information-for-businesses-new-to-massachusetts,2026-08-27T13:28:32-04:00
https://www.mass.gov/info-details/about-the-i-495-andover-lawrence-bridge-replacements,2026-08-27T13:55:49-04:00
https://www.mass.gov/info-details/dpu-rail-information-and-reports,2026-08-27T16:00:30-04:00
https://www.mass.gov/info-details/guidelines-for-compensating-experience-research-participants,2026-08-27T11:10:44-04:00
https://www.mass.gov/info-details/traffic-and-construction-updates-rourke-bridge-replacement-project,2026-08-27T14:30:03-04:00
https://www.mass.gov/info-details/environment-climate-one-stop,2026-08-27T15:03:51-04:00
https://www.mass.gov/info-details/archive-traffic-and-construction-updates-rourke-bridge-replacement-project,2026-08-27T14:09:46-04:00
https://www.mass.gov/info-details/environment-climate-one-stop-eco-one-stop-grants-catalogue,2026-08-27T15:05:19-04:00
https://www.mass.gov/info-details/environment-climate-one-stop-faq,2026-08-27T15:07:23-04:00
https://www.mass.gov/info-details/ust-agenda-petroleum-cleanup-fund-administrative-review-board-meeting,2026-08-27T10:51:07-04:00
https://www.mass.gov/info-details/dcr-archaeology-month-programs,2026-08-27T12:28:29-04:00
https://www.mass.gov/info-details/what-you-can-do-if-your-child-is-being-bullied,2026-08-27T09:15:42-04:00
https://www.mass.gov/info-details/stop-bullying-be-the-reason-someone-belongs,2026-08-27T09:13:03-04:00
https://www.mass.gov/info-details/2026-board-of-state-examiners-of-electricians-meetings,2026-08-27T11:00:55-04:00
https://www.mass.gov/info-details/2026-examiners-of-plumbers-and-gas-fitters-meetings,2026-08-27T14:17:38-04:00
https://www.mass.gov/info-details/board-of-elevator-regulations-2026-meetings,2026-08-27T11:57:52-04:00
https://www.mass.gov/info-details/building-regulations-and-standards-bbrs-2026-advisory-committee-meetings,2026-08-27T11:07:02-04:00
https://www.mass.gov/info-details/harmful-cyanobacterial-bloom-advisories-in-massachusetts,2026-08-27T08:03:20-04:00
https://www.mass.gov/info-details/documents-and-meeting-materials-massdot-service-plaza-procurement,2026-08-27T12:25:03-04:00
https://www.mass.gov/info-details/bowker-overpass-construction-staging-and-timeline,2026-08-27T16:01:48-04:00
https://www.mass.gov/info-details/technical-advisory-group-members,2026-08-27T08:37:13-04:00
https://www.mass.gov/info-details/greater-boston-urology-llc-don-required-equipment,2026-08-27T14:46:58-04:00
https://www.mass.gov/info-details/annual-reporting-for-green-communities,2026-08-27T16:02:03-04:00
https://www.mass.gov/info-details/the-mass-save-program,2026-08-27T13:06:36-04:00
https://www.mass.gov/info-details/appellate-tax-board-weekly-scheduled-hearings,2026-08-27T14:31:43-04:00
https://www.mass.gov/info-details/taking-steps-for-self-care-a-problem-gambling-resource-for-affected-others,2026-08-27T10:45:56-04:00
https://www.mass.gov/info-details/meeting-notice-and-agenda-items-for-the-massachusetts-auto-damage-appraiser-licensing-board-september-1-2026,2026-08-27T06:18:04-04:00
https://www.mass.gov/info-details/list-of-abbreviations-in-the-audit-of-the-executive-office-of-housing-and-livable-communities,2026-08-27T09:40:37-04:00
https://www.mass.gov/info-details/audit-of-the-executive-office-of-housing-and-livable-communities-overview-of-audited-entity,2026-08-27T12:30:51-04:00
https://www.mass.gov/info-details/audit-of-the-executive-office-of-housing-and-livable-communities-objectives-scope-and-methodology,2026-08-27T12:34:25-04:00
https://www.mass.gov/info-details/executive-office-of-housing-and-livable-communities-finding-1,2026-08-27T12:35:20-04:00
https://www.mass.gov/info-details/executive-office-of-housing-and-livable-communities-finding-2,2026-08-27T10:58:13-04:00
https://www.mass.gov/info-details/executive-office-of-housing-and-livable-communities-other-matters,2026-08-27T11:01:28-04:00
https://www.mass.gov/info-details/executive-office-of-housing-and-livable-communities-appendix-a,2026-08-27T12:19:39-04:00
https://www.mass.gov/info-details/executive-office-of-housing-and-livable-communities-appendix-b,2026-08-27T12:20:56-04:00
https://www.mass.gov/info-details/august-26-2026-elevator-mechanics-exam-results,2026-08-27T09:08:42-04:00
https://www.mass.gov/info-details/quincy-retirement-board-request-for-proposal-1,2026-08-27T09:55:18-04:00
https://www.mass.gov/info-details/notice-of-election-newburyport-retirement-board,2026-08-27T11:16:48-04:00
https://www.mass.gov/info-details/tura-administrative-council-decision-history,2026-08-27T14:28:18-04:00
https://www.mass.gov/info-details/fifth-member-position-northampton-retirement-board,2026-08-27T16:27:29-04:00
https://www.mass.gov/locations/blue-hills-reservation,2026-08-27T10:29:59-04:00
https://www.mass.gov/news/massachusetts-department-of-correction-announces-new-service-dog-training-partnership-with-canine-companions,2026-08-27T12:43:07-04:00
https://www.mass.gov/news/massachusetts-department-of-correction-and-boston-college-announce-expansion-of-undergraduate-program-to-mci-framingham,2026-08-27T09:52:32-04:00
https://www.mass.gov/news/massachusetts-commission-on-lgbtq-youth-announces-2026-jeff-perrotti-lgbtq-student-leadership-award-recipients,2026-08-27T08:16:26-04:00
https://www.mass.gov/news/statement-from-the-massachusetts-commission-on-lgbtq-youth-regarding-the-united-states-supreme-court-decision-allowing-states-to-exclude-transgender-girls-from-school-sports,2026-08-27T08:17:09-04:00
https://www.mass.gov/news/massachusetts-department-of-correction-opens-reintegration-house-at-mci-framingham,2026-08-27T09:44:09-04:00
https://www.mass.gov/news/statement-from-the-massachusetts-commission-on-lgbtq-youth-regarding-the-old-rochester-regional-school-district-and-massachusetts-superintendency-union-55,2026-08-27T08:15:32-04:00
https://www.mass.gov/news/artificial-intelligence-disability-and-the-future-of-work-panel-discussion,2026-08-27T10:20:40-04:00
https://www.mass.gov/news/healey-driscoll-administration-celebrates-start-of-156-million-improvement-project-at-lynn-veterans-memorial-park,2026-08-27T08:40:03-04:00
https://www.mass.gov/news/ag-campbell-challenges-title-x-funding-conditions-on-family-planning-programs,2026-08-27T11:36:41-04:00
https://www.mass.gov/news/circular-letter-dcp-26-08-125,2026-08-27T16:15:01-04:00
https://www.mass.gov/news/secretary-mahaniah-launches-statewide-community-mental-health-tour,2026-08-27T17:14:15-04:00
https://www.mass.gov/orgs/bristol-county-mosquito-control-project,2026-08-27T13:49:13-04:00
https://www.mass.gov/orgs/workforce-skills-cabinet,2026-08-27T09:36:35-04:00
https://www.mass.gov/orgs/green-communities-division,2026-08-27T14:55:06-04:00
https://www.mass.gov/orgs/mymassgov,2026-08-27T17:26:34-04:00
https://www.mass.gov/orgs/eea-climate-team,2026-08-27T15:07:28-04:00
https://www.mass.gov/regulations/321-CMR-300-hunting,2026-08-27T09:33:01-04:00
https://www.mass.gov/business-taxes,2026-08-27T13:25:37-04:00
https://www.mass.gov/birth-defects-research-prevention,2026-08-27T09:27:43-04:00
https://www.mass.gov/osd-buyer-training,2026-08-27T08:25:42-04:00
https://www.mass.gov/massmen,2026-08-27T10:03:46-04:00
https://www.mass.gov/achieving-net-zero-massachusetts-efforts-to-reduce-greenhouse-gas-emissions,2026-08-27T15:26:32-04:00
https://www.mass.gov/green-communities-grant-opportunities,2026-08-27T14:58:08-04:00
https://www.mass.gov/topics/business,2026-08-27T13:24:05-04:00
