URL,Last Modified
https://www.mass.gov/doc/service-authorization-packet-spanish/download,2026-08-26T11:38:29-04:00
https://www.mass.gov/doc/lexington-retirement-board-valuation-report-2025/download,2026-08-26T12:36:02-04:00
https://www.mass.gov/doc/archive-jjac-best-practices-subcommittee-meeting-notice-and-agenda-september-26-2016/download,2026-08-26T11:24:45-04:00
https://www.mass.gov/doc/archive-metrcc-meeting-minutes-january-22-2010/download,2026-08-26T13:12:32-04:00
https://www.mass.gov/doc/archive-meeting-notice-sac-november-12-2014/download,2026-08-26T13:09:12-04:00
https://www.mass.gov/doc/franklin-regional-retirement-board-valuation-report-2026/download,2026-08-26T13:05:18-04:00
https://www.mass.gov/doc/hha-51-revised-regulations/download,2026-08-26T12:55:50-04:00
https://www.mass.gov/doc/archive-minutesmsac5212015pdf/download,2026-08-26T13:29:30-04:00
https://www.mass.gov/doc/archive-meeting-notice-fpfp-april-29-2015/download,2026-08-26T13:00:56-04:00
https://www.mass.gov/doc/archive-meeting-notice-bbrs-march-11-2014doc/download,2026-08-26T12:45:13-04:00
https://www.mass.gov/doc/archive-flrb-meeting-minutes-september-2016/download,2026-08-26T11:01:15-04:00
https://www.mass.gov/doc/archive-meeting-notice-bbrs-july-8-2014doc/download,2026-08-26T12:44:07-04:00
https://www.mass.gov/doc/archive-mabnoticejanuary122017pdf/download,2026-08-26T12:37:33-04:00
https://www.mass.gov/doc/archive-flrb-meeting-minutes-october-2016/download,2026-08-26T11:00:39-04:00
https://www.mass.gov/doc/archive-meetingnoticedecember82016msacpdf/download,2026-08-26T13:11:00-04:00
https://www.mass.gov/doc/archive-minutes-bccc-march-20-2014-approved-4-17-14doc/download,2026-08-26T13:24:16-04:00
https://www.mass.gov/doc/archive-metrcc-meeting-minutes-november-14-2013/download,2026-08-26T13:14:13-04:00
https://www.mass.gov/doc/archive-jjac-executive-subcommittee-minutes-82515/download,2026-08-26T11:33:55-04:00
https://www.mass.gov/doc/archive-jjac-meeting-minutes-6815/download,2026-08-26T11:50:39-04:00
https://www.mass.gov/doc/archive-flrb-meeting-minutes-november-2016/download,2026-08-26T11:00:02-04:00
https://www.mass.gov/doc/archive-jjac-meeting-minutes-31916/download,2026-08-26T11:39:30-04:00
https://www.mass.gov/doc/archive-msacnoticefebruary42016pdf/download,2026-08-26T14:34:01-04:00
https://www.mass.gov/doc/marlborough-retirement-board-valuation-report-2025/download,2026-08-26T12:38:03-04:00
https://www.mass.gov/doc/doc-216-training-and-staff-development/download,2026-08-26T07:54:46-04:00
https://www.mass.gov/doc/archive-msacnoticenovember212016revisedpdf/download,2026-08-26T14:37:53-04:00
https://www.mass.gov/doc/doc-342-rentals-and-leases/download,2026-08-26T07:54:42-04:00
https://www.mass.gov/doc/archive-notice1082015revisedpdf/download,2026-08-26T14:45:37-04:00
https://www.mass.gov/doc/archive-notice352015pdf/download,2026-08-26T14:46:43-04:00
https://www.mass.gov/doc/archive-msacminutes352015pdf/download,2026-08-26T13:50:45-04:00
https://www.mass.gov/doc/archive-trccminutes060310doc/download,2026-08-26T23:40:07-04:00
https://www.mass.gov/doc/archive-fpfp-minutes-october-30-2014-approved-november-10/download,2026-08-26T11:07:01-04:00
https://www.mass.gov/doc/archive-meeting-notice-c34ac-november-5-2014/download,2026-08-26T12:59:17-04:00
https://www.mass.gov/doc/archive-msacnoticeseptember12016pdf/download,2026-08-26T14:38:56-04:00
https://www.mass.gov/doc/archive-meeting-notice-bbrs-december-9-2014/download,2026-08-26T12:42:50-04:00
https://www.mass.gov/doc/mass-housing-finance-agency-retirement-board-valuation-report-2025/download,2026-08-26T12:39:04-04:00
https://www.mass.gov/doc/archive-notice492015pdf/download,2026-08-26T14:47:13-04:00
https://www.mass.gov/doc/archive-msacminutes252015pdf/download,2026-08-26T13:49:32-04:00
https://www.mass.gov/doc/brockton-retirement-board-valuation-report-2026/download,2026-08-26T12:59:38-04:00
https://www.mass.gov/doc/shrewsbury-retirement-board-valuation-report-2025/download,2026-08-26T12:46:19-04:00
https://www.mass.gov/doc/archive-minutesmsac492015pdf/download,2026-08-26T13:29:00-04:00
https://www.mass.gov/doc/archive-notice-of-public-hearing-msacpdf/download,2026-08-26T14:43:25-04:00
https://www.mass.gov/doc/archive-meeting-notice-sac-june-18-2014doc/download,2026-08-26T13:08:08-04:00
https://www.mass.gov/doc/fire-mobilization-points-of-contact/download,2026-08-26T11:50:26-04:00
https://www.mass.gov/doc/hha-52-final-changes-to-revised-regulations/download,2026-08-26T12:56:06-04:00
https://www.mass.gov/doc/archive-msacnoticedecember22015pdf/download,2026-08-26T14:32:46-04:00
https://www.mass.gov/doc/hha-50-revised-appendix-d/download,2026-08-26T12:54:46-04:00
https://www.mass.gov/doc/archive-meeting-notice-chapter-34-advisory-committee-october-16-2014/download,2026-08-26T12:59:52-04:00
https://www.mass.gov/doc/archive-jjac-dmc-subcommittee-minutes-21715/download,2026-08-26T11:27:04-04:00
https://www.mass.gov/doc/archive-jjac-dmc-subcommittee-minutes-51415/download,2026-08-26T11:28:48-04:00
https://www.mass.gov/doc/archive-meeting-notice-fpfp-february-24-2015/download,2026-08-26T13:01:26-04:00
https://www.mass.gov/doc/archive-htc-notice-of-open-meeting-agenda-june-16-2016/download,2026-08-26T11:14:25-04:00
https://www.mass.gov/doc/archive-meeting-notice-bbrs-april-14-2015/download,2026-08-26T12:42:19-04:00
https://www.mass.gov/doc/archive-jjac-executive-subcommittee-minutes-122115/download,2026-08-26T11:31:07-04:00
https://www.mass.gov/doc/hampshire-county-retirement-board-valuation-report-2026/download,2026-08-26T13:06:18-04:00
https://www.mass.gov/doc/archive-jjac-meeting-minutes-51916/download,2026-08-26T11:50:07-04:00
https://www.mass.gov/doc/archive-jjac-dmc-subcommittee-minutes-42816/download,2026-08-26T11:28:12-04:00
https://www.mass.gov/doc/archive-notice-2-5-2015revisedpdf/download,2026-08-26T14:39:30-04:00
https://www.mass.gov/doc/archive-jjac-executive-subcommittee-minutes-102615/download,2026-08-26T11:30:31-04:00
https://www.mass.gov/doc/archive-meeting-notice-fpfp-april-29-2014pdf/download,2026-08-26T13:00:24-04:00
https://www.mass.gov/doc/archive-jjac-executive-subcommittee-minutes-21915/download,2026-08-26T11:31:42-04:00
https://www.mass.gov/doc/archive-minutesjune22016approvedpdf/download,2026-08-26T13:27:30-04:00
https://www.mass.gov/doc/archive-meeting-notice-fpfp-june-17-2014doc/download,2026-08-26T13:02:26-04:00
https://www.mass.gov/doc/doc-402-identification-for-incarcerated-and-civilly-committed-individuals/download,2026-08-26T07:54:40-04:00
https://www.mass.gov/doc/needham-retirement-board-valuation-report-2025/download,2026-08-26T12:44:53-04:00
https://www.mass.gov/doc/archive-meeting-notice-gac-september-29-2014/download,2026-08-26T13:06:36-04:00
https://www.mass.gov/doc/archive-notice8122015pdf/download,2026-08-26T14:58:06-04:00
https://www.mass.gov/doc/archive-notice5212015pdf/download,2026-08-26T14:47:57-04:00
https://www.mass.gov/doc/archive-meeting-notice-bbrs-november-18-2014/download,2026-08-26T12:47:29-04:00
https://www.mass.gov/doc/archive-minutesfeb42016pdf/download,2026-08-26T13:26:29-04:00
https://www.mass.gov/doc/archive-minutes-bccc-may-15-2014-approved-july-17-2014/download,2026-08-26T13:14:44-04:00
https://www.mass.gov/doc/archive-msacnotice352015pdf/download,2026-08-26T13:57:54-04:00
https://www.mass.gov/doc/archive-msacnoticeapril72016revisedpdf/download,2026-08-26T14:31:43-04:00
https://www.mass.gov/doc/archive-meeting-notice-fpfp-september-25-2014/download,2026-08-26T13:06:05-04:00
https://www.mass.gov/doc/archive-meeting-notice-bbrs-october-14-2014/download,2026-08-26T12:48:07-04:00
https://www.mass.gov/doc/archive-notice-bccc-april-17-2014doc/download,2026-08-26T14:40:01-04:00
https://www.mass.gov/doc/archive-msacnoticejanuary122017pdf/download,2026-08-26T14:34:40-04:00
https://www.mass.gov/doc/archive-metrcc-meeting-minutes-april-22-2010/download,2026-08-26T13:11:59-04:00
https://www.mass.gov/doc/essex-regional-retirement-board-valuation-report-2026/download,2026-08-26T13:04:26-04:00
https://www.mass.gov/doc/massport-authority-retirement-board-valuation-report-2025/download,2026-08-26T12:43:18-04:00
https://www.mass.gov/doc/archive-state-interoperability-executive-committee-siec-special-conditions-for-amateur-radio-2010/download,2026-08-26T23:37:03-04:00
https://www.mass.gov/doc/archive-state-interoperability-executive-committee-siec-special-conditions-for-interoperability-grants-2009/download,2026-08-26T23:37:37-04:00
https://www.mass.gov/doc/archive-jjac-dmc-subcommittee-minutes-11415/download,2026-08-26T11:26:31-04:00
https://www.mass.gov/doc/archive-jjac-dmc-subcommittee-minutes-11416/download,2026-08-26T11:25:57-04:00
https://www.mass.gov/doc/archive-metrcc-meeting-minutes-march-21-2014/download,2026-08-26T13:13:05-04:00
https://www.mass.gov/doc/archive-msacminutesseptember32015pdf/download,2026-08-26T13:56:54-04:00
https://www.mass.gov/doc/boston-retirement-board-valuation-report-2025/download,2026-08-26T10:09:38-04:00
https://www.mass.gov/doc/archive-notice-bccc-may-15-2014doc/download,2026-08-26T14:41:38-04:00
https://www.mass.gov/doc/concord-retirement-board-valuation-report-2025/download,2026-08-26T12:32:44-04:00
https://www.mass.gov/doc/archive-minutes-1-16-14-approved-2-20-14doc/download,2026-08-26T13:22:35-04:00
https://www.mass.gov/doc/gardner-retirement-board-valuation-report-2025/download,2026-08-26T12:33:33-04:00
https://www.mass.gov/doc/doc-139-private-organization-relations/download,2026-08-26T07:54:50-04:00
https://www.mass.gov/doc/archive-rmv-hearing-move-notice/download,2026-08-26T23:17:39-04:00
https://www.mass.gov/doc/archive-trccminutes012810doc/download,2026-08-26T23:38:57-04:00
https://www.mass.gov/doc/archive-msacminutesaugust122015revisedpdf/download,2026-08-26T13:51:37-04:00
https://www.mass.gov/doc/archive-msacminutesoctober82015finalpdf/download,2026-08-26T13:56:11-04:00
https://www.mass.gov/doc/archive-meeting-notice-sac-september-23-2014/download,2026-08-26T13:10:23-04:00
https://www.mass.gov/doc/archive-meeting-notice-bbrs-may-12-2015/download,2026-08-26T12:46:14-04:00
https://www.mass.gov/doc/doc-204-personnel-records/download,2026-08-26T07:54:48-04:00
https://www.mass.gov/doc/leominster-retirement-board-valuation-report-2025/download,2026-08-26T12:35:00-04:00
https://www.mass.gov/doc/archive-jjac-meeting-minutes-41415/download,2026-08-26T11:40:05-04:00
https://www.mass.gov/doc/archive-meeting-notice-bbrs-june-10-2014doc/download,2026-08-26T12:44:39-04:00
https://www.mass.gov/doc/archive-minutesapr72016pdf/download,2026-08-26T13:25:30-04:00
https://www.mass.gov/doc/archive-meeting-notice-fpfp-september-16-2014/download,2026-08-26T13:05:31-04:00
https://www.mass.gov/doc/archive-notice-bccc-july-17-2014doc/download,2026-08-26T14:40:32-04:00
https://www.mass.gov/doc/archive-notice-to-firearms-dealers-2014-changes-to-the-massachusetts-firearms-laws/download,2026-08-26T14:44:30-04:00
https://www.mass.gov/doc/archive-jjac-executive-subcommittee-minutes-52715/download,2026-08-26T11:33:23-04:00
https://www.mass.gov/doc/archive-tranformer-vault-safety-study-group-meeting-notice-3-20-15/download,2026-08-26T23:38:11-04:00
https://www.mass.gov/doc/archive-jjac-executive-subcommittee-minutes-31416/download,2026-08-26T11:32:13-04:00
https://www.mass.gov/doc/archive-trccminutes030310doc/download,2026-08-26T23:39:31-04:00
https://www.mass.gov/doc/archive-minutesnovember52015finalpdf/download,2026-08-26T13:30:40-04:00
https://www.mass.gov/doc/archive-notice682015-3pdf/download,2026-08-26T14:49:01-04:00
https://www.mass.gov/doc/archive-fpfp-minutes-november-10-2014-approved-february-24-2015/download,2026-08-26T11:05:51-04:00
https://www.mass.gov/doc/archive-minutes-bccc-april-17-2014-approved-may-15-2014pdf/download,2026-08-26T13:23:10-04:00
https://www.mass.gov/doc/archive-notice-bccc-march-20-2014doc/download,2026-08-26T14:41:07-04:00
https://www.mass.gov/doc/waltham-retirement-board-valuation-report-2025/download,2026-08-26T12:48:40-04:00
https://www.mass.gov/doc/archive-meeting-notice-fpfp-january-20-2015/download,2026-08-26T13:01:55-04:00
https://www.mass.gov/doc/archive-minutesmay52016pdf/download,2026-08-26T13:28:30-04:00
https://www.mass.gov/doc/reading-retirement-board-valuation-report-2025/download,2026-08-26T12:45:36-04:00
https://www.mass.gov/doc/archive-meeting-notice-fpfp-june-25-2015/download,2026-08-26T13:02:55-04:00
https://www.mass.gov/doc/archive-msacminutes152015pdf/download,2026-08-26T13:40:23-04:00
https://www.mass.gov/doc/hha-51-revised-regulations-0/download,2026-08-26T12:55:06-04:00
https://www.mass.gov/doc/archive-minutesdecember22015pdf/download,2026-08-26T13:26:01-04:00
https://www.mass.gov/doc/archive-msacnoticejune72016pdf/download,2026-08-26T14:35:48-04:00
https://www.mass.gov/doc/archive-state-interoperability-executive-committee-siec-review-exemptions-list/download,2026-08-26T23:36:27-04:00
https://www.mass.gov/doc/cambridge-retirement-board-valuation-report-2026/download,2026-08-26T13:00:47-04:00
https://www.mass.gov/doc/archive-notice792015pdf/download,2026-08-26T14:57:35-04:00
https://www.mass.gov/doc/archive-meeting-notice-c34ac-december-3-2014/download,2026-08-26T12:58:47-04:00
https://www.mass.gov/doc/archive-minutesjanuary72016pdf/download,2026-08-26T13:26:59-04:00
https://www.mass.gov/doc/archive-msacminutesjune82015pdf/download,2026-08-26T13:55:18-04:00
https://www.mass.gov/doc/archive-march62013meetingminutespdf/download,2026-08-26T12:38:05-04:00
https://www.mass.gov/doc/archive-fpfp-minutes-march-18-2014-approved-april-29-2014/download,2026-08-26T11:05:16-04:00
https://www.mass.gov/doc/archive-minutes-bccc-july-17-2014-apprvd-nov-11-2014/download,2026-08-26T13:23:42-04:00
https://www.mass.gov/doc/archive-msacminutesjuly92015pdf/download,2026-08-26T13:53:54-04:00
https://www.mass.gov/doc/archive-msacnoticejune22016pdf/download,2026-08-26T14:35:12-04:00
https://www.mass.gov/doc/andover-retirement-board-valuation-report-2025/download,2026-08-26T10:02:03-04:00
https://www.mass.gov/doc/watertown-retirement-board-valuation-report-2026/download,2026-08-26T13:07:56-04:00
https://www.mass.gov/doc/archive-trccminutes101510doc/download,2026-08-26T23:40:43-04:00
https://www.mass.gov/doc/archive-fpfp-minutes-april-29-2014-approved-june-17-2014/download,2026-08-26T11:04:12-04:00
https://www.mass.gov/doc/chicopee-retirement-board-valuation-report-2025/download,2026-08-26T12:31:40-04:00
https://www.mass.gov/doc/arlington-retirement-board-valuation-report-2025/download,2026-08-26T10:03:48-04:00
https://www.mass.gov/doc/archive-sac-agenda-march-1-2016pdf/download,2026-08-26T23:19:30-04:00
https://www.mass.gov/doc/archive-msacnoticeoctober62016pdf/download,2026-08-26T14:38:25-04:00
https://www.mass.gov/doc/archive-notice932015-revisedpdf/download,2026-08-26T14:58:39-04:00
https://www.mass.gov/doc/archive-meeting-notice-bbrs-september-9-2014r2docx/download,2026-08-26T12:48:43-04:00
https://www.mass.gov/doc/archive-fpfp-minutes-september-16-2014-approved-september-25/download,2026-08-26T11:07:37-04:00
https://www.mass.gov/doc/notice-of-issuance-of-permit-for-the-excavation-of-trenches/download,2026-08-26T10:53:12-04:00
https://www.mass.gov/doc/archive-minutesseptember12016pdf/download,2026-08-26T13:31:45-04:00
https://www.mass.gov/doc/archive-fpfp-minutes-november-25-2014-approved-april-23-2015/download,2026-08-26T11:06:24-04:00
https://www.mass.gov/doc/archive-meeting-notice-sac-april-10-2014doc/download,2026-08-26T13:07:08-04:00
https://www.mass.gov/doc/archive-jjac-best-practices-subcommittee-minutes-82715/download,2026-08-26T11:25:20-04:00
https://www.mass.gov/doc/archive-fpfp-minutes-february-24-2015-approved-april-23-2015/download,2026-08-26T11:04:44-04:00
https://www.mass.gov/doc/archive-meeting-notice-bbrs-may-13-2014doc/download,2026-08-26T12:46:49-04:00
https://www.mass.gov/doc/somerville-retirement-board-valuation-report-2025/download,2026-08-26T12:47:48-04:00
https://www.mass.gov/doc/archive-notice1152015revisedpdf/download,2026-08-26T14:46:11-04:00
https://www.mass.gov/doc/archive-minutesmsac572015pdf/download,2026-08-26T13:29:58-04:00
https://www.mass.gov/doc/archive-metrcc-meeting-minutes-april-20-2011/download,2026-08-26T13:11:29-04:00
https://www.mass.gov/doc/hha-50-revised-appendix-d-0/download,2026-08-26T12:54:51-04:00
https://www.mass.gov/doc/hha-52-final-changes-to-revised-regulations-0/download,2026-08-26T12:57:11-04:00
https://www.mass.gov/doc/archive-sbbrbbrsweb-filesboccmeetingminutessept711doc/download,2026-08-26T23:18:52-04:00
https://www.mass.gov/doc/archive-msacnoticemay52016pdf/download,2026-08-26T14:37:24-04:00
https://www.mass.gov/doc/archive-notice572015pdf/download,2026-08-26T14:48:28-04:00
https://www.mass.gov/doc/statewide-fire-mobilization-plan/download,2026-08-26T11:44:32-04:00
https://www.mass.gov/doc/archive-fpfp-minutes-september-25-2014-approved-october-9/download,2026-08-26T11:08:17-04:00
https://www.mass.gov/doc/archive-mabnoticeaugust42016pdf/download,2026-08-26T12:37:00-04:00
https://www.mass.gov/doc/archive-meeting-notice-sac-may-21-2014pdf/download,2026-08-26T13:08:38-04:00
https://www.mass.gov/doc/archive-meeting-notice-fpfp-november-25-2014/download,2026-08-26T13:03:58-04:00
https://www.mass.gov/doc/archive-minutesmar32016pdf/download,2026-08-26T13:28:00-04:00
https://www.mass.gov/doc/archive-msacminutes3242015pdf/download,2026-08-26T13:50:09-04:00
https://www.mass.gov/doc/archive-meeting-notice-fpfp-november-10-2014/download,2026-08-26T13:03:25-04:00
https://www.mass.gov/doc/haverhill-retirement-board-valuation-report-2026/download,2026-08-26T13:07:08-04:00
https://www.mass.gov/doc/archive-meeting-notice-fpfp-october-9-2014/download,2026-08-26T13:05:04-04:00
https://www.mass.gov/doc/archive-meeting-notice-sac-october-21-2014/download,2026-08-26T13:09:49-04:00
https://www.mass.gov/doc/melrose-retirement-board-valuation-report-2025/download,2026-08-26T12:44:06-04:00
https://www.mass.gov/doc/archive-meeting-notice-bbrs-january-13-2015/download,2026-08-26T12:43:28-04:00
https://www.mass.gov/doc/archive-trccminutes121310doc/download,2026-08-26T23:41:18-04:00
https://www.mass.gov/doc/archive-msacnoticemarch32016pdf/download,2026-08-26T14:36:53-04:00
https://www.mass.gov/doc/archive-minutesoctober62016approvedpdf/download,2026-08-26T13:31:13-04:00
https://www.mass.gov/doc/seniors-eligable-for-circuit-breaker-tax-credit/download,2026-08-26T09:44:58-04:00
https://www.mass.gov/doc/cl3form/download,2026-08-26T09:44:05-04:00
https://www.mass.gov/doc/cl7form/download,2026-08-26T09:42:11-04:00
https://www.mass.gov/doc/lowell-retirement-board-valuation-report-2025/download,2026-08-26T12:36:54-04:00
https://www.mass.gov/doc/natick-retirement-board-valuation-report-2024/download,2026-08-26T08:48:35-04:00
https://www.mass.gov/doc/archive-msacnoticeapril72017pdf/download,2026-08-26T14:32:13-04:00
https://www.mass.gov/doc/archive-jjac-meeting-minutes-31317/download,2026-08-26T11:38:49-04:00
https://www.mass.gov/doc/archive-jjac-executive-subcommittee-notice-of-meeting-and-agenda-june-26-2017/download,2026-08-26T11:34:28-04:00
https://www.mass.gov/doc/archive-msacnoticemarch282017pdf/download,2026-08-26T14:36:20-04:00
https://www.mass.gov/doc/archive-jjac-executive-subcommittee-minutes-4617/download,2026-08-26T11:32:49-04:00
https://www.mass.gov/doc/archive-jjac-executive-subcommittee-minutes-october-17-2016/download,2026-08-26T11:29:51-04:00
https://www.mass.gov/doc/hha-53-revised-regulations/download,2026-08-26T12:57:23-04:00
https://www.mass.gov/doc/archive-metrcc-meeting-minutes-may-25-2016/download,2026-08-26T13:13:40-04:00
https://www.mass.gov/doc/archive-jjac-meeting-agenda-september-11-2017/download,2026-08-26T11:35:00-04:00
https://www.mass.gov/doc/archive-jjac-meeting-minutes-august-24-2016/download,2026-08-26T11:36:09-04:00
https://www.mass.gov/doc/archive-msacnoticeapril202017pdf/download,2026-08-26T13:59:05-04:00
https://www.mass.gov/doc/archive-jjac-executive-subcommittee-minutes-august-12-2016/download,2026-08-26T11:29:21-04:00
https://www.mass.gov/doc/archive-jjac-meeting-minutes-october-26-2016/download,2026-08-26T11:36:42-04:00
https://www.mass.gov/doc/archive-notice-of-state-911-department-commission-meeting-3-17-17pdf/download,2026-08-26T14:43:54-04:00
https://www.mass.gov/doc/archive-flrb-meeting-minutes-may-2017/download,2026-08-26T10:59:28-04:00
https://www.mass.gov/doc/archive-msacnoticefebruary232017pdf/download,2026-08-26T14:33:17-04:00
https://www.mass.gov/doc/archive-notice-of-cancellation-of-gcab-meeting-03-10-17/download,2026-08-26T14:42:15-04:00
https://www.mass.gov/doc/archive-working-level-trcc-meeting-notice-5-25-17/download,2026-08-26T23:41:59-04:00
https://www.mass.gov/doc/hha-53-revised-regulations-0/download,2026-08-26T12:57:29-04:00
https://www.mass.gov/doc/archive-gcab-open-meeting-notice-and-agenda-03-17-17/download,2026-08-26T11:12:08-04:00
https://www.mass.gov/doc/archive-jjac-dmc-subcommittee-minutes-22717/download,2026-08-26T11:27:34-04:00
https://www.mass.gov/doc/archive-flrb-public-meeting-notice-august-2017/download,2026-08-26T11:01:48-04:00
https://www.mass.gov/doc/archive-jjac-meeting-minutes-13017/download,2026-08-26T11:37:23-04:00
https://www.mass.gov/doc/sjc-style-manual/download,2026-08-26T12:03:23-04:00
https://www.mass.gov/doc/list-of-licensed-clinics-and-services-provided/download,2026-08-26T15:26:24-04:00
https://www.mass.gov/doc/list-of-health-care-facilities-licensed-or-certified-by-the-division/download,2026-08-26T15:19:45-04:00
https://www.mass.gov/doc/riding-instructor-license-renewal-form/download,2026-08-26T14:55:59-04:00
https://www.mass.gov/doc/servicemember-cases/download,2026-08-26T08:32:53-04:00
https://www.mass.gov/doc/tax-lien-cases/download,2026-08-26T08:33:24-04:00
https://www.mass.gov/doc/archive-gcab-open-meeting-notice-and-agenda-03-23-2018/download,2026-08-26T11:12:40-04:00
https://www.mass.gov/doc/industrial-hemp-harvest-report/download,2026-08-26T11:59:57-04:00
https://www.mass.gov/doc/archive-sex-offender-registry-board-open-meeting-notice-71618/download,2026-08-26T23:20:04-04:00
https://www.mass.gov/doc/archive-jjac-meeting-agenda-september-12-2018/download,2026-08-26T11:35:32-04:00
https://www.mass.gov/doc/application-for-dmh-mental-health-services-portuguese/download,2026-08-26T11:27:54-04:00
https://www.mass.gov/doc/application-for-dmh-mental-health-services-chinese-simplified/download,2026-08-26T11:25:02-04:00
https://www.mass.gov/doc/application-for-dmh-mental-health-services-french/download,2026-08-26T11:32:18-04:00
https://www.mass.gov/doc/application-for-dmh-mental-health-services-vietnamese/download,2026-08-26T11:40:02-04:00
https://www.mass.gov/doc/archive-notice-of-open-meeting-saek-tracking-system-task-force/download,2026-08-26T14:42:45-04:00
https://www.mass.gov/doc/dcs-policy-18-101-2-eligibility-requirements-for-wioa-title-i-adult-and-dislocated-worker-program/download,2026-08-26T13:33:34-04:00
https://www.mass.gov/doc/dcs-info-02-128-moses-training-re-designre-engineered/download,2026-08-26T13:27:50-04:00
https://www.mass.gov/doc/dcs-policy-20-109-fy-18-taa-case-management-and-reemployment-funds-2nd-allocation/download,2026-08-26T13:27:50-04:00
https://www.mass.gov/doc/dcs-jp-policy-02-2019-1-fy19-wioa-state-partner-infrastructure-contributions/download,2026-08-26T13:27:50-04:00
https://www.mass.gov/doc/archive-may-18-2018-wtrcc-meeting-minutes-and-meeting-materials/download,2026-08-26T12:39:07-04:00
https://www.mass.gov/doc/archive-may-21-2018-etrcc-meeting-minutes-and-meeting-materials/download,2026-08-26T12:40:43-04:00
https://www.mass.gov/doc/archive-january-24-2019-wtrcc-meeting-minutes-and-meeting-materials/download,2026-08-26T11:24:09-04:00
https://www.mass.gov/doc/dcs-policy-16-100-wioa-waiver-for-eligible-training-providers-approved/download,2026-08-26T13:27:50-04:00
https://www.mass.gov/doc/dcs-jpp-05-2019-training-funds-available-for-massachusetts-rehabilitation-consumers/download,2026-08-26T13:27:50-04:00
https://www.mass.gov/doc/dcs-jpp-05-2019a-mrc-referral-form-completed-by-mrc/download,2026-08-26T13:27:50-04:00
https://www.mass.gov/doc/dcs-jpp-05-2019b-shared-customer-release-form-completed-by-mrc-consumer/download,2026-08-26T13:27:50-04:00
https://www.mass.gov/doc/dcs-jpp-05-2019c-training-justification-form-completed-by-mcc/download,2026-08-26T13:27:50-04:00
https://www.mass.gov/doc/veterans-data-management-tool-crystal-report/download,2026-08-26T13:35:02-04:00
https://www.mass.gov/doc/events-and-associated-services-crystal-report/download,2026-08-26T13:35:02-04:00
https://www.mass.gov/doc/workshop-sign-in-sheet-crystal-report/download,2026-08-26T13:33:34-04:00
https://www.mass.gov/doc/case-managers-pick-list-crystal-report/download,2026-08-26T13:35:02-04:00
https://www.mass.gov/doc/exit-warning-report-crystal-report/download,2026-08-26T13:27:50-04:00
https://www.mass.gov/doc/industry-and-occupation-of-previous-job-crystal-report/download,2026-08-26T13:35:02-04:00
https://www.mass.gov/doc/job-history-occupations-crystal-report/download,2026-08-26T13:35:02-04:00
https://www.mass.gov/doc/job-history-occupations-labels-crystal-report/download,2026-08-26T13:35:02-04:00
https://www.mass.gov/doc/job-history-occupations-mailing-list-crystal-report/download,2026-08-26T13:35:02-04:00
https://www.mass.gov/doc/dcs-policy-03-111-department-of-family-and-medical-leave-workplace-poster/download,2026-08-26T13:27:50-04:00
https://www.mass.gov/doc/dcs-policy-20-110-fy19-taa-case-management-and-reemployment-funds-initial-allocation-local-allocations-including-infrastructure-costs-and-bsr-taa-supported-activities-costs-per-the-workforce-investment-opportunity-act-wioa/download,2026-08-26T13:27:50-04:00
https://www.mass.gov/doc/caseload-report-programs-l4-0/download,2026-08-26T13:35:02-04:00
https://www.mass.gov/doc/enrollment-demographics-program-g1/download,2026-08-26T13:35:02-04:00
https://www.mass.gov/doc/general-program-report-aa3/download,2026-08-26T13:35:02-04:00
https://www.mass.gov/doc/general-program-report-email-phone-mailing-list-z1/download,2026-08-26T13:35:02-04:00
https://www.mass.gov/doc/general-program-report-labels-y3/download,2026-08-26T13:35:02-04:00
https://www.mass.gov/doc/general-program-report-residency-regional-b/download,2026-08-26T13:35:02-04:00
https://www.mass.gov/doc/general-program-report-residency-statewide-b/download,2026-08-26T13:35:02-04:00
https://www.mass.gov/doc/termination-status-programs-and-case-mgmt-e1/download,2026-08-26T13:35:02-04:00
https://www.mass.gov/doc/dcs-info-14-279a-dphbsas-announcement-military-background-and-training-flyer/download,2026-08-26T13:35:02-04:00
https://www.mass.gov/doc/dcs-info-14-279b-dphbsas-announcement-seeking-veterans-for-careers-as-ma-ladcs/download,2026-08-26T13:35:02-04:00
https://www.mass.gov/doc/dcs-info-14-279-veterans-considering-ma-licensure-as-an-alcohol-drug-counselor/download,2026-08-26T13:35:02-04:00
https://www.mass.gov/doc/dcs-info-14-280-subsequent-eligibility-for-ita-training-provider-courses/download,2026-08-26T13:35:02-04:00
https://www.mass.gov/doc/dcs-info-14-280a-ita-performance-provider-data-report-crystal-reports-software-required/download,2026-08-26T13:35:02-04:00
https://www.mass.gov/doc/dcs-info-14-280b-ita-performance-moses-data-report-crystal-reports-software-required/download,2026-08-26T13:35:02-04:00
https://www.mass.gov/doc/fy19-berkshire-training-employment-budget-15/download,2026-08-26T13:35:02-04:00
https://www.mass.gov/doc/potential-dta-wpp/download,2026-08-26T13:35:02-04:00
https://www.mass.gov/doc/dcs-info-14-281-promising-practices-that-support-accurate-fiscal-tracking-and-reporting-webinar/download,2026-08-26T13:35:02-04:00
https://www.mass.gov/doc/dcs-info-09-116-fy2019-career-center-performance-reports-quarter-ending-march-31-2019/download,2026-08-26T13:35:02-04:00
https://www.mass.gov/doc/dcs-info-09-116a-tab00-table-of-contents/download,2026-08-26T13:35:02-04:00
https://www.mass.gov/doc/dcs-info-09-116b-tab01-executive-summary/download,2026-08-26T13:35:02-04:00
https://www.mass.gov/doc/dcs-info-09-116c-tab02-employer-summary/download,2026-08-26T13:35:02-04:00
https://www.mass.gov/doc/dcs-info-09-116d-tab03-job-seeker-summary/download,2026-08-26T13:35:02-04:00
https://www.mass.gov/doc/dcs-info-09-116e-tab04-veteran-summary/download,2026-08-26T13:35:02-04:00
https://www.mass.gov/doc/dcs-info-09-116f-tab05-res-summary/download,2026-08-26T13:35:02-04:00
https://www.mass.gov/doc/dcs-info-09-116g-tab06-title-i-adults-and-dislocated-worker-summary/download,2026-08-26T13:35:02-04:00
https://www.mass.gov/doc/dcs-info-09-116h-tab07-title-i-youth-summary/download,2026-08-26T13:35:02-04:00
https://www.mass.gov/doc/dcs-info-09-116i-tab08-national-dislocated-worker-grants-summary/download,2026-08-26T13:35:02-04:00
https://www.mass.gov/doc/dcs-info-09-116j-tab09-trade-summary/download,2026-08-26T13:35:02-04:00
https://www.mass.gov/doc/dcs-info-09-116k-tab10-labor-exchange-vets-performance-summary/download,2026-08-26T13:35:02-04:00
https://www.mass.gov/doc/dcs-info-09-116l-tab11-title-i-performance/download,2026-08-26T13:33:34-04:00
https://www.mass.gov/doc/dcs-info-09-116m-tab12-trade-performance-summary/download,2026-08-26T13:35:02-04:00
https://www.mass.gov/doc/dcs-info-09-116n-tab13-performance-cohorts/download,2026-08-26T13:35:02-04:00
https://www.mass.gov/doc/dcs-info-05-154-national-labor-relations-act-nlra-rights-poster-updated/download,2026-08-26T13:35:02-04:00
https://www.mass.gov/doc/dcs-info-14-282-masshire-bizworks-staff-training-and-development-committee-business-services-module-v-training/download,2026-08-26T13:35:02-04:00
https://www.mass.gov/doc/dcs-info-15-117-resources-for-military-spouses-american-job-center-staff-and-organizations-that-support-spouses-in-licensed-occupations/download,2026-08-26T13:35:02-04:00
https://www.mass.gov/doc/dcs-policy-18-108-poverty-income-guidelines-lower-living-standard-income-levels-llsil-2019/download,2026-08-26T13:31:12-04:00
https://www.mass.gov/doc/dcs-jp-info-04-2019-new-mdcs-and-dta-wpp-reports-for-managing-data/download,2026-08-26T13:35:02-04:00
https://www.mass.gov/doc/archive-fsob-5919-meeting-minutes/download,2026-08-26T11:08:53-04:00
https://www.mass.gov/doc/dcs-info-25-174-youthbuild-funding-opportunity-announcement/download,2026-08-26T13:35:02-04:00
https://www.mass.gov/doc/dcs-info-25-174a-doleta-youthbuild-foa-eta-19-04/download,2026-08-26T13:35:02-04:00
https://www.mass.gov/doc/dcs-jp-policy-05-2019h-training-funds-available-for-massachusetts-rehabilitation-consumers/download,2026-08-26T13:35:02-04:00
https://www.mass.gov/doc/taa-performance-summary-march-31-2019/download,2026-08-26T13:35:02-04:00
https://www.mass.gov/doc/fy18-north-shore-budget-sheet-17c/download,2026-08-26T13:34:18-04:00
https://www.mass.gov/doc/fy19-berkshire-training-employment-budget-17/download,2026-08-26T13:34:18-04:00
https://www.mass.gov/doc/fy19-brockton-budget-17/download,2026-08-26T13:34:18-04:00
https://www.mass.gov/doc/fy19-city-of-quincy-budget-13/download,2026-08-26T13:34:18-04:00
https://www.mass.gov/doc/fy19-edic-budget-18/download,2026-08-26T13:34:18-04:00
https://www.mass.gov/doc/fy19-fall-river-budget-11/download,2026-08-26T13:34:18-04:00
https://www.mass.gov/doc/fy19-franklin-hampshire-budget-15/download,2026-08-26T13:34:18-04:00
https://www.mass.gov/doc/fy19-hampden-budget-20/download,2026-08-26T13:34:18-04:00
https://www.mass.gov/doc/fy19-lowell-budget-16/download,2026-08-26T13:34:18-04:00
https://www.mass.gov/doc/fy19-lower-merrimac-budget-13/download,2026-08-26T13:34:18-04:00
https://www.mass.gov/doc/fy19-metro-north-budget-16/download,2026-08-26T13:34:18-04:00
https://www.mass.gov/doc/fy19-metro-south-west-budget-14/download,2026-08-26T13:34:18-04:00
https://www.mass.gov/doc/fy19-north-central-wib-budget-14/download,2026-08-26T13:34:18-04:00
https://www.mass.gov/doc/fy19-north-central-wib-budget-15/download,2026-08-26T13:34:18-04:00
https://www.mass.gov/doc/fy19-north-shore-budget-15/download,2026-08-26T13:34:18-04:00
https://www.mass.gov/doc/fy19-worcester-budget-13/download,2026-08-26T13:34:18-04:00
https://www.mass.gov/doc/dcs-info-25-175-support-women-in-apprenticeship-nontraditional-occupations-funding-opportunity/download,2026-08-26T13:34:18-04:00
https://www.mass.gov/doc/dcs-policy-sanctioning-and-banishing-one-stop-career-center-customers-for-violent-or-disruptive-behavior/download,2026-08-26T13:34:18-04:00
https://www.mass.gov/doc/dcs-info-25-176-digital-innovation-and-lifelong-learning-pilots-request-for-qualifications/download,2026-08-26T13:34:18-04:00
https://www.mass.gov/doc/hha-54-revised-subchapter-6-service-codes-and-descriptions/download,2026-08-26T12:57:44-04:00
https://www.mass.gov/doc/hha-54-revised-subchapter-6-service-codes-and-descriptions-0/download,2026-08-26T12:57:48-04:00
https://www.mass.gov/doc/resea-dashboard-march-31-2019/download,2026-08-26T13:34:18-04:00
https://www.mass.gov/doc/dcs-policy-04-106-local-operating-plan-guidance-fiscal-year-2020/download,2026-08-26T13:33:34-04:00
https://www.mass.gov/doc/dcs-info-22-119-registered-apprenticeship-social-media-campaign/download,2026-08-26T13:34:18-04:00
https://www.mass.gov/doc/dcs-info-05-155-massmatch-maximizing-assistive-technology-in-consumers-hands/download,2026-08-26T13:34:18-04:00
https://www.mass.gov/doc/dcs-policy-08-108-1-poverty-income-guidelines-lower-living-standard-income-levels-llsil-2019/download,2026-08-26T13:27:50-04:00
https://www.mass.gov/doc/dcs-info-22-120-massachusetts-registered-apprenticeship-tax-credit/download,2026-08-26T13:34:18-04:00
https://www.mass.gov/doc/archive-meeting-minutes-may-21-2019/download,2026-08-26T12:41:44-04:00
https://www.mass.gov/doc/dcs-policy-15-103-veteran-status-determination-use-of-the-dd214-and-other-documentation/download,2026-08-26T13:34:18-04:00
https://www.mass.gov/doc/fy19-franklin-hampshire-budget-16/download,2026-08-26T13:34:18-04:00
https://www.mass.gov/doc/fy19-berkshire-training-employment-budget-18/download,2026-08-26T13:34:18-04:00
https://www.mass.gov/doc/fy19-berkshire-training-employment-budget-19/download,2026-08-26T13:34:18-04:00
https://www.mass.gov/doc/fy19-city-of-quincy-budget-14/download,2026-08-26T13:33:34-04:00
https://www.mass.gov/doc/fy19-edic-budget-19/download,2026-08-26T13:34:18-04:00
https://www.mass.gov/doc/fy19-hampden-budget-sheet-17b/download,2026-08-26T13:34:18-04:00
https://www.mass.gov/doc/fy19-hampden-budget-sheet-26b/download,2026-08-26T13:34:18-04:00
https://www.mass.gov/doc/fy19-hampden-budget-21/download,2026-08-26T13:34:18-04:00
https://www.mass.gov/doc/fy19-jtec-budget-13/download,2026-08-26T13:34:18-04:00
https://www.mass.gov/doc/fy19-lowell-budget-17/download,2026-08-26T13:34:18-04:00
https://www.mass.gov/doc/fy19-lower-merrimac-budget-14/download,2026-08-26T13:34:18-04:00
https://www.mass.gov/doc/fy19-metro-south-west-budget-15/download,2026-08-26T13:34:18-04:00
https://www.mass.gov/doc/fy19-new-bedford-budget-15/download,2026-08-26T13:34:18-04:00
https://www.mass.gov/doc/fy19-north-central-wib-budget-16/download,2026-08-26T13:34:18-04:00
https://www.mass.gov/doc/fy19-north-shore-budget-sheet-18b/download,2026-08-26T13:34:18-04:00
https://www.mass.gov/doc/fy19-north-shore-budget-sheet-18c/download,2026-08-26T13:34:18-04:00
https://www.mass.gov/doc/fy19-north-shore-budget-16/download,2026-08-26T13:34:18-04:00
https://www.mass.gov/doc/fy19-north-shore-budget-17/download,2026-08-26T13:34:18-04:00
https://www.mass.gov/doc/fy19-worcester-budget-14/download,2026-08-26T13:34:18-04:00
https://www.mass.gov/doc/archive-may-6-2019-wtrcc-meeting-minutes-and-select-meeting-materials/download,2026-08-26T12:41:12-04:00
https://www.mass.gov/doc/archive-may-10-2019-etrcc-meeting-minutes-and-select-meeting-materials/download,2026-08-26T12:38:35-04:00
https://www.mass.gov/doc/dcs-info-31-104-masshire-award-winners/download,2026-08-26T13:34:18-04:00
https://www.mass.gov/doc/dcs-info-31-104a-winners-of-masshire-awards/download,2026-08-26T13:34:18-04:00
https://www.mass.gov/doc/fy19-brockton-budget-sheet-19b/download,2026-08-26T13:34:18-04:00
https://www.mass.gov/doc/fy19-brockton-budget-18b/download,2026-08-26T13:34:18-04:00
https://www.mass.gov/doc/fy19-city-of-quincy-budget-15/download,2026-08-26T13:33:34-04:00
https://www.mass.gov/doc/fy19-franklin-hampshire-budget-sheet-15b/download,2026-08-26T13:33:34-04:00
https://www.mass.gov/doc/fy19-metro-north-budget-17/download,2026-08-26T13:33:34-04:00
https://www.mass.gov/doc/dcs-policy-03-112-open-meeting-law/download,2026-08-26T13:33:34-04:00
https://www.mass.gov/doc/dcs-info-02-130-moses-version-370-will-be-released-on-august-1-2019/download,2026-08-26T13:33:34-04:00
https://www.mass.gov/doc/dcs-info-15-118-jobs-for-veterans-state-grant-jvsg-incentive-awards-ffy19-call-for-nominations/download,2026-08-26T13:33:34-04:00
https://www.mass.gov/doc/dcs-info-15-118a-performance-incentive-awards-nomination-procedures/download,2026-08-26T13:33:34-04:00
https://www.mass.gov/doc/dcs-info-15-118b-performance-incentive-awards-nomination-form/download,2026-08-26T13:33:34-04:00
https://www.mass.gov/doc/dcs-info-05-156-online-resources-available-for-trade-reentry-youth-through-workforcegps/download,2026-08-26T13:33:34-04:00
https://www.mass.gov/doc/archive-fsob-6619-accreditation-presentation/download,2026-08-26T11:09:24-04:00
https://www.mass.gov/doc/fy19-franklin-hampshire-budget-17/download,2026-08-26T13:33:34-04:00
https://www.mass.gov/doc/dcs-policy-01-113-real-property-under-eta-funded-grants-tegl-3-19/download,2026-08-26T13:27:50-04:00
https://www.mass.gov/doc/dcs-poilicy-18-101-3-eligibility-requirements-for-wioa-title-i-adult-and-dislocated-worker-program/download,2026-08-26T13:29:49-04:00
https://www.mass.gov/doc/archive-fsob-6619-meeting-minutes/download,2026-08-26T11:09:57-04:00
https://www.mass.gov/doc/archive-forensic-science-oversight-board-meeting-notice-8119/download,2026-08-26T11:03:00-04:00
https://www.mass.gov/doc/dcs-info-25-177-restore-re-employment-support-training-for-the-opioid-related-epidemic-funding-announcement/download,2026-08-26T13:33:34-04:00
https://www.mass.gov/doc/dcs-info-25-177a-application-template-required-proposal-elements/download,2026-08-26T13:33:34-04:00
https://www.mass.gov/doc/dcs-info-25-177b-foa-wb-19-02-restore-grant-program/download,2026-08-26T13:33:34-04:00
https://www.mass.gov/doc/fy19-jtec-budget-12-0/download,2026-08-26T13:33:34-04:00
https://www.mass.gov/doc/fy19-lower-merrimac-budget-15/download,2026-08-26T13:33:34-04:00
https://www.mass.gov/doc/fy18-lower-merrimack-budget-sheet-22a/download,2026-08-26T13:33:34-04:00
https://www.mass.gov/doc/fy17-metro-north-budget-sheet-20/download,2026-08-26T13:33:34-04:00
https://www.mass.gov/doc/fy19-metro-south-west-budget-13/download,2026-08-26T13:33:34-04:00
https://www.mass.gov/doc/fy19-north-central-wib-budget-17/download,2026-08-26T13:33:34-04:00
https://www.mass.gov/doc/fy19-north-central-wib-budget-sheet-18a/download,2026-08-26T13:33:34-04:00
https://www.mass.gov/doc/dcs-policy-18-109-selective-service-compliance-verification-and-related-data-entry-in-moses/download,2026-08-26T13:27:50-04:00
https://www.mass.gov/doc/dcs-info-14-283-serving-military-spouses-webinar-offered-through-workforcegps/download,2026-08-26T13:33:34-04:00
https://www.mass.gov/doc/dcs-info-14-284-masshire-temperature-check-webinar-and-survey/download,2026-08-26T13:33:34-04:00
https://www.mass.gov/doc/dcs-info-25-178-notice-of-funding-opportunities-through-the-massachusetts-service-alliance/download,2026-08-26T13:33:34-04:00
https://www.mass.gov/doc/fy18-bristol-budget-sheet-16b/download,2026-08-26T13:33:34-04:00
https://www.mass.gov/doc/fy19-city-of-quincy-budget-16/download,2026-08-26T13:33:34-04:00
https://www.mass.gov/doc/fy18-city-of-quincy-budget-sheet-18b/download,2026-08-26T13:33:34-04:00
https://www.mass.gov/doc/fy17-berkshire-budget-sheet-16c/download,2026-08-26T13:33:34-04:00
https://www.mass.gov/doc/fy17-berkshire-budget-sheet-17c/download,2026-08-26T13:33:34-04:00
https://www.mass.gov/doc/fy18-berkshire-budget-sheet-16d/download,2026-08-26T13:33:34-04:00
https://www.mass.gov/doc/archive-fsob-7919-meeting-minutes/download,2026-08-26T11:11:06-04:00
https://www.mass.gov/doc/archive-fsob-7919-cognitive-bias-presentation-dr-itiel-dror/download,2026-08-26T11:10:29-04:00
https://www.mass.gov/doc/amazon-workspaces-basics-manual/download,2026-08-26T13:27:50-04:00
https://www.mass.gov/doc/dcs-info-14-285-clearinghouse-for-labor-evaluation-and-research-clear-webinar/download,2026-08-26T13:33:34-04:00
https://www.mass.gov/doc/dcs-info-14-286-transforming-services-through-a-trauma-informed-approach-training/download,2026-08-26T13:33:34-04:00
https://www.mass.gov/doc/dcs-policy-04-106-1-local-operating-plan-guidance-fiscal-year-2020/download,2026-08-26T13:27:50-04:00
https://www.mass.gov/doc/dcs-policy-19-107-wioa-youth-individual-service-strategy/download,2026-08-26T13:27:50-04:00
https://www.mass.gov/doc/dcs-policy-19-107a-wioa-youth-individual-service-strategy-iss-template/download,2026-08-26T13:33:34-04:00
https://www.mass.gov/doc/city-of-lowell-fy20-pv/download,2026-08-26T13:27:50-04:00
https://www.mass.gov/doc/city-of-salem-fy20-pv/download,2026-08-26T13:27:50-04:00
https://www.mass.gov/doc/city-of-worcester-fy20-pv/download,2026-08-26T13:27:50-04:00
https://www.mass.gov/doc/masshire-hampden-county-workforce-board-inc-fy20-pv/download,2026-08-26T13:27:50-04:00
https://www.mass.gov/doc/hampden-initial-budget-fy20/download,2026-08-26T13:33:34-04:00
https://www.mass.gov/doc/lowell-initial-budget-fy20/download,2026-08-26T13:33:34-04:00
https://www.mass.gov/doc/north-shore-budget-initial-budget-fy20/download,2026-08-26T13:33:34-04:00
https://www.mass.gov/doc/worcester-budget-initial-budget-fy20/download,2026-08-26T13:33:34-04:00
https://www.mass.gov/doc/fy17-new-bedford-budget-sheet-15a/download,2026-08-26T13:33:34-04:00
https://www.mass.gov/doc/fy19-new-bedford-budget-16/download,2026-08-26T13:33:34-04:00
https://www.mass.gov/doc/dcs-policy-02-103-employer-records-in-moses/download,2026-08-26T13:32:52-04:00
https://www.mass.gov/doc/dcs-policy-02-103a-secretary-of-state-new-england-offices/download,2026-08-26T13:33:34-04:00
https://www.mass.gov/doc/berkshire-initial-budget-fy20/download,2026-08-26T13:33:34-04:00
https://www.mass.gov/doc/berkshire-training-initial-budget-fy20/download,2026-08-26T13:32:52-04:00
https://www.mass.gov/doc/brockton-initial-budget-fy20/download,2026-08-26T13:33:34-04:00
https://www.mass.gov/doc/cape-cod-wib-initial-budget-fy20/download,2026-08-26T13:32:52-04:00
https://www.mass.gov/doc/city-of-quincy-initial-budget-fy20/download,2026-08-26T13:32:52-04:00
https://www.mass.gov/doc/edic-initial-budget-fy20/download,2026-08-26T13:32:52-04:00
https://www.mass.gov/doc/fall-river-initial-budget-fy20/download,2026-08-26T13:32:52-04:00
https://www.mass.gov/doc/franklin-hampshire-initial-budget-fy20/download,2026-08-26T13:32:52-04:00
https://www.mass.gov/doc/fy20-hampden-budget-1/download,2026-08-26T13:32:52-04:00
https://www.mass.gov/doc/jtec-initial-budget-fy20/download,2026-08-26T13:32:52-04:00
https://www.mass.gov/doc/fy20-lowell-budget-1/download,2026-08-26T13:32:52-04:00
https://www.mass.gov/doc/lower-merrimac-initial-budget-fy20/download,2026-08-26T13:32:52-04:00
https://www.mass.gov/doc/mass-regional-initial-budget-fy20/download,2026-08-26T13:32:52-04:00
https://www.mass.gov/doc/metro-north-initial-budget-fy20/download,2026-08-26T13:32:52-04:00
https://www.mass.gov/doc/metro-south-west-initial-budget-fy20/download,2026-08-26T13:32:52-04:00
https://www.mass.gov/doc/new-bedford-initial-budget-fy20/download,2026-08-26T13:32:52-04:00
https://www.mass.gov/doc/north-central-initial-budget-fy20/download,2026-08-26T13:32:52-04:00
https://www.mass.gov/doc/fy20-north-shore-budget-1/download,2026-08-26T13:32:52-04:00
https://www.mass.gov/doc/fy20-worcester-budget-1/download,2026-08-26T13:32:52-04:00
https://www.mass.gov/doc/berkshire-county-reb-fy20-pv/download,2026-08-26T13:32:52-04:00
https://www.mass.gov/doc/berkshire-training-employment-fy20-pv/download,2026-08-26T13:27:50-04:00
https://www.mass.gov/doc/brockton-area-wib-fy20-pv/download,2026-08-26T13:27:50-04:00
https://www.mass.gov/doc/cape-islands-wdb-fy20-pv/download,2026-08-26T13:27:50-04:00
https://www.mass.gov/doc/city-of-fall-river-fy20-pv/download,2026-08-26T13:27:50-04:00
https://www.mass.gov/doc/partnership-skilled-workforce-initial-budget-fy20/download,2026-08-26T13:32:52-04:00
https://www.mass.gov/doc/partnerships-for-a-skilled-workforce-inc-fy20-pv/download,2026-08-26T13:32:52-04:00
https://www.mass.gov/doc/city-of-lawrence-fy20-pv/download,2026-08-26T13:27:50-04:00
https://www.mass.gov/doc/economic-development-industrial-corporation-fy20-pv/download,2026-08-26T13:27:50-04:00
https://www.mass.gov/doc/city-of-quincy-fy20-pv/download,2026-08-26T13:27:50-04:00
https://www.mass.gov/doc/franklin-hampshire-employment-training-consortium-fy20-pv/download,2026-08-26T13:27:50-04:00
https://www.mass.gov/doc/greater-new-bedford-wib-fy20-pv/download,2026-08-26T13:27:50-04:00
https://www.mass.gov/doc/job-training-employment-corporation-fy20-pv/download,2026-08-26T13:27:50-04:00
https://www.mass.gov/doc/massachusetts-regional-employment-board-association-inc-fy20-pv/download,2026-08-26T13:28:29-04:00
https://www.mass.gov/doc/masshire-north-central-workforce-board-fy20-pv/download,2026-08-26T13:27:50-04:00
https://www.mass.gov/doc/metro-north-regional-employment-board-inc-fy20-pv/download,2026-08-26T13:27:50-04:00
https://www.mass.gov/doc/metro-southwest-employment-training-admin-fy20-pv/download,2026-08-26T13:27:50-04:00
https://www.mass.gov/doc/dcs-info-14-287-work-without-limits-training-opportunities-fall-2019-to-spring-2020/download,2026-08-26T13:32:52-04:00
https://www.mass.gov/doc/dcs-policy-04-107-wioa-local-4-year-plan-modification-guidance/download,2026-08-26T13:27:50-04:00
https://www.mass.gov/doc/dcs-info-25-179-train-grant-program-fy20/download,2026-08-26T13:32:52-04:00
https://www.mass.gov/doc/dcs-info-15-119-discharging-the-federal-student-loan-debt-of-totally-and-permanently-disabled-veterans/download,2026-08-26T13:32:52-04:00
https://www.mass.gov/doc/dcs-info-05-157-celebrating-national-employ-older-workers-week-50-plus-job-fair-special-events/download,2026-08-26T13:32:52-04:00
https://www.mass.gov/doc/dcs-info-05-157a-50-plus-event-flyer/download,2026-08-26T13:32:52-04:00
https://www.mass.gov/doc/dcs-info-14-288-mrc-employer-training-conference-2019-bridging-the-gap/download,2026-08-26T13:32:52-04:00
https://www.mass.gov/doc/dcs-info-14-289-business-services-module-v-training-session-added/download,2026-08-26T13:32:52-04:00
https://www.mass.gov/doc/fy19-berkshire-training-employment-budget-20/download,2026-08-26T13:32:52-04:00
https://www.mass.gov/doc/fy19-brockton-budget-19/download,2026-08-26T13:32:52-04:00
https://www.mass.gov/doc/fy19-fall-river-budget-12/download,2026-08-26T13:32:52-04:00
https://www.mass.gov/doc/fy19-edic-budget-20/download,2026-08-26T13:32:52-04:00
https://www.mass.gov/doc/fy19-franklin-hampshire-budget-18/download,2026-08-26T13:32:52-04:00
https://www.mass.gov/doc/fy19-hampden-budget-22/download,2026-08-26T13:32:52-04:00
https://www.mass.gov/doc/fy19-lowell-budget-18/download,2026-08-26T13:32:52-04:00
https://www.mass.gov/doc/fy19-metro-north-budget-18/download,2026-08-26T13:32:52-04:00
https://www.mass.gov/doc/fy19-metro-south-west-budget-16/download,2026-08-26T13:32:52-04:00
https://www.mass.gov/doc/fy19-north-central-wib-budget-18/download,2026-08-26T13:32:52-04:00
https://www.mass.gov/doc/fy19-north-shore-budget-18/download,2026-08-26T13:32:52-04:00
https://www.mass.gov/doc/fy19-worcester-budget-15/download,2026-08-26T13:32:52-04:00
https://www.mass.gov/doc/fy20-lower-merrimac-budget-2/download,2026-08-26T13:32:52-04:00
https://www.mass.gov/doc/resea-dashboard-june-30-2019/download,2026-08-26T13:32:52-04:00
https://www.mass.gov/doc/fy19-lowell-budget-19/download,2026-08-26T13:32:52-04:00
https://www.mass.gov/doc/dcs-info-14-290-trade-adjustment-assistance-taa-training-with-intro-to-taa-related-moses/download,2026-08-26T13:32:52-04:00
https://www.mass.gov/doc/dcs-info-31-105-masshire-temperature-check-survey-please-complete/download,2026-08-26T13:32:52-04:00
https://www.mass.gov/doc/dcs-info-31-105a-an-introduction-to-the-masshire-temperature-check-slide-deck/download,2026-08-26T13:32:52-04:00
https://www.mass.gov/doc/dcs-info-31-105b-guidance-on-forwarding-the-temperature-check-to-staff/download,2026-08-26T13:32:11-04:00
https://www.mass.gov/doc/dcs-info-05-158-healthcare-worker-survey-opportunity-through-brandeis-university/download,2026-08-26T13:32:11-04:00
https://www.mass.gov/doc/dcs-info-05-158a-brandeis-healthcare-worker-survey-flyer/download,2026-08-26T13:32:11-04:00
https://www.mass.gov/doc/dcs-info-05-159-national-workforce-development-month-resources-available-through-workforcegps-highlighted-for-september-2019/download,2026-08-26T13:32:11-04:00
https://www.mass.gov/doc/fy20-berkshire-training-budget-2/download,2026-08-26T13:32:11-04:00
https://www.mass.gov/doc/fy20-brockton-budget-2/download,2026-08-26T13:32:11-04:00
https://www.mass.gov/doc/fy20-city-of-quincy-budget-2/download,2026-08-26T13:32:11-04:00
https://www.mass.gov/doc/fy20-edic-budget-2/download,2026-08-26T13:32:11-04:00
https://www.mass.gov/doc/fy20-fall-river-budget-2/download,2026-08-26T13:32:11-04:00
https://www.mass.gov/doc/fy20-franklin-hampshire-budget-2/download,2026-08-26T13:32:11-04:00
https://www.mass.gov/doc/fy20-hampden-budget-3/download,2026-08-26T13:32:11-04:00
https://www.mass.gov/doc/dol-approval-etp-waiver-request/download,2026-08-26T13:32:11-04:00
https://www.mass.gov/doc/dol-approval-ojt-waiver-ltr-6-12-18/download,2026-08-26T13:32:11-04:00
https://www.mass.gov/doc/ma-waiver-request-os-operator-procurement-draft-83019/download,2026-08-26T13:32:11-04:00
https://www.mass.gov/doc/dcs-info-27-102-wioa-waiver-request-for-review-comment-one-stop-operator-procurement/download,2026-08-26T13:32:11-04:00
https://www.mass.gov/doc/dcs-info-27-102a-oscc-operator-procurement-waiver-request/download,2026-08-26T13:32:11-04:00
https://www.mass.gov/doc/fy20-jtec-budget-2/download,2026-08-26T13:32:11-04:00
https://www.mass.gov/doc/fy20-lowell-budget-3/download,2026-08-26T13:32:11-04:00
https://www.mass.gov/doc/fy20-lower-merrimac-budget-3/download,2026-08-26T13:32:11-04:00
https://www.mass.gov/doc/fy20-metro-north-budget-2/download,2026-08-26T13:32:11-04:00
https://www.mass.gov/doc/fy20-metro-south-west-budget-2/download,2026-08-26T13:32:11-04:00
https://www.mass.gov/doc/fy20-new-bedford-budget-2/download,2026-08-26T13:32:11-04:00
https://www.mass.gov/doc/fy20-north-central-budget-2/download,2026-08-26T13:32:11-04:00
https://www.mass.gov/doc/fy20-north-shore-budget-3/download,2026-08-26T13:32:11-04:00
https://www.mass.gov/doc/fy20-worcester-budget-3/download,2026-08-26T13:32:11-04:00
https://www.mass.gov/doc/archive-forensic-science-oversight-board-meeting-notice-91219/download,2026-08-26T11:03:38-04:00
https://www.mass.gov/doc/dcs-info-14-291-employment-projections-from-the-us-bureau-of-labor-statistics-2018-2028-workforcegps-webinar/download,2026-08-26T13:32:11-04:00
https://www.mass.gov/doc/dcs-info-25-180-bridges-to-college-program-fy20/download,2026-08-26T13:32:11-04:00
https://www.mass.gov/doc/fy19-berkshire-training-employment-budget-21/download,2026-08-26T13:32:11-04:00
https://www.mass.gov/doc/fy19-brockton-budget-20/download,2026-08-26T13:32:11-04:00
https://www.mass.gov/doc/fy19-city-of-quincy-budget-17/download,2026-08-26T13:32:11-04:00
https://www.mass.gov/doc/fy19-edic-budget-21/download,2026-08-26T13:32:11-04:00
https://www.mass.gov/doc/fy19-fall-river-budget-13/download,2026-08-26T13:32:11-04:00
https://www.mass.gov/doc/fy19-franklin-hampshire-budget-18d/download,2026-08-26T13:32:11-04:00
https://www.mass.gov/doc/fy19-hampden-budget-23/download,2026-08-26T13:32:11-04:00
https://www.mass.gov/doc/fy19-jtec-budget-14/download,2026-08-26T13:32:11-04:00
https://www.mass.gov/doc/fy19-lowell-budget-20/download,2026-08-26T13:32:11-04:00
https://www.mass.gov/doc/fy19-lower-merrimac-budget-17/download,2026-08-26T13:32:11-04:00
https://www.mass.gov/doc/fy19-metro-north-budget-19/download,2026-08-26T13:32:11-04:00
https://www.mass.gov/doc/fy19-metro-south-west-budget-17/download,2026-08-26T13:32:11-04:00
https://www.mass.gov/doc/fy19-new-bedford-budget-17/download,2026-08-26T13:32:11-04:00
https://www.mass.gov/doc/fy19-north-shore-budget-19/download,2026-08-26T13:32:11-04:00
https://www.mass.gov/doc/fy19-worcester-budget-16/download,2026-08-26T13:32:11-04:00
https://www.mass.gov/doc/dcs-info-14-292-customer-service-training/download,2026-08-26T13:32:11-04:00
https://www.mass.gov/doc/fy20-berkshire-training-budget-3/download,2026-08-26T13:32:11-04:00
https://www.mass.gov/doc/fy20-brockton-budget-1/download,2026-08-26T13:32:11-04:00
https://www.mass.gov/doc/fy20-city-of-quincy-budget-3/download,2026-08-26T13:32:11-04:00
https://www.mass.gov/doc/fy20-edic-budget-1/download,2026-08-26T13:31:12-04:00
https://www.mass.gov/doc/fy20-fall-river-budget-3/download,2026-08-26T13:31:12-04:00
https://www.mass.gov/doc/fy20-franklin-hampshire-budget-3/download,2026-08-26T13:31:12-04:00
https://www.mass.gov/doc/fy20-hampden-budget-2/download,2026-08-26T13:31:12-04:00
https://www.mass.gov/doc/fy20-jtec-budget-3/download,2026-08-26T13:31:12-04:00
https://www.mass.gov/doc/fy20-lowell-budget-4/download,2026-08-26T13:31:12-04:00
https://www.mass.gov/doc/fy20-metro-north-budget-1/download,2026-08-26T13:31:12-04:00
https://www.mass.gov/doc/fy20-metro-south-west-budget-3/download,2026-08-26T13:31:12-04:00
https://www.mass.gov/doc/fy20-new-bedford-budget-3/download,2026-08-26T13:31:12-04:00
https://www.mass.gov/doc/fy20-north-central-budget-3/download,2026-08-26T13:31:12-04:00
https://www.mass.gov/doc/fy20-north-shore-budget-4/download,2026-08-26T13:31:12-04:00
https://www.mass.gov/doc/fy20-worcester-budget-4/download,2026-08-26T13:31:12-04:00
https://www.mass.gov/doc/dcs-info-14-293-labor-insight-overview-webinar/download,2026-08-26T13:31:12-04:00
https://www.mass.gov/doc/dcs-info-05-160-national-employ-older-workers-week/download,2026-08-26T13:31:12-04:00
https://www.mass.gov/doc/dcs-info-05-160a-template-national-employ-older-workers-week-english/download,2026-08-26T13:31:12-04:00
https://www.mass.gov/doc/dcs-info-05-160b-template-national-employ-older-workers-week-spanish/download,2026-08-26T13:31:12-04:00
https://www.mass.gov/doc/dcs-info-14-294-burning-glass-technologies-labor-insight-training/download,2026-08-26T13:31:12-04:00
https://www.mass.gov/doc/dcs-info-14-295-workforcegps-webinar-conversation-about-youth-individual-service-strategies/download,2026-08-26T13:31:12-04:00
https://www.mass.gov/doc/snap-wpp-expansion-enrollments/download,2026-08-26T13:27:50-04:00
https://www.mass.gov/doc/snap-wpp-expansion-excel/download,2026-08-26T13:27:50-04:00
https://www.mass.gov/doc/dua-header/download,2026-08-26T13:27:50-04:00
https://www.mass.gov/doc/dcs-info-14-296-apprentis-apprenticeship-program-webinar/download,2026-08-26T13:31:12-04:00
https://www.mass.gov/doc/dcs-info-14-296a-masshire-downtown-boston-career-center-apprentis-apprenticeship-program-flyer/download,2026-08-26T13:31:12-04:00
https://www.mass.gov/doc/resea-babble/download,2026-08-26T13:31:12-04:00
https://www.mass.gov/doc/dcs-info-23-102-resea-welcome-emails/download,2026-08-26T13:31:12-04:00
https://www.mass.gov/doc/dcs-info-23-102a-resea-non-60-dayer-sample-email/download,2026-08-26T13:31:12-04:00
https://www.mass.gov/doc/dcs-info-23-102b-resea-60-dayer-sample-email/download,2026-08-26T13:31:12-04:00
https://www.mass.gov/doc/dcs-jp-05-2019-mdcs-and-dta-work-participant-program-dashboard-reports-for-managing-data/download,2026-08-26T13:31:12-04:00
https://www.mass.gov/doc/2019-data-package-update/download,2026-08-26T13:29:14-04:00
https://www.mass.gov/doc/dcs-info-14-297-youth-employment-forum-in-metro-north/download,2026-08-26T13:31:12-04:00
https://www.mass.gov/doc/dcs-info-14-298-partnering-with-conservation-corp-for-out-of-school-youth-young-adult-workforcegps-webinar/download,2026-08-26T13:31:12-04:00
https://www.mass.gov/doc/fy20-city-of-quincy-budget-4/download,2026-08-26T13:31:12-04:00
https://www.mass.gov/doc/fy20-edic-budget-3/download,2026-08-26T13:31:12-04:00
https://www.mass.gov/doc/fy20-north-shore-budget-5/download,2026-08-26T13:31:12-04:00
https://www.mass.gov/doc/dcs-info-14-299-customer-service-training/download,2026-08-26T13:31:12-04:00
https://www.mass.gov/doc/trade-outreach-report/download,2026-08-26T13:31:12-04:00
https://www.mass.gov/doc/dcs-info-05-162-career-opportunities-with-kpmg/download,2026-08-26T13:31:12-04:00
https://www.mass.gov/doc/dcs-info-14-300-work-based-learning-resources-available-through-workforcegps/download,2026-08-26T13:31:12-04:00
https://www.mass.gov/doc/dcs-info-14-301-psych-hub-mental-health-resources-available/download,2026-08-26T13:31:12-04:00
https://www.mass.gov/doc/dcs-info-14-301a-psych-hub-flyer/download,2026-08-26T13:31:12-04:00
https://www.mass.gov/doc/dcs-jpp-06-2019-senior-community-service-employment-program-scsep-and-paid-family-and-medical-leave-pfml-law/download,2026-08-26T13:31:12-04:00
https://www.mass.gov/doc/dcs-info-02-131-moses-version-371-will-be-released-on-october-30-2019/download,2026-08-26T13:31:12-04:00
https://www.mass.gov/doc/dcs-info-09-117-fy2019-career-center-performance-reports-quarter-ending-june-30-2019/download,2026-08-26T13:31:12-04:00
https://www.mass.gov/doc/dcs-info-09-117a-tab00-table-of-contents/download,2026-08-26T13:31:12-04:00
https://www.mass.gov/doc/dcs-info-09-117b-tab01-executive-summary/download,2026-08-26T13:31:12-04:00
https://www.mass.gov/doc/dcs-info-09-117c-tab02-employer-summary/download,2026-08-26T13:31:12-04:00
https://www.mass.gov/doc/dcs-info-09-117d-tab03-job-seeker-summary/download,2026-08-26T13:31:12-04:00
https://www.mass.gov/doc/dcs-info-09-117e-tab04-veteran-summary/download,2026-08-26T13:31:12-04:00
https://www.mass.gov/doc/dcs-info-09-117f-tab05-res-summary/download,2026-08-26T13:31:12-04:00
https://www.mass.gov/doc/dcs-info-09-117g-tab06-title-i-adults-and-dislocated-worker-summary/download,2026-08-26T13:30:25-04:00
https://www.mass.gov/doc/dcs-info-09-117h-tab07-title-i-youth-summary/download,2026-08-26T13:30:25-04:00
https://www.mass.gov/doc/dcs-info-09-117i-tab08-national-dislocated-worker-grants-summary/download,2026-08-26T13:30:25-04:00
https://www.mass.gov/doc/dcs-info-09-117j-tab09-trade-summary/download,2026-08-26T13:30:25-04:00
https://www.mass.gov/doc/dcs-info-09-117k-tab10-labor-exchange-vets-performance-summary/download,2026-08-26T13:30:25-04:00
https://www.mass.gov/doc/dcs-info-09-117l-tab11-title-i-performance/download,2026-08-26T13:30:25-04:00
https://www.mass.gov/doc/dcs-info-09-117m-tab12-trade-performance-summary/download,2026-08-26T13:30:25-04:00
https://www.mass.gov/doc/dcs-info-09-117n-tab13-performance-cohorts/download,2026-08-26T13:30:25-04:00
https://www.mass.gov/doc/fy20-edic-budget-5/download,2026-08-26T13:30:25-04:00
https://www.mass.gov/doc/fy20-metro-north-budget-4/download,2026-08-26T13:30:25-04:00
https://www.mass.gov/doc/fy20-worcester-budget-6/download,2026-08-26T13:30:25-04:00
https://www.mass.gov/doc/fy20-berkshire-training-budget-4/download,2026-08-26T13:30:25-04:00
https://www.mass.gov/doc/fy20-brockton-budget-3/download,2026-08-26T13:30:25-04:00
https://www.mass.gov/doc/fy20-city-of-quincy-budget-5/download,2026-08-26T13:30:25-04:00
https://www.mass.gov/doc/fy20-edic-budget-4/download,2026-08-26T13:30:25-04:00
https://www.mass.gov/doc/fy20-fall-river-budget-4/download,2026-08-26T13:30:25-04:00
https://www.mass.gov/doc/fy20-franklin-hampshire-budget-4/download,2026-08-26T13:30:25-04:00
https://www.mass.gov/doc/fy20-hampden-budget-4/download,2026-08-26T13:30:25-04:00
https://www.mass.gov/doc/fy20-jtec-budget-4/download,2026-08-26T13:30:25-04:00
https://www.mass.gov/doc/fy20-lowell-budget-5/download,2026-08-26T13:30:25-04:00
https://www.mass.gov/doc/fy20-lower-merrimac-budget-4/download,2026-08-26T13:30:25-04:00
https://www.mass.gov/doc/fy20-metro-north-budget-3/download,2026-08-26T13:30:25-04:00
https://www.mass.gov/doc/fy20-metro-south-west-budget-4/download,2026-08-26T13:30:25-04:00
https://www.mass.gov/doc/fy20-new-bedford-budget-4/download,2026-08-26T13:30:25-04:00
https://www.mass.gov/doc/fy20-north-central-budget-4/download,2026-08-26T13:30:25-04:00
https://www.mass.gov/doc/fy20-north-shore-budget-6/download,2026-08-26T13:30:25-04:00
https://www.mass.gov/doc/fy20-worcester-budget-5/download,2026-08-26T13:30:25-04:00
https://www.mass.gov/doc/dcs-jpi-06-2019-regional-meetings-joint-partners-regarding-the-work-participant-program-wpp/download,2026-08-26T13:30:25-04:00
https://www.mass.gov/doc/dcs-info-10-104-data-element-validation-for-fy-2019/download,2026-08-26T13:30:25-04:00
https://www.mass.gov/doc/dcs-info-10-104a-training-and-employment-guidance-letter-tegl-7-18/download,2026-08-26T13:30:25-04:00
https://www.mass.gov/doc/dcs-info-14-302-hubspot-workshop-breaking-barriers-first-gens-in-tech-event/download,2026-08-26T13:30:25-04:00
https://www.mass.gov/doc/dcs-policy-19-106-1-wioa-title-i-youth-work-experience-expenditure-requirement/download,2026-08-26T13:27:50-04:00
https://www.mass.gov/doc/dcs-info-14-303-creating-customer-facing-webinars/download,2026-08-26T13:30:25-04:00
https://www.mass.gov/doc/dcs-info-14-303a-webinar-learning-community-flyer/download,2026-08-26T13:30:25-04:00
https://www.mass.gov/doc/dcs-info-22-121-fifth-annual-national-apprenticeship-week/download,2026-08-26T13:30:25-04:00
https://www.mass.gov/doc/dcs-info-25-181-job-corps-experimental-projects-and-technical-assistance-funding-opportunity/download,2026-08-26T13:30:25-04:00
https://www.mass.gov/doc/dcs-info-25-181a-foa-eta-20-03-job-corps-experimental-projects-and-technical-assistance/download,2026-08-26T13:30:25-04:00
https://www.mass.gov/doc/dcs-info-14-304-re-employment-services-and-eligibility-assessment-resea-information-and-training-sessions-for-managers/download,2026-08-26T13:30:25-04:00
https://www.mass.gov/doc/fy19-lower-merrimac-budget-16/download,2026-08-26T13:30:25-04:00
https://www.mass.gov/doc/dcs-info-12-106-request-for-proposals-through-commonwealth-corporation/download,2026-08-26T13:30:25-04:00
https://www.mass.gov/doc/fy19-north-central-wib-budget-19/download,2026-08-26T13:30:25-04:00
https://www.mass.gov/doc/dcs-info-14-305-business-engagement-seriesincumbent-worker-training-workforcegps-webinars/download,2026-08-26T13:30:25-04:00
https://www.mass.gov/doc/dcs-policy-15-100-1-implementing-veterans-priority-of-service-for-veterans/download,2026-08-26T13:30:25-04:00
https://www.mass.gov/doc/dcs-policy-15-100-1a-training-and-employment-guidance-letter-10-09/download,2026-08-26T13:30:25-04:00
https://www.mass.gov/doc/dcs-policy-15-100-1b-protocol-for-implementation-of-priority-of-service-for-veterans-and-eligible-spouses/download,2026-08-26T13:30:25-04:00
https://www.mass.gov/doc/dcs-policy-15-100-1c-priority-of-service-notice-poster/download,2026-08-26T13:30:25-04:00
https://www.mass.gov/doc/dcs-info-25-182-new-funding-available-call-for-participation/download,2026-08-26T13:29:49-04:00
https://www.mass.gov/doc/dcs-info-25-182a-foa-eta-20-01/download,2026-08-26T13:30:25-04:00
https://www.mass.gov/doc/dcs-info-25-182b-fostering-opioid-recovery-through-workforce-development-response-template/download,2026-08-26T13:29:49-04:00
https://www.mass.gov/doc/dcs-info-25-183-notice-of-funding-available-through-commbuys-for-apprenticeship-in-expansion-industries/download,2026-08-26T13:29:49-04:00
https://www.mass.gov/doc/dcs-info-14-306-wioa-title-i-adult-dislocated-worker-youth-training/download,2026-08-26T13:29:49-04:00
https://www.mass.gov/doc/dcs-info-05-163-massachusetts-highlighted-in-november-naswa-newswire/download,2026-08-26T13:29:49-04:00
https://www.mass.gov/doc/dcs-info-05-163a-november-19-2019-naswa-newswire/download,2026-08-26T13:29:49-04:00
https://www.mass.gov/doc/dcs-policy-19-101-3-wioa-title-i-youth-eligibility/download,2026-08-26T13:29:49-04:00
https://www.mass.gov/doc/dcs-policy-18-101-4-eligibility-requirements-for-wioa-title-i-adult-and-dislocated-worker-program/download,2026-08-26T13:29:49-04:00
https://www.mass.gov/doc/dcs-policy-18-101-4-qa/download,2026-08-26T13:29:49-04:00
https://www.mass.gov/doc/fy20-berkshire-training-budget-5/download,2026-08-26T13:29:49-04:00
https://www.mass.gov/doc/fy20-berkshire-training-budget-6/download,2026-08-26T13:29:49-04:00
https://www.mass.gov/doc/fy20-brockton-budget-4/download,2026-08-26T13:29:49-04:00
https://www.mass.gov/doc/fy20-brockton-budget-5/download,2026-08-26T13:29:49-04:00
https://www.mass.gov/doc/fy20-city-of-quincy-budget-6/download,2026-08-26T13:29:49-04:00
https://www.mass.gov/doc/fy20-city-of-quincy-budget-7/download,2026-08-26T13:29:49-04:00
https://www.mass.gov/doc/fy20-edic-budget-6/download,2026-08-26T13:29:49-04:00
https://www.mass.gov/doc/fy20-edic-budget-7/download,2026-08-26T13:29:49-04:00
https://www.mass.gov/doc/fy20-fall-river-budget-5/download,2026-08-26T13:29:49-04:00
https://www.mass.gov/doc/fy20-fall-river-budget-6/download,2026-08-26T13:29:49-04:00
https://www.mass.gov/doc/fy20-franklin-hampshire-budget-5/download,2026-08-26T13:29:49-04:00
https://www.mass.gov/doc/fy20-franklin-hampshire-budget-6/download,2026-08-26T13:29:49-04:00
https://www.mass.gov/doc/fy20-hampden-budget-5/download,2026-08-26T13:29:49-04:00
https://www.mass.gov/doc/fy20-hampden-budget-6/download,2026-08-26T13:29:49-04:00
https://www.mass.gov/doc/fy20-jtec-budget-5/download,2026-08-26T13:29:49-04:00
https://www.mass.gov/doc/fy20-jtec-budget-6/download,2026-08-26T13:29:49-04:00
https://www.mass.gov/doc/fy20-lowell-budget-6/download,2026-08-26T13:29:49-04:00
https://www.mass.gov/doc/fy20-lowell-budget-7/download,2026-08-26T13:29:49-04:00
https://www.mass.gov/doc/fy20-lower-merrimac-budget-5/download,2026-08-26T13:29:49-04:00
https://www.mass.gov/doc/fy20-lower-merrimac-budget-6/download,2026-08-26T13:29:49-04:00
https://www.mass.gov/doc/fy20-metro-north-budget-5/download,2026-08-26T13:29:49-04:00
https://www.mass.gov/doc/fy20-metro-north-budget-6/download,2026-08-26T13:29:49-04:00
https://www.mass.gov/doc/fy20-metro-north-budget-7/download,2026-08-26T13:29:49-04:00
https://www.mass.gov/doc/fy20-metro-south-west-budget-5/download,2026-08-26T13:29:49-04:00
https://www.mass.gov/doc/fy20-metro-south-west-budget-6/download,2026-08-26T13:29:49-04:00
https://www.mass.gov/doc/fy20-new-bedford-budget-5/download,2026-08-26T13:29:49-04:00
https://www.mass.gov/doc/fy20-new-bedford-budget-6/download,2026-08-26T13:29:49-04:00
https://www.mass.gov/doc/fy20-north-central-budget-5/download,2026-08-26T13:29:49-04:00
https://www.mass.gov/doc/fy20-north-central-budget-6/download,2026-08-26T13:29:49-04:00
https://www.mass.gov/doc/fy20-north-shore-budget-7/download,2026-08-26T13:29:49-04:00
https://www.mass.gov/doc/fy20-north-shore-budget-8/download,2026-08-26T13:29:49-04:00
https://www.mass.gov/doc/fy20-worcester-budget-7/download,2026-08-26T13:29:49-04:00
https://www.mass.gov/doc/fy20-worcester-budget-8/download,2026-08-26T13:29:49-04:00
https://www.mass.gov/doc/fy20-worcester-budget-9/download,2026-08-26T13:29:49-04:00
https://www.mass.gov/doc/dcs-info-14-307-implementing-workkeys-curriculum-webinar-training/download,2026-08-26T13:29:49-04:00
https://www.mass.gov/doc/dcs-jpi-07-2019-mass-rehabilitation-commission-mrc-and-masshire-department-of-career-services-mdcs-workforce-training-partnership-webinar/download,2026-08-26T13:29:49-04:00
https://www.mass.gov/doc/dta-wpp-statewide-summary/download,2026-08-26T13:29:14-04:00
https://www.mass.gov/doc/dcs-info-31-106-masshire-awards-2020/download,2026-08-26T13:29:14-04:00
https://www.mass.gov/doc/dcs-info-31-106a-masshire-awards-nomination-package-2020/download,2026-08-26T13:27:50-04:00
https://www.mass.gov/doc/potential-snap-wpp-expansion/download,2026-08-26T13:29:14-04:00
https://www.mass.gov/doc/wioa-measureable-skill-gains-report-sample-report/download,2026-08-26T13:29:14-04:00
https://www.mass.gov/doc/wioa-non-low-income-participants-0/download,2026-08-26T13:29:14-04:00
https://www.mass.gov/doc/wioa-youth-program-elements-sample-report/download,2026-08-26T13:29:14-04:00
https://www.mass.gov/doc/2019-berkshire-data-package/download,2026-08-26T13:29:14-04:00
https://www.mass.gov/doc/2019-cape-data-package/download,2026-08-26T13:29:14-04:00
https://www.mass.gov/doc/2019-central-data-package/download,2026-08-26T13:29:14-04:00
https://www.mass.gov/doc/2019-greater-boston-data-package/download,2026-08-26T13:29:14-04:00
https://www.mass.gov/doc/2019-northeast-data-package/download,2026-08-26T13:29:14-04:00
https://www.mass.gov/doc/2019-pioneer-valley-data-package/download,2026-08-26T13:29:14-04:00
https://www.mass.gov/doc/2019-southeast-data-package/download,2026-08-26T13:29:14-04:00
https://www.mass.gov/doc/2019-state-data-package/download,2026-08-26T13:29:14-04:00
https://www.mass.gov/doc/dcs-info-14-308-using-evaluation-evidence-to-inform-strategic-planning-activities-webinar/download,2026-08-26T13:29:14-04:00
https://www.mass.gov/doc/fy20-north-central-budget-8/download,2026-08-26T13:29:14-04:00
https://www.mass.gov/doc/fy20-hampden-budget-8/download,2026-08-26T13:29:14-04:00
https://www.mass.gov/doc/dcs-info-14-309-federal-bonding-webinar/download,2026-08-26T13:29:14-04:00
https://www.mass.gov/doc/es333991955a25-0/download,2026-08-26T13:29:14-04:00
https://www.mass.gov/doc/ma-aa-33235-grant-agreement/download,2026-08-26T13:29:14-04:00
https://www.mass.gov/doc/ma-adult-dw-modnoa/download,2026-08-26T13:29:14-04:00
https://www.mass.gov/doc/ma-es-33399-py-19-grant-agreement/download,2026-08-26T13:29:14-04:00
https://www.mass.gov/doc/ma-es-c1-modnoa/download,2026-08-26T13:29:14-04:00
https://www.mass.gov/doc/ma-py-18-restoration-modnoa/download,2026-08-26T13:29:14-04:00
https://www.mass.gov/doc/nooes-33399-19-55-a-25modno1/download,2026-08-26T13:29:14-04:00
https://www.mass.gov/doc/nooes-33399-19-55-a-25modno2/download,2026-08-26T13:29:14-04:00
https://www.mass.gov/doc/ma-mod-noa-trade/download,2026-08-26T13:29:14-04:00
https://www.mass.gov/doc/nooaa-28322-16-55-a-25modno6/download,2026-08-26T13:29:14-04:00
https://www.mass.gov/doc/nooaa-33235-19-55-a-25modno1/download,2026-08-26T13:29:14-04:00
https://www.mass.gov/doc/nooaa-33235-19-55-a-25modno3-adw/download,2026-08-26T13:29:14-04:00
https://www.mass.gov/doc/ma-wig-modnoa/download,2026-08-26T13:29:14-04:00
https://www.mass.gov/doc/tegl16-18change1/download,2026-08-26T13:29:14-04:00
https://www.mass.gov/doc/fy20-brockton-budget-6/download,2026-08-26T13:29:14-04:00
https://www.mass.gov/doc/fy20-city-of-quincy-budget-10/download,2026-08-26T13:29:14-04:00
https://www.mass.gov/doc/fy20-edic-budget-9/download,2026-08-26T13:29:14-04:00
https://www.mass.gov/doc/fy20-fall-river-budget-8/download,2026-08-26T13:29:14-04:00
https://www.mass.gov/doc/fy20-franklin-hampshire-budget-8/download,2026-08-26T13:29:14-04:00
https://www.mass.gov/doc/fy20-hampden-budget-9/download,2026-08-26T13:29:14-04:00
https://www.mass.gov/doc/fy20-jtec-budget-7/download,2026-08-26T13:29:14-04:00
https://www.mass.gov/doc/fy20-lowell-budget-9/download,2026-08-26T13:29:14-04:00
https://www.mass.gov/doc/fy20-lower-merrimac-budget-9/download,2026-08-26T13:29:14-04:00
https://www.mass.gov/doc/fy20-metro-north-budget-10/download,2026-08-26T13:29:14-04:00
https://www.mass.gov/doc/fy20-metro-south-west-budget-9/download,2026-08-26T13:29:14-04:00
https://www.mass.gov/doc/fy20-new-bedford-budget-7/download,2026-08-26T13:29:14-04:00
https://www.mass.gov/doc/fy20-north-central-budget-9/download,2026-08-26T13:29:14-04:00
https://www.mass.gov/doc/fy20-north-shore-budget-11/download,2026-08-26T13:28:29-04:00
https://www.mass.gov/doc/fy20-worcester-budget-11/download,2026-08-26T13:28:29-04:00
https://www.mass.gov/doc/fy20-berkshire-training-budget-8/download,2026-08-26T13:28:29-04:00
https://www.mass.gov/doc/fy20-city-of-quincy-budget-9/download,2026-08-26T13:28:29-04:00
https://www.mass.gov/doc/fy20-edic-budget-8/download,2026-08-26T13:28:29-04:00
https://www.mass.gov/doc/fy20-lowell-budget-8/download,2026-08-26T13:28:29-04:00
https://www.mass.gov/doc/fy20-lower-merrimac-budget-8/download,2026-08-26T13:28:29-04:00
https://www.mass.gov/doc/fy20-metro-north-budget-9/download,2026-08-26T13:28:29-04:00
https://www.mass.gov/doc/fy20-metro-south-west-budget-8/download,2026-08-26T13:28:29-04:00
https://www.mass.gov/doc/fy20-north-shore-budget-10/download,2026-08-26T13:28:29-04:00
https://www.mass.gov/doc/mrtf-enrollments/download,2026-08-26T13:27:50-04:00
https://www.mass.gov/doc/dcs-policy-33-100-fidelity-bonding-demonstration-grant/download,2026-08-26T13:28:29-04:00
https://www.mass.gov/doc/dcs-policy-33-100a-instructions-for-securing-a-federal-fidelity-bond/download,2026-08-26T13:27:50-04:00
https://www.mass.gov/doc/dcs-info-09-118-fy2020-career-center-performance-reports-quarter-ending-september-30-2019/download,2026-08-26T13:28:29-04:00
https://www.mass.gov/doc/dcs-info-09-118a-tab00-table-of-contents/download,2026-08-26T13:28:29-04:00
https://www.mass.gov/doc/dcs-info-09-118b-tab01-executive-summary/download,2026-08-26T13:28:29-04:00
https://www.mass.gov/doc/dcs-info-09-118c-tab02-employer-summary/download,2026-08-26T13:28:29-04:00
https://www.mass.gov/doc/dcs-info-09-118d-tab03-job-seeker-summary/download,2026-08-26T13:28:29-04:00
https://www.mass.gov/doc/dcs-info-09-118e-tab04-veteran-summary/download,2026-08-26T13:28:29-04:00
https://www.mass.gov/doc/dcs-info-09-118f-tab05-res-summary/download,2026-08-26T13:28:29-04:00
https://www.mass.gov/doc/dcs-info-09-118g-tab06-title-i-adults-and-dislocated-worker-summary/download,2026-08-26T13:28:29-04:00
https://www.mass.gov/doc/dcs-info-09-118h-tab07-title-i-youth-summary/download,2026-08-26T13:28:29-04:00
https://www.mass.gov/doc/dcs-info-09-118i-tab08-national-dislocated-worker-grants-summary/download,2026-08-26T13:28:29-04:00
https://www.mass.gov/doc/dcs-info-09-118j-tab09-trade-summary/download,2026-08-26T13:28:29-04:00
https://www.mass.gov/doc/dcs-info-09-118k-tab10-labor-exchange-vets-performance-summary/download,2026-08-26T13:28:29-04:00
https://www.mass.gov/doc/dcs-info-09-118l-tab11-title-i-performance/download,2026-08-26T13:28:29-04:00
https://www.mass.gov/doc/dcs-info-09-118m-tab12-trade-performance-summary/download,2026-08-26T13:28:29-04:00
https://www.mass.gov/doc/dcs-info-09-118n-tab13-performance-cohorts/download,2026-08-26T13:28:29-04:00
https://www.mass.gov/doc/dcs-info-14-310-apprenticeship-101-webinar/download,2026-08-26T13:28:29-04:00
https://www.mass.gov/doc/dcs-info-32-101-new-minimum-base-period-wage-requirement-for-claims/download,2026-08-26T13:28:29-04:00
https://www.mass.gov/doc/dcs-info-32-101a-dua-ui-policy-performance-interoffice-memorandum/download,2026-08-26T13:28:29-04:00
https://www.mass.gov/doc/dcs-info-32-101b-minimum-wage-chart/download,2026-08-26T13:28:29-04:00
https://www.mass.gov/doc/fy20-mass-regional-initial-budget-1/download,2026-08-26T13:28:29-04:00
https://www.mass.gov/doc/fy20-berkshire-training-budget-9/download,2026-08-26T13:28:29-04:00
https://www.mass.gov/doc/fy20-brockton-budget-7/download,2026-08-26T13:28:29-04:00
https://www.mass.gov/doc/fy20-edic-budget-10/download,2026-08-26T13:28:29-04:00
https://www.mass.gov/doc/fy20-fall-river-budget-9/download,2026-08-26T13:28:29-04:00
https://www.mass.gov/doc/fy20-franklin-hampshire-budget-9/download,2026-08-26T13:28:29-04:00
https://www.mass.gov/doc/fy20-hampden-budget-10/download,2026-08-26T13:28:29-04:00
https://www.mass.gov/doc/fy20-jtec-budget-8/download,2026-08-26T13:28:29-04:00
https://www.mass.gov/doc/fy20-lowell-budget-10/download,2026-08-26T13:28:29-04:00
https://www.mass.gov/doc/fy20-lower-merrimac-budget-10/download,2026-08-26T13:28:29-04:00
https://www.mass.gov/doc/fy20-metro-north-budget-11/download,2026-08-26T13:28:29-04:00
https://www.mass.gov/doc/fy20-metro-south-west-budget-10/download,2026-08-26T13:28:29-04:00
https://www.mass.gov/doc/fy20-new-bedford-budget-8/download,2026-08-26T13:28:29-04:00
https://www.mass.gov/doc/fy20-north-central-budget-10/download,2026-08-26T13:28:29-04:00
https://www.mass.gov/doc/fy20-north-shore-budget-12/download,2026-08-26T13:28:29-04:00
https://www.mass.gov/doc/fy20-worcester-budget-12/download,2026-08-26T13:27:50-04:00
https://www.mass.gov/doc/fy-2018-py-2017-wia-title-i-annual-performance-report/download,2026-08-26T13:27:50-04:00
https://www.mass.gov/doc/fy-2019-py-2018-wia-title-i-annual-performance-report-508-compliant/download,2026-08-26T13:27:50-04:00
https://www.mass.gov/doc/fy-2019-py-2018-wia-title-i-annual-performance-report/download,2026-08-26T13:27:50-04:00
https://www.mass.gov/doc/fy20-hampden-budget-11/download,2026-08-26T13:27:00-04:00
https://www.mass.gov/doc/dcs-info-14-311-disability-employment-initiative-learning-series-webinars/download,2026-08-26T13:25:39-04:00
https://www.mass.gov/doc/archive-restorative-justice-advisory-committee-annual-report-2018-2019/download,2026-08-26T15:03:22-04:00
https://www.mass.gov/doc/dcs-info-02-132-moses-version-372-will-be-released-on-january-22-2020/download,2026-08-26T13:27:00-04:00
https://www.mass.gov/doc/fy20-city-of-quincy-budget-11/download,2026-08-26T13:27:00-04:00
https://www.mass.gov/doc/dcs-info-14-312-motivational-interviewing-training/download,2026-08-26T13:27:00-04:00
https://www.mass.gov/doc/dcs-info-10-105-fy20-field-management-and-oversight-program-review-notification/download,2026-08-26T13:27:00-04:00
https://www.mass.gov/doc/dcs-jp-policy-01-2020-fy2020-adult-and-community-learning-services-adult-career-pathway-funds/download,2026-08-26T13:27:00-04:00
https://www.mass.gov/doc/dcs-jp-policy-01-2020a-adult-career-pathways-funding/download,2026-08-26T13:27:00-04:00
https://www.mass.gov/doc/dcs-info-14-313-unemployment-insurance-ui-online-navigation-trainings/download,2026-08-26T13:27:00-04:00
https://www.mass.gov/doc/fy20-berkshire-training-budget-10/download,2026-08-26T13:27:00-04:00
https://www.mass.gov/doc/fy20-berkshire-training-budget-11/download,2026-08-26T13:27:00-04:00
https://www.mass.gov/doc/fy20-brockton-budget-8/download,2026-08-26T13:27:00-04:00
https://www.mass.gov/doc/fy20-brockton-budget-9/download,2026-08-26T13:27:00-04:00
https://www.mass.gov/doc/fy20-city-of-quincy-budget-13/download,2026-08-26T13:27:00-04:00
https://www.mass.gov/doc/fy20-edic-budget-11/download,2026-08-26T13:27:00-04:00
https://www.mass.gov/doc/fy20-edic-budget-12/download,2026-08-26T13:27:00-04:00
https://www.mass.gov/doc/fy20-fall-river-budget-11/download,2026-08-26T13:27:00-04:00
https://www.mass.gov/doc/fy20-franklin-hampshire-budget-11/download,2026-08-26T13:27:00-04:00
https://www.mass.gov/doc/fy20-hampden-budget-12/download,2026-08-26T13:27:00-04:00
https://www.mass.gov/doc/fy20-hampden-budget-13/download,2026-08-26T13:27:00-04:00
https://www.mass.gov/doc/fy20-jtec-budget-9/download,2026-08-26T13:27:00-04:00
https://www.mass.gov/doc/fy20-jtec-budget-10/download,2026-08-26T13:27:00-04:00
https://www.mass.gov/doc/fy20-lowell-budget-11/download,2026-08-26T13:27:00-04:00
https://www.mass.gov/doc/fy20-lowell-budget-12/download,2026-08-26T13:27:00-04:00
https://www.mass.gov/doc/fy20-lower-merrimac-budget-11/download,2026-08-26T13:27:00-04:00
https://www.mass.gov/doc/fy20-lower-merrimac-budget-12/download,2026-08-26T13:27:00-04:00
https://www.mass.gov/doc/fy20-metro-north-budget-12/download,2026-08-26T13:27:00-04:00
https://www.mass.gov/doc/fy20-metro-north-budget-13/download,2026-08-26T13:27:00-04:00
https://www.mass.gov/doc/fy20-metro-south-west-budget-11/download,2026-08-26T13:27:00-04:00
https://www.mass.gov/doc/fy20-metro-south-west-budget-12/download,2026-08-26T13:27:00-04:00
https://www.mass.gov/doc/fy20-new-bedford-budget-9/download,2026-08-26T13:27:00-04:00
https://www.mass.gov/doc/fy20-new-bedford-budget-10/download,2026-08-26T13:26:24-04:00
https://www.mass.gov/doc/fy20-north-central-budget-11/download,2026-08-26T13:26:24-04:00
https://www.mass.gov/doc/fy20-north-central-budget-12/download,2026-08-26T13:26:24-04:00
https://www.mass.gov/doc/fy20-north-shore-budget-13/download,2026-08-26T13:26:24-04:00
https://www.mass.gov/doc/fy20-north-shore-budget-14/download,2026-08-26T13:26:24-04:00
https://www.mass.gov/doc/fy20-worcester-budget-13/download,2026-08-26T13:26:24-04:00
https://www.mass.gov/doc/fy20-worcester-budget-14/download,2026-08-26T13:26:24-04:00
https://www.mass.gov/doc/dcs-info-22-122-recruitment-announcement-southern-ma-tradeswomen-tuesday/download,2026-08-26T13:26:24-04:00
https://www.mass.gov/doc/dcs-info-22-122a-southern-ma-tradeswomen-tuesday-flyer/download,2026-08-26T13:26:24-04:00
https://www.mass.gov/doc/dcs-jp-info-01-2020-wioa-state-plan-public-meetings/download,2026-08-26T13:26:24-04:00
https://www.mass.gov/doc/a1-complaint-system-poster-us-dol-approved/download,2026-08-26T11:43:38-04:00
https://www.mass.gov/doc/a4-migrant-and-seasonal-agricultural-worker-protection-act-notice/download,2026-08-26T13:26:24-04:00
https://www.mass.gov/doc/a5-safety-and-health-protection-on-the-job-osha-english/download,2026-08-26T13:26:24-04:00
https://www.mass.gov/doc/a5a-safety-and-health-protection-on-the-job-osha-spanish/download,2026-08-26T13:26:24-04:00
https://www.mass.gov/doc/a6-massachusetts-wage-and-hours-law-state-minimum-wage/download,2026-08-26T13:26:24-04:00
https://www.mass.gov/doc/a8-notice-to-workers-with-disabilitiesspecial-minimum-wage-english/download,2026-08-26T13:26:24-04:00
https://www.mass.gov/doc/a8a-notice-to-workers-with-disabilitiesspecial-minimum-wage-spanish/download,2026-08-26T13:26:24-04:00
https://www.mass.gov/doc/a11-if-you-have-the-right-to-work-english/download,2026-08-26T13:26:24-04:00
https://www.mass.gov/doc/a11a-if-you-have-the-right-to-work-spanish/download,2026-08-26T13:26:24-04:00
https://www.mass.gov/doc/no-smoking-vaping-sign/download,2026-08-26T11:43:38-04:00
https://www.mass.gov/doc/massachusetts-maternity-leave-fact-sheet/download,2026-08-26T11:43:38-04:00
https://www.mass.gov/doc/department-of-labor-standards-workplace-safety-poster-public-agency-only/download,2026-08-26T11:43:38-04:00
https://www.mass.gov/doc/c5-job-safety-and-health-its-the-law-osha-english/download,2026-08-26T13:26:24-04:00
https://www.mass.gov/doc/c5a-job-safety-and-health-its-the-law-osha-spanish/download,2026-08-26T13:26:24-04:00
https://www.mass.gov/doc/c6-federal-family-and-medical-leave-act-fmla-english/download,2026-08-26T11:43:38-04:00
https://www.mass.gov/doc/c6a-federal-family-and-medical-leave-act-fmla-spanish/download,2026-08-26T13:26:24-04:00
https://www.mass.gov/doc/c9-ma-earned-sick-leave/download,2026-08-26T13:26:24-04:00
https://www.mass.gov/doc/c11-pay-transparency-english/download,2026-08-26T13:26:24-04:00
https://www.mass.gov/doc/c11a-pay-transparency-spanish/download,2026-08-26T13:26:24-04:00
https://www.mass.gov/doc/c13-h-2a-workers-rights-english/download,2026-08-26T13:26:24-04:00
https://www.mass.gov/doc/c13a-h-2a-workers-rights-spanish/download,2026-08-26T13:26:24-04:00
https://www.mass.gov/doc/c14-h-2b-workers-rights-english/download,2026-08-26T13:26:24-04:00
https://www.mass.gov/doc/c14a-h-2b-workers-rights-spanish/download,2026-08-26T13:26:24-04:00
https://www.mass.gov/doc/c15-break-time-for-nursing-mothers-english/download,2026-08-26T13:26:24-04:00
https://www.mass.gov/doc/c15a-break-time-for-nursing-mothers-spanish/download,2026-08-26T13:26:24-04:00
https://www.mass.gov/doc/services-for-migrant-and-seasonal-farmworkers-poster/download,2026-08-26T11:43:38-04:00
https://www.mass.gov/doc/your-right-to-an-interpreter-poster-2/download,2026-08-26T11:43:38-04:00
https://www.mass.gov/doc/fy20-jtec-budget-11/download,2026-08-26T13:26:24-04:00
https://www.mass.gov/doc/fy20-berkshire-training-budget-12/download,2026-08-26T13:26:24-04:00
https://www.mass.gov/doc/fy20-brockton-budget-10/download,2026-08-26T13:26:24-04:00
https://www.mass.gov/doc/fy20-city-of-quincy-budget-14/download,2026-08-26T13:26:24-04:00
https://www.mass.gov/doc/fy20-edic-budget-13/download,2026-08-26T13:26:24-04:00
https://www.mass.gov/doc/fy20-fall-river-budget-12/download,2026-08-26T13:26:24-04:00
https://www.mass.gov/doc/fy20-franklin-hampshire-budget-12/download,2026-08-26T13:26:24-04:00
https://www.mass.gov/doc/fy20-hampden-budget-14/download,2026-08-26T13:26:24-04:00
https://www.mass.gov/doc/fy20-lowell-budget-13/download,2026-08-26T13:26:24-04:00
https://www.mass.gov/doc/fy20-lower-merrimac-budget-13/download,2026-08-26T13:26:24-04:00
https://www.mass.gov/doc/fy20-metro-north-budget-14/download,2026-08-26T13:26:24-04:00
https://www.mass.gov/doc/fy20-metro-south-west-budget-13/download,2026-08-26T13:26:24-04:00
https://www.mass.gov/doc/fy20-new-bedford-budget-11/download,2026-08-26T13:26:24-04:00
https://www.mass.gov/doc/fy20-north-central-budget-13/download,2026-08-26T13:26:24-04:00
https://www.mass.gov/doc/fy20-north-shore-budget-15/download,2026-08-26T13:26:24-04:00
https://www.mass.gov/doc/fy20-worcester-budget-15/download,2026-08-26T13:26:24-04:00
https://www.mass.gov/doc/fy20-lower-merrimac-budget-14/download,2026-08-26T13:25:39-04:00
https://www.mass.gov/doc/fy20-hampden-budget-15/download,2026-08-26T13:25:39-04:00
https://www.mass.gov/doc/dcs-info-02-128-1-moses-training/download,2026-08-26T13:25:39-04:00
https://www.mass.gov/doc/dcs-info-05-164-work-without-limits-career-fair-for-college-students-recent-graduates-with-disabilities/download,2026-08-26T13:25:39-04:00
https://www.mass.gov/doc/dcs-jp-info-02-2020-adult-education-directors-meeting-save-the-date/download,2026-08-26T13:25:39-04:00
https://www.mass.gov/doc/dcs-info-13-113-trade-adjustment-assistance-taa-video-series/download,2026-08-26T13:25:39-04:00
https://www.mass.gov/doc/dcs-info-14-314-labor-insight-overview-webinar/download,2026-08-26T13:25:39-04:00
https://www.mass.gov/doc/dcs-info-14-315-bls-occupational-employment-statistics-data-webinar/download,2026-08-26T13:25:39-04:00
https://www.mass.gov/doc/dcs-policy-33-100b-federal-bonding-program-quick-guide/download,2026-08-26T11:44:15-04:00
https://www.mass.gov/doc/fy20-edic-budget-14/download,2026-08-26T13:25:39-04:00
https://www.mass.gov/doc/dcs-info-14-316-apprenticeship-101-webinar/download,2026-08-26T13:25:39-04:00
https://www.mass.gov/doc/dcs-info-14-317-burning-glass-technologies-using-labor-insight-training/download,2026-08-26T13:25:39-04:00
https://www.mass.gov/doc/fy20-cape-cod-wib-budget-1/download,2026-08-26T13:25:39-04:00
https://www.mass.gov/doc/fy20-jtec-budget-12/download,2026-08-26T13:25:39-04:00
https://www.mass.gov/doc/dcs-info-14-318-using-workkeys-curriculum-with-customers-training/download,2026-08-26T13:25:39-04:00
https://www.mass.gov/doc/fy20-berkshire-training-budget-13/download,2026-08-26T13:25:39-04:00
https://www.mass.gov/doc/fy20-fall-river-budget-13/download,2026-08-26T13:25:39-04:00
https://www.mass.gov/doc/fy20-new-bedford-budget-12/download,2026-08-26T13:25:39-04:00
https://www.mass.gov/doc/fy20-north-central-budget-14/download,2026-08-26T13:25:39-04:00
https://www.mass.gov/doc/fy20-north-shore-budget-16/download,2026-08-26T13:25:39-04:00
https://www.mass.gov/doc/taa-performance-summary-june-30-2019/download,2026-08-26T13:25:39-04:00
https://www.mass.gov/doc/taa-performance-summary-september-30-2019/download,2026-08-26T13:25:39-04:00
https://www.mass.gov/doc/dcs-info-14-319-re-employment-services-and-eligibility-assessment-resea-training/download,2026-08-26T13:25:39-04:00
https://www.mass.gov/doc/14-320-trade-adjustment-assistance-taa-training-and-intro-to-moses/download,2026-08-26T13:25:39-04:00
https://www.mass.gov/doc/dcs-info-14-321-leveraging-linkedin-webinars/download,2026-08-26T13:25:39-04:00
https://www.mass.gov/doc/dcs-info-25-184-workforce-competitive-trust-fund-funding-opportunities/download,2026-08-26T13:25:39-04:00
https://www.mass.gov/doc/archive-january-13-2020-etrcc-meeting-minutes-and-select-meeting-materials/download,2026-08-26T11:17:58-04:00
https://www.mass.gov/doc/snap-wpp-services-with-hours-crystal-report/download,2026-08-26T13:25:39-04:00
https://www.mass.gov/doc/fy2020-workforce-innovation-and-opportunity-act-wioa-massachusetts-combined-state-plan/download,2026-08-26T13:23:20-04:00
https://www.mass.gov/doc/dcs-jp-info-03-2020/download,2026-08-26T13:25:39-04:00
https://www.mass.gov/doc/dcs-info-25-185-bureau-of-justice-assistance-funding-opportunities-announced/download,2026-08-26T13:25:39-04:00
https://www.mass.gov/doc/dcs-info-05-165-public-charge-rule-information-changes/download,2026-08-26T13:25:39-04:00
https://www.mass.gov/doc/dcs-info-14-322-masshire-reports-webinar-series/download,2026-08-26T13:25:39-04:00
https://www.mass.gov/doc/dcs-info-14-323-re-employment-services-and-eligibility-assessment-resea-management-information-session/download,2026-08-26T13:25:39-04:00
https://www.mass.gov/doc/fy20-berkshire-training-budget-14/download,2026-08-26T13:25:39-04:00
https://www.mass.gov/doc/fy20-brockton-budget-12/download,2026-08-26T13:25:39-04:00
https://www.mass.gov/doc/fy20-city-of-quincy-budget-15/download,2026-08-26T13:25:39-04:00
https://www.mass.gov/doc/fy20-edic-budget-15/download,2026-08-26T13:25:39-04:00
https://www.mass.gov/doc/fy20-fall-river-budget-14/download,2026-08-26T13:25:39-04:00
https://www.mass.gov/doc/fy20-franklin-hampshire-budget-13/download,2026-08-26T13:25:39-04:00
https://www.mass.gov/doc/fy20-hampden-budget-16/download,2026-08-26T13:25:39-04:00
https://www.mass.gov/doc/fy20-jtec-budget-13/download,2026-08-26T13:25:39-04:00
https://www.mass.gov/doc/fy20-lowell-budget-15/download,2026-08-26T13:25:39-04:00
https://www.mass.gov/doc/fy20-lower-merrimac-budget-15/download,2026-08-26T13:25:39-04:00
https://www.mass.gov/doc/fy20-metro-north-budget-15/download,2026-08-26T13:25:39-04:00
https://www.mass.gov/doc/fy20-metro-south-west-budget-14/download,2026-08-26T13:25:39-04:00
https://www.mass.gov/doc/fy20-new-bedford-budget-13/download,2026-08-26T13:25:39-04:00
https://www.mass.gov/doc/fy20-worcester-budget-16/download,2026-08-26T13:25:39-04:00
https://www.mass.gov/doc/dcs-info-14-324-apprenticeship-101-webinar/download,2026-08-26T13:24:59-04:00
https://www.mass.gov/doc/dcs-info-25-186-funding-opportunity-apprenticeship-expansion-innovation-grants-2020/download,2026-08-26T13:24:59-04:00
https://www.mass.gov/doc/dcs-info-05-166-ride-match/download,2026-08-26T13:24:59-04:00
https://www.mass.gov/doc/dcs-info-05-166a-ride-match-brochure/download,2026-08-26T13:24:59-04:00
https://www.mass.gov/doc/fy20-metro-south-west-budget-15/download,2026-08-26T13:24:59-04:00
https://www.mass.gov/doc/dcs-info-25-187-massachusetts-clean-energy-center-solicitation/download,2026-08-26T13:24:59-04:00
https://www.mass.gov/doc/dcs-policy-03-113-open-meeting-law-suspension-of-certain-provisions/download,2026-08-26T11:43:38-04:00
https://www.mass.gov/doc/dcs-info-05-167-financial-relief-for-small-businesses/download,2026-08-26T13:24:59-04:00
https://www.mass.gov/doc/dcs-info-14-325-burning-glass-technologies-labor-insight-webinars-revised/download,2026-08-26T13:24:59-04:00
https://www.mass.gov/doc/fy19-north-shore-budget-20b/download,2026-08-26T13:24:59-04:00
https://www.mass.gov/doc/dcs-info-32-102-resources-for-ui-claims-resources-public-closure-of-non-essential-business/download,2026-08-26T13:24:59-04:00
https://www.mass.gov/doc/dcs-policy-08-118-masshire-staff-protocols-and-messaging-amid-covid-19/download,2026-08-26T11:43:38-04:00
https://www.mass.gov/doc/dcs-policy-06-104-disaster-recovery-dislocated-worker-grants-to-address-the-opioid-crisis/download,2026-08-26T11:43:38-04:00
https://www.mass.gov/doc/dcs-policy-06-104a-project-eligibility-template/download,2026-08-26T11:43:38-04:00
https://www.mass.gov/doc/dcs-info-34-100-covid-19-links-and-resources/download,2026-08-26T13:24:59-04:00
https://www.mass.gov/doc/dcs-info-34-101-attorney-general-office-sponsored-webinars-available/download,2026-08-26T13:24:59-04:00
https://www.mass.gov/doc/fy20-city-of-quincy-budget-12/download,2026-08-26T13:24:59-04:00
https://www.mass.gov/doc/fy20-fall-river-budget-10/download,2026-08-26T13:24:59-04:00
https://www.mass.gov/doc/fy20-franklin-hampshire-budget-10/download,2026-08-26T13:24:59-04:00
https://www.mass.gov/doc/e-hearing-request-form-fs/download,2026-08-26T13:24:59-04:00
https://www.mass.gov/doc/reimbursement-form-fs/download,2026-08-26T13:24:59-04:00
https://www.mass.gov/doc/travel-allowance-while-in-training-form-fs/download,2026-08-26T13:24:59-04:00
https://www.mass.gov/doc/resea-cap-khmer/download,2026-08-26T11:44:15-04:00
https://www.mass.gov/doc/dcs-info-dcs-09-119-fy2020-career-center-performance-reports-quarter-ending-december-31-2019/download,2026-08-26T13:24:59-04:00
https://www.mass.gov/doc/dcs-info-09-119a-tab00-table-of-contents/download,2026-08-26T13:24:59-04:00
https://www.mass.gov/doc/dcs-info-09-119b-tab01-executive-summary/download,2026-08-26T13:24:59-04:00
https://www.mass.gov/doc/dcs-info-09-119c-tab02-employer-summary/download,2026-08-26T13:24:59-04:00
https://www.mass.gov/doc/dcs-info-09-119d-tab03-job-seeker-summary/download,2026-08-26T13:24:59-04:00
https://www.mass.gov/doc/dcs-info-09-119e-tab04-veteran-summary/download,2026-08-26T13:24:59-04:00
https://www.mass.gov/doc/dcs-info-09-119f-tab05-res-summary/download,2026-08-26T13:24:59-04:00
https://www.mass.gov/doc/dcs-info-09-119g-tab06-title-i-adults-and-dislocated-worker-summary/download,2026-08-26T13:24:59-04:00
https://www.mass.gov/doc/dcs-info-09-119h-tab07-title-i-youth-summary/download,2026-08-26T13:24:59-04:00
https://www.mass.gov/doc/dcs-info-09-119i-tab08-national-dislocated-worker-grants-summary/download,2026-08-26T13:24:59-04:00
https://www.mass.gov/doc/dcs-info-09-119j-tab09-trade-summary/download,2026-08-26T13:24:59-04:00
https://www.mass.gov/doc/dcs-info-09-119k-tab10-labor-exchange-vets-performance-summary/download,2026-08-26T13:24:59-04:00
https://www.mass.gov/doc/dcs-info-09-119l-tab11-title-i-performance/download,2026-08-26T13:24:59-04:00
https://www.mass.gov/doc/dcs-info-09-119m-tab12-trade-performance-summary/download,2026-08-26T13:24:59-04:00
https://www.mass.gov/doc/dcs-info-09-119n-tab13-performance-cohorts/download,2026-08-26T13:24:59-04:00
https://www.mass.gov/doc/dcs-info-34-102-families-first-coronavirus-response-act-ffcra-or-act/download,2026-08-26T13:24:59-04:00
https://www.mass.gov/doc/dcs-info-34-102a-ffcra-poster-in-english/download,2026-08-26T13:24:59-04:00
https://www.mass.gov/doc/dcs-info-34-102b-ffcra-poster-in-spanish/download,2026-08-26T13:24:59-04:00
https://www.mass.gov/doc/dcs-info-32-102-1-resources-for-ui-claims-resources-public-closure-of-non-essential-business/download,2026-08-26T13:24:59-04:00
https://www.mass.gov/doc/dcs-info-32-102-1a-ppt-instructions-for-claimant-to-reset-password-in-ui-online/download,2026-08-26T13:24:59-04:00
https://www.mass.gov/doc/mdcs-header/download,2026-08-26T11:43:38-04:00
https://www.mass.gov/doc/dcs-info-05-168-naswa-benefits-matrix-tool/download,2026-08-26T13:24:59-04:00
https://www.mass.gov/doc/dcs-info-05-168a-naswa-benefits-matrix-chart/download,2026-08-26T13:24:59-04:00
https://www.mass.gov/doc/dcs-info-34-103-office-of-management-and-budget-omb-administrative-relief-announced/download,2026-08-26T13:24:59-04:00
https://www.mass.gov/doc/dcs-info-34-103a-omb-covid-19-administrative-relief-memorandum/download,2026-08-26T13:24:59-04:00
https://www.mass.gov/doc/covid19-sanitation-measures-for-farm-labor-camps-updated/download,2026-08-26T13:24:59-04:00
https://www.mass.gov/doc/es-338-template-2020/download,2026-08-26T11:44:15-04:00
https://www.mass.gov/doc/ffcra-employee-english/download,2026-08-26T13:24:59-04:00
https://www.mass.gov/doc/ffcra-employee-spanish/download,2026-08-26T13:24:59-04:00
https://www.mass.gov/doc/flc-advisory-dph/download,2026-08-26T13:24:59-04:00
https://www.mass.gov/doc/h-2a-faqs-3-26-2020/download,2026-08-26T13:24:12-04:00
https://www.mass.gov/doc/h-2a-faqs-401-2020/download,2026-08-26T13:24:12-04:00
https://www.mass.gov/doc/hi-checklist-covid-19/download,2026-08-26T11:44:15-04:00
https://www.mass.gov/doc/housing-ratios/download,2026-08-26T11:44:15-04:00
https://www.mass.gov/doc/dcs-info-14-326-linkedin-training-for-front-line-workforce-development-staff-available/download,2026-08-26T13:24:12-04:00
https://www.mass.gov/doc/fy20-worcester-budget-17/download,2026-08-26T13:24:12-04:00
https://www.mass.gov/doc/dcs-info-13-114-taa-and-resea-electronic-fillable-forms-available/download,2026-08-26T13:24:12-04:00
https://www.mass.gov/doc/dcs-info-23-103-resea-and-taa-electronic-fillable-forms-available/download,2026-08-26T13:24:12-04:00
https://www.mass.gov/doc/moses-101-basic-manual-2020/download,2026-08-26T13:24:12-04:00
https://www.mass.gov/doc/fy20-brockton-budget-13/download,2026-08-26T13:24:12-04:00
https://www.mass.gov/doc/ffcra-employerpaidleaverequirements/download,2026-08-26T13:24:12-04:00
https://www.mass.gov/doc/ffcra-employerpaidleaverequirementsspanish/download,2026-08-26T13:24:12-04:00
https://www.mass.gov/doc/dcs-info-25-188-youth-apprenticeship-readiness-grant-program-funding-opportunity-call-for-ideas/download,2026-08-26T13:24:12-04:00
https://www.mass.gov/doc/dcs-info-19-112-wioa-youth-program-technical-assistance-resources/download,2026-08-26T13:24:12-04:00
https://www.mass.gov/doc/dcs-info-34-104-covid-19-resources-available-through-employment-training-administration/download,2026-08-26T13:24:12-04:00
https://www.mass.gov/doc/dcs-info-14-327-wioa-performance-101-series-workforcegps-webinar-an-introduction-to-performance-accountability/download,2026-08-26T13:24:12-04:00
https://www.mass.gov/doc/dcs-info-14-328-industry-recognized-apprenticeship-program-webinar-for-prospective-standards-recognition-entities/download,2026-08-26T13:24:12-04:00
https://www.mass.gov/doc/moses-appendix-c-2024/download,2026-08-26T11:43:38-04:00
https://www.mass.gov/doc/dcs-info-14-329-disability-and-employment-elearning-modules-a-tool-to-support-organizational-learning-workforcegps-webinar/download,2026-08-26T13:24:12-04:00
https://www.mass.gov/doc/dcs-info-14-330-masshire-reports-webinar-series-recently-separated-claimants-by-occupational-history/download,2026-08-26T13:24:12-04:00
https://www.mass.gov/doc/occupation-category-lookup/download,2026-08-26T13:24:12-04:00
https://www.mass.gov/doc/occupation-category-lookup-example-pdf/download,2026-08-26T13:24:12-04:00
https://www.mass.gov/doc/recently-separated-claimants-past-90-day-example/download,2026-08-26T13:24:12-04:00
https://www.mass.gov/doc/dcs-policy-19-108-wioa-youth-service-provider-contract-extensions-during-the-covd-19-pandemic/download,2026-08-26T11:43:38-04:00
https://www.mass.gov/doc/dcs-info-14-331-wioa-youth-program-covid-19-webinar-through-workforcegps/download,2026-08-26T13:24:12-04:00
https://www.mass.gov/doc/moses-basic-admin-manual-2020/download,2026-08-26T13:24:12-04:00
https://www.mass.gov/doc/workforce-system-acronyms-2023/download,2026-08-26T11:43:38-04:00
https://www.mass.gov/doc/webex-training-resource-guide/download,2026-08-26T13:24:12-04:00
https://www.mass.gov/doc/fy20-metro-north-budget-16/download,2026-08-26T13:24:12-04:00
https://www.mass.gov/doc/fy20-metro-south-west-budget-16/download,2026-08-26T13:24:12-04:00
https://www.mass.gov/doc/fy20-worcester-budget-18/download,2026-08-26T13:24:12-04:00
https://www.mass.gov/doc/dcs-info-34-105-recruitment-for-long-term-care-facilities/download,2026-08-26T13:24:12-04:00
https://www.mass.gov/doc/dcs-info-34-105a-long-term-care-recruitment-tips-sheet/download,2026-08-26T13:24:12-04:00
https://www.mass.gov/doc/dcs-info-34-105b-student-recruitment-flyer/download,2026-08-26T13:24:12-04:00
https://www.mass.gov/doc/dcs-info-34-105c-healthcare-professional-recruitment-flyer/download,2026-08-26T13:24:12-04:00
https://www.mass.gov/doc/dcs-info-34-105d-resident-care-assistant-flyer/download,2026-08-26T13:24:12-04:00
https://www.mass.gov/doc/dcs-info-34-105e-resident-care-assistant-job-description/download,2026-08-26T13:24:12-04:00
https://www.mass.gov/doc/dcs-info-34-105f-1000-hiring-bonus-faq/download,2026-08-26T13:24:12-04:00
https://www.mass.gov/doc/fy20-edic-budget-16/download,2026-08-26T13:24:12-04:00
https://www.mass.gov/doc/dcs-jpp-02-2020-work-participant-program-wpp-expansion/download,2026-08-26T13:24:12-04:00
https://www.mass.gov/doc/dcs-jpp-02-2020a-wpp-snap-enrollment-instructions/download,2026-08-26T13:24:12-04:00
https://www.mass.gov/doc/dcs-jpp-02-2020b-psi-form/download,2026-08-26T13:24:12-04:00
https://www.mass.gov/doc/dcs-jpp-02-2020c-jvs-sample-email/download,2026-08-26T13:24:12-04:00
https://www.mass.gov/doc/dcs-jpp-02-2020d-secure-email-setup-instructions/download,2026-08-26T13:24:12-04:00
https://www.mass.gov/doc/dcs-info-32-104-pandemic-unemployment-assistance/download,2026-08-26T13:24:12-04:00
https://www.mass.gov/doc/dcs-info-14-333-covid-19-benefits-town-hall-through-workforcegps-webinar/download,2026-08-26T13:24:12-04:00
https://www.mass.gov/doc/dcs-info-14-332-zoom-training-the-basics-of-ccs-workshop-and-meeting-presentations/download,2026-08-26T13:24:12-04:00
https://www.mass.gov/doc/dcs-info-13-115-trade-adjustment-assistance-taa-video-series-updated/download,2026-08-26T13:24:12-04:00
https://www.mass.gov/doc/dcs-info-14-334-webex-training-using-webex-with-customers-and-colleagues/download,2026-08-26T13:23:20-04:00
https://www.mass.gov/doc/dcs-info-25-189-funding-opportunity-workforce-opportunity-for-rural-communities/download,2026-08-26T13:24:12-04:00
https://www.mass.gov/doc/masshire-claimant-outreach-v01/download,2026-08-26T13:24:12-04:00
https://www.mass.gov/doc/masshire-claimant-outreach-report-example-pdf/download,2026-08-26T13:24:12-04:00
https://www.mass.gov/doc/dcs-info-14-335-masshire-reports-webinar-series-masshire-claimant-outreach-report/download,2026-08-26T13:23:20-04:00
https://www.mass.gov/doc/confidentiality-2017/download,2026-08-26T13:23:20-04:00
https://www.mass.gov/doc/moses-101-exercises-uat-2026-a/download,2026-08-26T11:43:38-04:00
https://www.mass.gov/doc/moses-101-exercises-uat-2026-b/download,2026-08-26T11:43:38-04:00
https://www.mass.gov/doc/moses-101-exercises-uat-2026-c/download,2026-08-26T11:43:38-04:00
https://www.mass.gov/doc/moses-101-exercises-uat-2026-final-exam/download,2026-08-26T11:43:38-04:00
https://www.mass.gov/doc/dcs-policy-20-111-fy19-taa-case-management-and-reemployment-funds-final-allocation-local-allocations-including-infrastructure-costs-and-bsr-taa-supported-activities-costs-per-the-workforce-innovation-and-opportunity-act-wioa/download,2026-08-26T11:43:38-04:00
https://www.mass.gov/doc/911-parcel-and-address-update-status/download,2026-08-26T13:19:45-04:00
https://www.mass.gov/doc/dcs-info-14-336-wioa-performance-101-series-workforcegps-webinar-part-ii-resources-and-their-use/download,2026-08-26T13:23:20-04:00
https://www.mass.gov/doc/dcs-policy-19-101-4-wioa-title-i-youth-eligibility/download,2026-08-26T13:23:20-04:00
https://www.mass.gov/doc/dcs-policy-19-101-4a-definitions/download,2026-08-26T13:23:20-04:00
https://www.mass.gov/doc/dcs-policy-19-101-4b-eligibility-source-documentation/download,2026-08-26T13:23:20-04:00
https://www.mass.gov/doc/dcs-policy-19-101-4c-alternative-forms-of-documentation/download,2026-08-26T13:23:20-04:00
https://www.mass.gov/doc/dcs-policy-19-101-4d-applicant-statement-form/download,2026-08-26T13:23:20-04:00
https://www.mass.gov/doc/dcs-policy-19-101-4e-telephone-verification-form/download,2026-08-26T13:23:20-04:00
https://www.mass.gov/doc/dcs-policy-19-101-4f-document-inspection-form/download,2026-08-26T13:23:20-04:00
https://www.mass.gov/doc/dcs-policy-19-101-4g-secure-email-setup-instructions/download,2026-08-26T13:23:20-04:00
https://www.mass.gov/doc/dcs-policy-18-101-5-eligibility-requirements-for-wioa-title-i-adult-and-dislocated-worker-program/download,2026-08-26T13:22:06-04:00
https://www.mass.gov/doc/dcs-policy-18-101-6a-eligibility-criteria/download,2026-08-26T11:43:38-04:00
https://www.mass.gov/doc/dcs-policy-18-101-6b-access-to-wioa-services/download,2026-08-26T11:43:38-04:00
https://www.mass.gov/doc/dcs-policy-18-101-6c-priority-for-services/download,2026-08-26T11:43:38-04:00
https://www.mass.gov/doc/dcs-policy-18-101-6d-definitions/download,2026-08-26T11:43:38-04:00
https://www.mass.gov/doc/dcs-policy-18-101-6e-selective-service-registration-requirements/download,2026-08-26T11:43:38-04:00
https://www.mass.gov/doc/dcs-policy-18-101-6f-eligibility-documentation/download,2026-08-26T11:43:38-04:00
https://www.mass.gov/doc/dcs-policy-18-101-6g-alternate-forms-of-documentation/download,2026-08-26T11:43:38-04:00
https://www.mass.gov/doc/dcs-policy-18-101-6h-telephone-verification-form/download,2026-08-26T11:43:38-04:00
https://www.mass.gov/doc/dcs-policy-18-101-6i-applicant-statement-form/download,2026-08-26T11:43:38-04:00
https://www.mass.gov/doc/dcs-policy-18-101-6j-documentation-inspection-verification-form/download,2026-08-26T11:43:38-04:00
https://www.mass.gov/doc/dcs-policy-18-101-6k-tools-for-training-justification/download,2026-08-26T11:43:38-04:00
https://www.mass.gov/doc/dcs-policy-18-101-6l-secure-email-setup-instructions/download,2026-08-26T11:43:38-04:00
https://www.mass.gov/doc/dcs-info-21-102-farmers-to-families-food-box-program/download,2026-08-26T13:23:20-04:00
https://www.mass.gov/doc/archive-restrictive-housing-oversight-committee-meeting-minutes-41119/download,2026-08-26T23:12:04-04:00
https://www.mass.gov/doc/dcs-info-34-106-statewide-moratorium-on-evictions-and-foreclosures-during-covid-19/download,2026-08-26T13:23:20-04:00
https://www.mass.gov/doc/dcs-info-34-106a-bulletin-notice-or-announcement-on-the-eviction-moratorium-legislation/download,2026-08-26T13:23:20-04:00
https://www.mass.gov/doc/dcs-info-34-106b-1-page-summary-from-greater-boston-legal-services-english/download,2026-08-26T13:23:20-04:00
https://www.mass.gov/doc/dcs-info-34-106c-1-page-summary-from-greater-boston-legal-services-spanish/download,2026-08-26T13:23:20-04:00
https://www.mass.gov/doc/dcs-info-34-106d-1-page-summary-from-greater-boston-legal-services-portuguese/download,2026-08-26T13:23:20-04:00
https://www.mass.gov/doc/dcs-info-34-106e-house-bill-no-4647-tenantshomeowners-flyer/download,2026-08-26T13:23:20-04:00
https://www.mass.gov/doc/dcs-info-34-106f-statewide-moratorium-on-evictions-foreclosures-qa-english/download,2026-08-26T13:23:20-04:00
https://www.mass.gov/doc/dcs-info-34-106g-statewide-moratorium-on-evictions-foreclosures-qa-spanish/download,2026-08-26T13:23:20-04:00
https://www.mass.gov/doc/dcs-info-34-106h-digital-flyer-english/download,2026-08-26T13:23:20-04:00
https://www.mass.gov/doc/dcs-info-34-106i-digital-flyer-spanish/download,2026-08-26T13:23:20-04:00
https://www.mass.gov/doc/dcs-info-25-190-commonwealth-corporation-updated-notice-of-sector-based-funding-opportunities-and-additional-commcorp-information-and-links/download,2026-08-26T13:23:20-04:00
https://www.mass.gov/doc/dcs-info-14-337-introduction-to-virtual-presentation-skills-training-sessions/download,2026-08-26T13:23:20-04:00
https://www.mass.gov/doc/recently-separated-candidates-pool/download,2026-08-26T13:22:44-04:00
https://www.mass.gov/doc/masshire-job-order-match-v01/download,2026-08-26T13:23:20-04:00
https://www.mass.gov/doc/open-job-orders-lookup/download,2026-08-26T13:22:06-04:00
https://www.mass.gov/doc/masshire-job-order-match-preview/download,2026-08-26T13:23:20-04:00
https://www.mass.gov/doc/open-job-orders-lookup-preview/download,2026-08-26T13:23:20-04:00
https://www.mass.gov/doc/dcs-info-06-101-massachusetts-covid-19-disaster-recovery-dislocated-worker-response-webinar/download,2026-08-26T13:23:20-04:00
https://www.mass.gov/doc/dcs-info-14-338-masshire-reports-webinar-series-masshire-job-order-matching-report/download,2026-08-26T13:23:20-04:00
https://www.mass.gov/doc/dcs-policy-10-101-1-system-certification-due-to-novel-coronavirus-covid-19/download,2026-08-26T11:43:38-04:00
https://www.mass.gov/doc/dcs-policy-10-103-1-masshire-department-of-career-services-annual-monitoring-of-masshire-workforce-boards-due-to-novel-coronavirus-covid-19/download,2026-08-26T11:46:59-04:00
https://www.mass.gov/doc/dcs-info-14-339-subsequent-eligibility-for-ita-training-provider-courses/download,2026-08-26T13:23:20-04:00
https://www.mass.gov/doc/dcs-info-14-339a-ita-performance-provider-data-report/download,2026-08-26T13:23:20-04:00
https://www.mass.gov/doc/dcs-info-14-339b-ita-performance-moses-data-report/download,2026-08-26T13:23:20-04:00
https://www.mass.gov/doc/dcs-info-06-102-masshire-humanitarian-food-service-relief-project/download,2026-08-26T13:23:20-04:00
https://www.mass.gov/doc/dcs-info-14-340-torq-webinars/download,2026-08-26T13:23:20-04:00
https://www.mass.gov/doc/qa-ma-covid19-disaster-recovery-dislocated-worker-grant/download,2026-08-26T13:23:20-04:00
https://www.mass.gov/doc/dcs-info-14-341-workforcegps-webinar-introduction-credential-attainment-decision-tree-tool-and-credential-attainment-cohort-capstone/download,2026-08-26T13:23:20-04:00
https://www.mass.gov/doc/dcs-info-32-105-nationwide-unemployment-scam-targeting-massachusetts-claimants/download,2026-08-26T13:23:20-04:00
https://www.mass.gov/doc/dcs-info-32-105a-press-release-ui-fraud/download,2026-08-26T13:23:20-04:00
https://www.mass.gov/doc/dcs-info-34-107-online-assessments/download,2026-08-26T13:23:20-04:00
https://www.mass.gov/doc/dcs-info-02-133-moses-version-373-will-be-released-on-june-24-2020/download,2026-08-26T13:23:20-04:00
https://www.mass.gov/doc/dcs-info-14-342-best-practices-panel-for-delivering-virtual-services/download,2026-08-26T13:23:20-04:00
https://www.mass.gov/doc/dcs-policy-14-100-4-massachusetts-eligible-training-provider-list-ma-etpl-initial-and-subsequent-eligibility-process/download,2026-08-26T11:46:59-04:00
https://www.mass.gov/doc/dcs-info-06-103-urgent-action-required-local-area-single-point-of-contact-designation-needed/download,2026-08-26T13:23:20-04:00
https://www.mass.gov/doc/dcs-info-06-104-important-informational-webinar-covid-19-disaster-recovery-dislocated-worker-humanitarian-food-service-project/download,2026-08-26T13:23:20-04:00
https://www.mass.gov/doc/dcs-info-31-107-masshire-awards-finalists/download,2026-08-26T13:23:20-04:00
https://www.mass.gov/doc/dcs-info-31-107a-masshire-awards-finalists/download,2026-08-26T13:22:44-04:00
https://www.mass.gov/doc/massachusetts-covid-19-disaster-recovery-dislocated-worker-grant-approved-worksites/download,2026-08-26T13:22:44-04:00
https://www.mass.gov/doc/dcs-jpp-03-2020-fy20-wioa-state-partner-infrastructure-contributions/download,2026-08-26T13:22:44-04:00
https://www.mass.gov/doc/dcs-jpp-03-2020a-adult-community-learning-services-acls/download,2026-08-26T13:22:44-04:00
https://www.mass.gov/doc/dcs-jpp-03-2020b-department-of-transitional-assistance-dta/download,2026-08-26T13:22:44-04:00
https://www.mass.gov/doc/dcs-jpp-03-2020c-massachusetts-commission-for-the-blind-mcb/download,2026-08-26T13:22:44-04:00
https://www.mass.gov/doc/dcs-jpp-03-2020d-massachusetts-rehabilitation-commission-mrcsenior-community/download,2026-08-26T13:22:44-04:00
https://www.mass.gov/doc/dcs-jpp-03-2020e-services-employment-program-scsep-state/download,2026-08-26T13:22:44-04:00
https://www.mass.gov/doc/dcs-jpp-03-2020f-senior-community-services-employment-program-scsep-national/download,2026-08-26T13:22:44-04:00
https://www.mass.gov/doc/dcs-jpp-03-2020g-department-of-transitional-assistance-work-participant-program-wpp-expansion/download,2026-08-26T13:22:44-04:00
https://www.mass.gov/doc/masshire-single-point-of-contact-list/download,2026-08-26T13:22:06-04:00
https://www.mass.gov/doc/june-16-2020-covid19-disaster-recover-dwg-powerpoint-presentation/download,2026-08-26T13:22:44-04:00
https://www.mass.gov/doc/dcs-info-14-343-register-for-training-workkeys-curriculum-placement-quizzes-and-interpreting-results/download,2026-08-26T13:22:06-04:00
https://www.mass.gov/doc/dcs-policy-04-108-local-operating-plan-guidance-fiscal-year-2021/download,2026-08-26T11:43:38-04:00
https://www.mass.gov/doc/dcs-info-09-120-fy2020-career-center-performance-reports-quarter-ending-march-31-2019/download,2026-08-26T13:22:44-04:00
https://www.mass.gov/doc/dcs-info-09-120a-tab00-table-of-contents/download,2026-08-26T13:22:44-04:00
https://www.mass.gov/doc/dcs-info-09-120b-tab01-executive-summary/download,2026-08-26T13:22:44-04:00
https://www.mass.gov/doc/dcs-info-09-120c-tab02-employer-summary/download,2026-08-26T13:22:44-04:00
https://www.mass.gov/doc/dcs-info-09-120d-tab03-job-seeker-summary/download,2026-08-26T13:22:44-04:00
https://www.mass.gov/doc/dcs-info-09-120e-tab04-veteran-summary/download,2026-08-26T13:22:44-04:00
https://www.mass.gov/doc/dcs-info-09-120f-tab05-res-summary/download,2026-08-26T13:22:44-04:00
https://www.mass.gov/doc/dcs-info-09-120g-tab06-title-i-adults-and-dislocated-worker-summary/download,2026-08-26T13:22:44-04:00
https://www.mass.gov/doc/dcs-info-09-120h-tab07-title-i-youth-summary/download,2026-08-26T13:22:44-04:00
https://www.mass.gov/doc/dcs-info-09-120i-tab08-national-dislocated-worker-grants-summary/download,2026-08-26T13:22:44-04:00
https://www.mass.gov/doc/dcs-info-09-120j-tab09-trade-summary/download,2026-08-26T13:22:44-04:00
https://www.mass.gov/doc/dcs-info-09-120k-tab10-labor-exchange-vets-performance-summary/download,2026-08-26T13:22:44-04:00
https://www.mass.gov/doc/dcs-info-09-120l-tab11-title-i-performance/download,2026-08-26T13:22:44-04:00
https://www.mass.gov/doc/dcs-info-09-120m-tab12-trade-performance-summary/download,2026-08-26T13:22:44-04:00
https://www.mass.gov/doc/dcs-info-09-120n-tab13-performance-cohorts/download,2026-08-26T13:22:44-04:00
https://www.mass.gov/doc/fy20-lowell-budget-17/download,2026-08-26T13:22:44-04:00
https://www.mass.gov/doc/fy20-lowell-budget-18/download,2026-08-26T13:22:44-04:00
https://www.mass.gov/doc/fy20-lower-merrimac-budget-17/download,2026-08-26T13:22:44-04:00
https://www.mass.gov/doc/fy20-lower-merrimac-budget-18-0/download,2026-08-26T13:22:44-04:00
https://www.mass.gov/doc/fy20-lower-merrimac-budget-19f/download,2026-08-26T13:22:44-04:00
https://www.mass.gov/doc/fy20-metro-north-budget-18/download,2026-08-26T13:22:44-04:00
https://www.mass.gov/doc/fy20-metro-south-west-budget-18/download,2026-08-26T13:22:44-04:00
https://www.mass.gov/doc/fy20-berkshire-training-budget-16/download,2026-08-26T13:22:44-04:00
https://www.mass.gov/doc/fy20-berkshire-training-budget-18/download,2026-08-26T13:22:44-04:00
https://www.mass.gov/doc/fy20-brockton-budget-15/download,2026-08-26T13:22:44-04:00
https://www.mass.gov/doc/fy20-city-of-quincy-budget-16/download,2026-08-26T13:22:44-04:00
https://www.mass.gov/doc/fy20-city-of-quincy-budget-17/download,2026-08-26T13:22:44-04:00
https://www.mass.gov/doc/fy20-edic-budget-18/download,2026-08-26T13:22:44-04:00
https://www.mass.gov/doc/fy20-fall-river-budget-16/download,2026-08-26T13:22:44-04:00
https://www.mass.gov/doc/fy20-franklin-hampshire-budget-15/download,2026-08-26T13:22:44-04:00
https://www.mass.gov/doc/fy20-franklin-hampshire-budget-16/download,2026-08-26T13:22:44-04:00
https://www.mass.gov/doc/fy20-hampden-budget-18/download,2026-08-26T13:22:44-04:00
https://www.mass.gov/doc/fy20-jtec-budget-15/download,2026-08-26T13:22:44-04:00
https://www.mass.gov/doc/fy20-jtec-budget-17/download,2026-08-26T11:46:59-04:00
https://www.mass.gov/doc/dcs-info-14-344-virtual-customer-service-trainings/download,2026-08-26T13:22:44-04:00
https://www.mass.gov/doc/fy20-metro-south-west-budget-19/download,2026-08-26T13:22:06-04:00
https://www.mass.gov/doc/fy20-new-bedford-budget-15/download,2026-08-26T13:22:06-04:00
https://www.mass.gov/doc/fy20-new-bedford-budget-16/download,2026-08-26T13:22:06-04:00
https://www.mass.gov/doc/fy20-north-central-budget-16/download,2026-08-26T13:22:06-04:00
https://www.mass.gov/doc/fy20-north-central-budget-17/download,2026-08-26T13:22:06-04:00
https://www.mass.gov/doc/fy20-north-shore-budget-19/download,2026-08-26T13:22:06-04:00
https://www.mass.gov/doc/fy20-worcester-budget-20/download,2026-08-26T13:22:06-04:00
https://www.mass.gov/doc/fy20-worcester-budget-21/download,2026-08-26T13:22:06-04:00
https://www.mass.gov/doc/fy19-metro-south-west-budget-18g/download,2026-08-26T13:22:06-04:00
https://www.mass.gov/doc/covid19-dislocated-worker-eligibility-documentation-verification-methods/download,2026-08-26T13:22:06-04:00
https://www.mass.gov/doc/fy19-north-central-wib-budget-20/download,2026-08-26T13:22:06-04:00
https://www.mass.gov/doc/fy20-north-shore-budget-20/download,2026-08-26T13:22:06-04:00
https://www.mass.gov/doc/dcs-policy-17-105-masshire-workforce-board-certification/download,2026-08-26T13:22:06-04:00
https://www.mass.gov/doc/dcs-info-14-346-webinar-help-i-need-a-better-job-sponsored-by-boston-university/download,2026-08-26T13:22:06-04:00
https://www.mass.gov/doc/06-23-2020-wkc-placement-quiz-intro/download,2026-08-26T13:22:06-04:00
https://www.mass.gov/doc/dcs-policy-23-106-initial-resea-video-and-powerpoint-presentation/download,2026-08-26T11:43:38-04:00
https://www.mass.gov/doc/joborders-covid-19-field-recruitment/download,2026-08-26T11:44:15-04:00
https://www.mass.gov/doc/joborders-covid-19-field-recruitment-example-pdf/download,2026-08-26T13:22:06-04:00
https://www.mass.gov/doc/dcs-policy-18-101-6m-dislocated-worker-eligibility-documentation-verification-methods/download,2026-08-26T11:43:38-04:00
https://www.mass.gov/doc/dcs-policy-18-101-6n-covid19-dislocated-worker-eligibility-documentation-verification-methods/download,2026-08-26T11:43:38-04:00
https://www.mass.gov/doc/dcs-info-14-347-massachusetts-peer-to-peer-technical-assistance-and-training-grant-educational-video-series/download,2026-08-26T13:22:06-04:00
https://www.mass.gov/doc/dcs-info-15-120-jobs-for-veterans-state-grant-incentive-awards-ffy20-call-for-nominations/download,2026-08-26T13:22:06-04:00
https://www.mass.gov/doc/dcs-info-15-120a-performance-incentive-awards-nomination-procedures/download,2026-08-26T13:22:06-04:00
https://www.mass.gov/doc/dcs-info-15-120b-performance-incentive-awards-nomination-form/download,2026-08-26T13:22:06-04:00
https://www.mass.gov/doc/dcs-info-31-108-2020-masshire-awards-ceremony-registration/download,2026-08-26T13:22:06-04:00
https://www.mass.gov/doc/dcs-info-31-108a-registration-information-for-the-2020-masshire-award-ceremony/download,2026-08-26T13:22:06-04:00
https://www.mass.gov/doc/dcs-info-25-191-funding-opportunity-2020-2021-senator-kenneth-j-donnelly-workforce-success-grants-for-expanded-training-capacity-employment-program-performance/download,2026-08-26T13:22:06-04:00
https://www.mass.gov/doc/fy20-fall-river-budget-18/download,2026-08-26T13:22:06-04:00
https://www.mass.gov/doc/dcs-info-14-348-assessing-and-expanding-evaluation-capacity-through-state-peer-learning-cohorts-workforcegps-webinar/download,2026-08-26T13:22:06-04:00
https://www.mass.gov/doc/dcs-info-25-192-funding-opportunity-women-in-apprenticeship-and-nontraditional-occupations-wanto-technical-assistance-grant-program/download,2026-08-26T13:22:06-04:00
https://www.mass.gov/doc/fy19-hampden-budget-sheet-18e/download,2026-08-26T13:22:06-04:00
https://www.mass.gov/doc/fy19-hampden-budget-sheet-27b/download,2026-08-26T13:22:06-04:00
https://www.mass.gov/doc/fy20-brockton-budget-16/download,2026-08-26T13:22:06-04:00
https://www.mass.gov/doc/fy20-edic-budget-19/download,2026-08-26T13:22:06-04:00
https://www.mass.gov/doc/fy20-hampden-budget-19/download,2026-08-26T13:22:06-04:00
https://www.mass.gov/doc/fy20-metro-north-budget-19/download,2026-08-26T13:22:06-04:00
https://www.mass.gov/doc/dcs-policy-08-120-limited-english-speaking-resources-for-masshire-career-center-seminar-ccs/download,2026-08-26T11:43:38-04:00
https://www.mass.gov/doc/dcs-info-08-123-sharepoint-shared-access-to-masshire-career-center-resources/download,2026-08-26T13:22:06-04:00
https://www.mass.gov/doc/dcs-info-14-349-torq-webinars/download,2026-08-26T13:22:06-04:00
https://www.mass.gov/doc/dcs-info-02-134-moses-version-374-will-be-released-on-july-29-2020/download,2026-08-26T13:22:06-04:00
https://www.mass.gov/doc/dcs-info-21-103-expanded-recruitment-and-advertisement-under-h2b-foreign-labor-program/download,2026-08-26T13:22:06-04:00
https://www.mass.gov/doc/dcs-info-14-350-wioa-youth-individual-service-strategy-training/download,2026-08-26T13:22:06-04:00
https://www.mass.gov/doc/dcs-info-14-351-re-employment-services-and-eligibility-assessment-resea-training-webinar/download,2026-08-26T13:22:06-04:00
https://www.mass.gov/doc/event-reminder-access-instructions-list/download,2026-08-26T13:22:06-04:00
https://www.mass.gov/doc/mdcs-veterans-and-eligible-spouses-triage-form/download,2026-08-26T13:22:06-04:00
https://www.mass.gov/doc/dcs-info-14-352-panel-best-practices-challenges-and-dialogue-for-the-customer-flow-process/download,2026-08-26T13:22:06-04:00
https://www.mass.gov/doc/25-193-fy20-appropriation-request-for-qualifications-for-the-learn-to-earn-initiative-training-and-placement-pilot-programs/download,2026-08-26T13:22:06-04:00
https://www.mass.gov/doc/dcs-info-31-109-masshire-award-winners-2020/download,2026-08-26T13:21:26-04:00
https://www.mass.gov/doc/dcs-info-31-110-masshire-workforce-association-workshops-a-teach-in-series-from-the-2020-masshire-awards-finalists-registration/download,2026-08-26T13:21:26-04:00
https://www.mass.gov/doc/dcs-policy-08-121-masshire-virtual-service-delivery-requirements/download,2026-08-26T13:21:26-04:00
https://www.mass.gov/doc/fy20-edic-budget-20/download,2026-08-26T13:21:26-04:00
https://www.mass.gov/doc/dcs-info-14-353-follow-up-panel-to-customer-flow-dialogue/download,2026-08-26T13:21:26-04:00
https://www.mass.gov/doc/dcs-info-25-194-senator-kenneth-j-donnelly-workforce-success-grants-for-esol-enhanced-training-and-placement-programs-request-for-qualifications-released/download,2026-08-26T13:21:26-04:00
https://www.mass.gov/doc/archive-mptf-july-2019-meeting-minutes/download,2026-08-26T13:32:21-04:00
https://www.mass.gov/doc/archive-mptf-september-2019-meeting-minutes/download,2026-08-26T13:33:25-04:00
https://www.mass.gov/doc/archive-mptf-october-2019-meeting-minutes/download,2026-08-26T13:32:50-04:00
https://www.mass.gov/doc/dcs-info-14-354-career-center-staff-training-sessions-september-through-december-2020/download,2026-08-26T11:46:59-04:00
https://www.mass.gov/doc/fy21-berkshire-training-budget-2/download,2026-08-26T13:20:48-04:00
https://www.mass.gov/doc/fy21-brockton-budget-2/download,2026-08-26T13:20:48-04:00
https://www.mass.gov/doc/fy21-city-of-quincy-budget-2/download,2026-08-26T13:20:48-04:00
https://www.mass.gov/doc/fy21-edic-budget-2/download,2026-08-26T13:20:48-04:00
https://www.mass.gov/doc/fy21-fall-river-budget-2/download,2026-08-26T13:20:48-04:00
https://www.mass.gov/doc/fy21-franklin-hampshire-budget-2/download,2026-08-26T13:20:48-04:00
https://www.mass.gov/doc/fy21-hampden-budget-3/download,2026-08-26T13:20:48-04:00
https://www.mass.gov/doc/fy21-jtec-budget-2/download,2026-08-26T13:20:48-04:00
https://www.mass.gov/doc/fy21-lowell-budget-2/download,2026-08-26T13:20:48-04:00
https://www.mass.gov/doc/fy21-lower-merrimac-budget-2/download,2026-08-26T13:20:48-04:00
https://www.mass.gov/doc/fy21-metro-north-reb-budget-2/download,2026-08-26T13:20:48-04:00
https://www.mass.gov/doc/fy21-metro-south-west-budget-2/download,2026-08-26T13:20:48-04:00
https://www.mass.gov/doc/fy21-new-bedford-budget-2/download,2026-08-26T13:20:48-04:00
https://www.mass.gov/doc/fy21-north-central-budget-2/download,2026-08-26T13:20:48-04:00
https://www.mass.gov/doc/fy21-north-shore-budget-2/download,2026-08-26T13:20:48-04:00
https://www.mass.gov/doc/fy21-worcester-budget-2/download,2026-08-26T13:20:48-04:00
https://www.mass.gov/doc/dcs-info-14-359-masshire-department-of-career-services-adult-education-cross-training/download,2026-08-26T13:20:48-04:00
https://www.mass.gov/doc/dcs-info-25-196-centers-of-excellence-for-veteran-student-success-program-funding-opportunity/download,2026-08-26T13:20:48-04:00
https://www.mass.gov/doc/dcs-info-25-196a-federal-register-centers-of-excellence-for-veteran-student-success-program-funding-opportunity/download,2026-08-26T13:20:48-04:00
https://www.mass.gov/doc/dcs-info-14-360-edge-4-vets-free-workshop-series/download,2026-08-26T13:20:48-04:00
https://www.mass.gov/doc/dcs-info-14-360a-edge4vets-flyer/download,2026-08-26T13:20:48-04:00
https://www.mass.gov/doc/masshire-adult-ed-cross-training-10-5-20/download,2026-08-26T13:20:48-04:00
https://www.mass.gov/doc/dcs-policy-11-101-1-masshire-rapid-response-process-under-wioa/download,2026-08-26T13:20:48-04:00
https://www.mass.gov/doc/dcs-info-14-361-the-foundations-of-governance-in-the-workforce-innovation-and-opportunity-act-workforcegps-webinar/download,2026-08-26T13:20:48-04:00
https://www.mass.gov/doc/dcs-info-15-121-masshire-veterans-virtual-job-fair/download,2026-08-26T13:20:48-04:00
https://www.mass.gov/doc/dcs-info-15-121a-masshire-veterans-virtual-job-fair-flyer/download,2026-08-26T13:20:48-04:00
https://www.mass.gov/doc/dcs-info-25-197-advancing-informal-stem-learning-aisl-funding-opportunity/download,2026-08-26T13:20:48-04:00
https://www.mass.gov/doc/dcs-info-25-197a-nsf-20-607-advancing-informal-stem-learning/download,2026-08-26T13:20:48-04:00
https://www.mass.gov/doc/dcs-info-25-198-h-1b-one-workforce-grant-program-funding-opportunity/download,2026-08-26T13:20:48-04:00
https://www.mass.gov/doc/dcs-info-25-198a-foa-eta-20-13-h-1b-one-workforce-grant-program-funding-opportunity/download,2026-08-26T11:46:59-04:00
https://www.mass.gov/doc/dcs-info-14-354a-master-list-of-trainings/download,2026-08-26T11:46:59-04:00
https://www.mass.gov/doc/dcs-policy-14-100-5-massachusetts-eligible-training-provider-list-ma-etpl-initial-and-subsequent-eligibility-process-revised/download,2026-08-26T11:46:59-04:00
https://www.mass.gov/doc/dcs-info-14-362-evaluation-planning-for-remote-workforce-services-and-online-learning-workforcegps-webinar/download,2026-08-26T11:46:59-04:00
https://www.mass.gov/doc/dcs-info-14-363-mdcs-and-mdcs-veteran-services-premier-10-level-training/download,2026-08-26T11:46:59-04:00
https://www.mass.gov/doc/dcs-info-14-364-unemployment-insurance-and-unemployment-insurance-online-navigation-training-modules-for-level-1-and-level-2-identified-staff/download,2026-08-26T11:46:59-04:00
https://www.mass.gov/doc/dcs-policy-02-104-wioa-participation-and-exits/download,2026-08-26T11:46:59-04:00
https://www.mass.gov/doc/powershell-scripts-for-getting-or-creating-your-cname-records-from-o365/download,2026-08-26T11:46:59-04:00
https://www.mass.gov/doc/dcs-info-34-108-department-of-housing-community-development-eviction-and-foreclosure-materials-for-masshire-career-center-customers/download,2026-08-26T11:46:59-04:00
https://www.mass.gov/doc/dcs-info-34-108a-eviction-protection-and-financial-programs-flyer-english/download,2026-08-26T11:46:59-04:00
https://www.mass.gov/doc/dcs-info-34-108b-eviction-protection-and-financial-programs-flyer-spanish/download,2026-08-26T11:46:59-04:00
https://www.mass.gov/doc/dcs-info-34-108c-social-media-postings-facebook-twitter-english-spanish/download,2026-08-26T11:46:59-04:00
https://www.mass.gov/doc/dcs-info-34-108d-eviction-diversion-initiative-services-available-101920-and-upcoming-expansions/download,2026-08-26T11:46:59-04:00
https://www.mass.gov/doc/fy21-worcester-budget-3/download,2026-08-26T11:46:59-04:00
https://www.mass.gov/doc/fy21-metro-north-reb-budget-3/download,2026-08-26T11:46:59-04:00
https://www.mass.gov/doc/mdcs-database-training-agenda/download,2026-08-26T11:46:59-04:00
https://www.mass.gov/doc/mdcs-important-moses-tables/download,2026-08-26T11:46:59-04:00
https://www.mass.gov/doc/mdcs-moses-database-relationships/download,2026-08-26T11:46:59-04:00
https://www.mass.gov/doc/dcs-info-14-367-moses-databasecrystal-reports-writers-training/download,2026-08-26T11:46:59-04:00
https://www.mass.gov/doc/dcs-policy-17-103-2-career-center-certification-for-masshire-workforce-boards/download,2026-08-26T11:43:38-04:00
https://www.mass.gov/doc/dcs-info-14-368-learning-leading-effectively-leveraging-experiences-in-the-pandemic-to-promote-recovery-workforcegps-webinar/download,2026-08-26T11:46:59-04:00
https://www.mass.gov/doc/dcs-info-14-369-webinar-how-to-navigate-the-premier-virtual-platform/download,2026-08-26T11:46:59-04:00
https://www.mass.gov/doc/dcs-info-14-369a-flyer-how-to-navigate-the-premier-virtual-platform/download,2026-08-26T11:46:59-04:00
https://www.mass.gov/doc/dcs-info-14-370-masshire-bizworks-training-the-essentials-of-job-referrals/download,2026-08-26T11:46:59-04:00
https://www.mass.gov/doc/dcs-policy-24-100-recruitment-solutions-initiative-rsi/download,2026-08-26T11:46:59-04:00
https://www.mass.gov/doc/dcs-info-34-109-new-orders-and-advisories-in-order-to-mitigate-the-spread-of-covid-19/download,2026-08-26T11:46:59-04:00
https://www.mass.gov/doc/fy21-franklin-hampshire-budget-4/download,2026-08-26T11:46:59-04:00
https://www.mass.gov/doc/fy21-lowell-budget-4/download,2026-08-26T11:46:59-04:00
https://www.mass.gov/doc/fy21-metro-south-west-budget-5/download,2026-08-26T11:46:59-04:00
https://www.mass.gov/doc/fy21-new-bedford-budget-4/download,2026-08-26T11:46:59-04:00
https://www.mass.gov/doc/fy21-north-shore-budget-5/download,2026-08-26T11:46:59-04:00
https://www.mass.gov/doc/fy20-berkshire-training-budget-15/download,2026-08-26T11:46:59-04:00
https://www.mass.gov/doc/fy20-berkshire-training-budget-17/download,2026-08-26T11:46:59-04:00
https://www.mass.gov/doc/fy20-edic-budget-17/download,2026-08-26T11:46:59-04:00
https://www.mass.gov/doc/fy20-fall-river-budget-15/download,2026-08-26T11:46:59-04:00
https://www.mass.gov/doc/fy20-brockton-budget-14/download,2026-08-26T11:46:59-04:00
https://www.mass.gov/doc/fy20-brockton-budget-17/download,2026-08-26T11:46:59-04:00
https://www.mass.gov/doc/fy20-jtec-budget-14/download,2026-08-26T11:46:59-04:00
https://www.mass.gov/doc/fy20-jtec-budget-16/download,2026-08-26T11:46:59-04:00
https://www.mass.gov/doc/fy20-jtec-budget-18/download,2026-08-26T11:46:59-04:00
https://www.mass.gov/doc/dcs-info-14-371-lessons-learned-from-the-state-occupational-licensing-consortium-addressing-state-policies-workforcegps-webinar/download,2026-08-26T11:46:59-04:00
https://www.mass.gov/doc/fy20-new-bedford-budget-14/download,2026-08-26T11:46:59-04:00
https://www.mass.gov/doc/fy20-worcester-budget-19/download,2026-08-26T11:46:59-04:00
https://www.mass.gov/doc/fy20-franklin-hampshire-budget-14/download,2026-08-26T11:46:25-04:00
https://www.mass.gov/doc/fy20-franklin-hampshire-budget-17/download,2026-08-26T11:46:25-04:00
https://www.mass.gov/doc/fy20-hampden-budget-17/download,2026-08-26T11:46:25-04:00
https://www.mass.gov/doc/fy20-hampden-budget-20/download,2026-08-26T11:46:25-04:00
https://www.mass.gov/doc/fy20-lowell-budget-16/download,2026-08-26T11:46:25-04:00
https://www.mass.gov/doc/fy20-lower-merrimac-budget-16/download,2026-08-26T11:46:25-04:00
https://www.mass.gov/doc/fy20-metro-north-budget-17/download,2026-08-26T11:46:25-04:00
https://www.mass.gov/doc/fy20-north-central-budget-15/download,2026-08-26T11:46:25-04:00
https://www.mass.gov/doc/fy20-city-of-quincy-budget-18/download,2026-08-26T11:46:25-04:00
https://www.mass.gov/doc/dcs-info-23-105-updated-procedure-for-emailing-return-to-work-forms-to-dua/download,2026-08-26T11:46:25-04:00
https://www.mass.gov/doc/dcs-info-02-135-moses-version-375-will-be-released-on-december-3rd-2020/download,2026-08-26T11:46:25-04:00
https://www.mass.gov/doc/dcs-info-31-111-masshire-awards-2021/download,2026-08-26T11:46:25-04:00
https://www.mass.gov/doc/dcs-info-31-111a-2021-masshire-awards-nomination-package/download,2026-08-26T11:46:25-04:00
https://www.mass.gov/doc/dcs-policy-20-115-fy20-taa-case-management-and-reemployment-funds-second-allocation-local-allocations-including-infrastructure-costs-and-bsr-taa-supported-activities-costs-per-the-workforce-innovation-and-opportunity-act-wioa/download,2026-08-26T11:43:38-04:00
https://www.mass.gov/doc/fy21-metro-south-west-budget-3/download,2026-08-26T11:46:25-04:00
https://www.mass.gov/doc/fy21-north-shore-budget-3/download,2026-08-26T11:46:25-04:00
https://www.mass.gov/doc/dcs-info-09-121-fy2020-career-center-performance-reports-quarter-ending-june-30-2020/download,2026-08-26T11:46:25-04:00
https://www.mass.gov/doc/dcs-info-09-121a-tab00-table-of-contents/download,2026-08-26T11:46:25-04:00
https://www.mass.gov/doc/dcs-info-09-121b-tab01-executive-summary/download,2026-08-26T11:46:25-04:00
https://www.mass.gov/doc/dcs-info-09-121c-tab02-employer-summary/download,2026-08-26T11:46:25-04:00
https://www.mass.gov/doc/dcs-info-09-121d-tab03-job-seeker-summary/download,2026-08-26T11:46:25-04:00
https://www.mass.gov/doc/dcs-info-09-121e-tab04-veteran-summary/download,2026-08-26T11:46:25-04:00
https://www.mass.gov/doc/dcs-info-09-121f-tab05-res-summary/download,2026-08-26T11:46:25-04:00
https://www.mass.gov/doc/dcs-info-09-121g-tab06-title-i-adults-and-dislocated-worker-summary/download,2026-08-26T11:46:25-04:00
https://www.mass.gov/doc/dcs-info-09-121h-tab07-title-i-youth-summary/download,2026-08-26T11:46:25-04:00
https://www.mass.gov/doc/dcs-info-09-121i-tab08-national-dislocated-worker-grants-summary/download,2026-08-26T11:46:25-04:00
https://www.mass.gov/doc/dcs-info-09-121j-tab09-trade-summary/download,2026-08-26T11:46:25-04:00
https://www.mass.gov/doc/dcs-info-09-121k-tab10-labor-exchange-vets-performance-summary/download,2026-08-26T11:46:25-04:00
https://www.mass.gov/doc/dcs-info-09-121l-tab11-title-i-performance/download,2026-08-26T11:46:25-04:00
https://www.mass.gov/doc/dcs-info-09-121m-tab12-trade-performance-summary/download,2026-08-26T11:46:25-04:00
https://www.mass.gov/doc/dcs-info-09-121n-tab13-performance-cohorts/download,2026-08-26T11:46:25-04:00
https://www.mass.gov/doc/dcs-info-25-199-rfr-apprenticeship-innovation-fund/download,2026-08-26T11:46:25-04:00
https://www.mass.gov/doc/dcs-info-14-372-panel-discussion-strategies-for-delivering-ui-services-under-the-level-1-level-2-staffing-model-structure/download,2026-08-26T11:46:25-04:00
https://www.mass.gov/doc/dcs-info-14-373-discussing-bureau-of-labor-statistics-employment-projections-covid-19-workforcegps-webinar/download,2026-08-26T11:46:25-04:00
https://www.mass.gov/doc/dcs-info-19-113-resources-for-serving-youth-and-adults-with-the-justice-system-ten-no-7-20/download,2026-08-26T11:46:25-04:00
https://www.mass.gov/doc/dcs-info-19-113a-training-and-employment-notice-7-20/download,2026-08-26T11:46:25-04:00
https://www.mass.gov/doc/fy20-brockton-budget-18/download,2026-08-26T11:46:25-04:00
https://www.mass.gov/doc/fy20-edic-budget-21/download,2026-08-26T11:46:25-04:00
https://www.mass.gov/doc/fy20-fall-river-budget-19/download,2026-08-26T11:46:25-04:00
https://www.mass.gov/doc/fy20-franklin-hampshire-budget-18/download,2026-08-26T11:46:25-04:00
https://www.mass.gov/doc/fy20-hampden-budget-22/download,2026-08-26T11:46:25-04:00
https://www.mass.gov/doc/fy20-jtec-budget-19/download,2026-08-26T11:46:25-04:00
https://www.mass.gov/doc/fy20-lowell-budget-20/download,2026-08-26T11:46:25-04:00
https://www.mass.gov/doc/fy20-lower-merrimac-budget-19/download,2026-08-26T11:46:25-04:00
https://www.mass.gov/doc/fy20-metro-north-budget-20/download,2026-08-26T11:46:25-04:00
https://www.mass.gov/doc/fy20-metro-south-west-budget-20/download,2026-08-26T11:46:25-04:00
https://www.mass.gov/doc/fy20-new-bedford-budget-18/download,2026-08-26T11:46:25-04:00
https://www.mass.gov/doc/fy20-north-central-budget-19/download,2026-08-26T11:45:28-04:00
https://www.mass.gov/doc/fy20-north-shore-budget-22/download,2026-08-26T11:45:28-04:00
https://www.mass.gov/doc/fy20-worcester-budget-22/download,2026-08-26T11:45:28-04:00
https://www.mass.gov/doc/fy21-berkshire-training-budget-3/download,2026-08-26T11:45:28-04:00
https://www.mass.gov/doc/fy21-brockton-budget-3/download,2026-08-26T11:45:28-04:00
https://www.mass.gov/doc/fy21-edic-budget-3/download,2026-08-26T11:45:28-04:00
https://www.mass.gov/doc/fy21-fall-river-budget-3/download,2026-08-26T11:45:28-04:00
https://www.mass.gov/doc/fy21-franklin-hampshire-budget-3/download,2026-08-26T11:45:28-04:00
https://www.mass.gov/doc/fy21-hampden-budget-4/download,2026-08-26T11:45:28-04:00
https://www.mass.gov/doc/fy21-jtec-budget-3/download,2026-08-26T11:45:28-04:00
https://www.mass.gov/doc/fy21-lowell-budget-3/download,2026-08-26T11:45:28-04:00
https://www.mass.gov/doc/fy21-lower-merrimac-budget-3/download,2026-08-26T11:45:28-04:00
https://www.mass.gov/doc/fy21-metro-north-reb-budget-4/download,2026-08-26T11:45:28-04:00
https://www.mass.gov/doc/fy21-metro-south-west-budget-4/download,2026-08-26T11:45:28-04:00
https://www.mass.gov/doc/fy21-new-bedford-budget-3/download,2026-08-26T11:45:28-04:00
https://www.mass.gov/doc/fy21-north-central-budget-3/download,2026-08-26T11:45:28-04:00
https://www.mass.gov/doc/fy21-north-shore-budget-4/download,2026-08-26T11:45:28-04:00
https://www.mass.gov/doc/fy21-worcester-budget-4/download,2026-08-26T11:45:28-04:00
https://www.mass.gov/doc/fy21-city-of-quincy-budget-3/download,2026-08-26T11:45:28-04:00
https://www.mass.gov/doc/dcs-info-10-106-mdcs-field-management-and-oversight-fiscal-systems-review-schedule-for-fy2021/download,2026-08-26T11:45:28-04:00
https://www.mass.gov/doc/dcs-info-10-106a-fiscal-monitoring-schedule/download,2026-08-26T11:45:28-04:00
https://www.mass.gov/doc/dcs-jpp-04-2020b-regional-planning-mid-point-report-instructions/download,2026-08-26T11:45:28-04:00
https://www.mass.gov/doc/archive-may-18-2020-etrcc-meeting-minutes-and-meeting-materials/download,2026-08-26T12:39:41-04:00
https://www.mass.gov/doc/dcs-info-14-374-implementing-priority-of-service-for-most-in-need-individuals-in-the-wioa-adult-program-workforcegps-webinar/download,2026-08-26T11:45:28-04:00
https://www.mass.gov/doc/fy21-berkshire-reb-initial-budget/download,2026-08-26T11:45:28-04:00
https://www.mass.gov/doc/fy21-brockton-budget-5/download,2026-08-26T11:45:28-04:00
https://www.mass.gov/doc/fy21-cape-cod-wib-initial-budget/download,2026-08-26T11:45:28-04:00
https://www.mass.gov/doc/fy21-city-of-quincy-budget-5/download,2026-08-26T11:45:28-04:00
https://www.mass.gov/doc/fy21-edic-budget-5/download,2026-08-26T11:45:28-04:00
https://www.mass.gov/doc/fy21-fall-river-budget-5/download,2026-08-26T11:45:28-04:00
https://www.mass.gov/doc/fy21-franklin-hampshire-budget-6/download,2026-08-26T11:45:28-04:00
https://www.mass.gov/doc/fy21-hampden-budget-6/download,2026-08-26T11:45:28-04:00
https://www.mass.gov/doc/fy21-lowell-budget-6/download,2026-08-26T11:45:28-04:00
https://www.mass.gov/doc/fy21-lower-merrimac-budget-5/download,2026-08-26T11:45:28-04:00
https://www.mass.gov/doc/fy21-mass-regional-initial-budget/download,2026-08-26T11:45:28-04:00
https://www.mass.gov/doc/fy21-metro-north-reb-budget-6/download,2026-08-26T11:45:28-04:00
https://www.mass.gov/doc/fy21-new-bedford-budget-6/download,2026-08-26T11:45:28-04:00
https://www.mass.gov/doc/fy21-north-central-budget-5/download,2026-08-26T11:45:28-04:00
https://www.mass.gov/doc/fy21-north-shore-budget-7/download,2026-08-26T11:45:28-04:00
https://www.mass.gov/doc/fy21-partnership-skilled-workforce-initial-budget/download,2026-08-26T11:45:28-04:00
https://www.mass.gov/doc/fy21-worcester-budget-6/download,2026-08-26T11:45:28-04:00
https://www.mass.gov/doc/fy21-berkshire-training-budget-4/download,2026-08-26T11:45:28-04:00
https://www.mass.gov/doc/fy21-brockton-budget-4/download,2026-08-26T11:45:28-04:00
https://www.mass.gov/doc/fy21-city-of-quincy-budget-4/download,2026-08-26T11:45:28-04:00
https://www.mass.gov/doc/fy21-edic-budget-4/download,2026-08-26T11:45:28-04:00
https://www.mass.gov/doc/fy21-fall-river-budget-4/download,2026-08-26T11:45:28-04:00
https://www.mass.gov/doc/fy21-franklin-hampshire-budget-5/download,2026-08-26T11:45:28-04:00
https://www.mass.gov/doc/fy21-hampden-budget-5/download,2026-08-26T11:44:49-04:00
https://www.mass.gov/doc/fy21-jtec-budget-4/download,2026-08-26T11:44:49-04:00
https://www.mass.gov/doc/fy21-lowell-budget-5/download,2026-08-26T11:44:49-04:00
https://www.mass.gov/doc/fy21-lower-merrimac-budget-4/download,2026-08-26T11:44:49-04:00
https://www.mass.gov/doc/fy21-metro-north-reb-budget-5/download,2026-08-26T11:44:49-04:00
https://www.mass.gov/doc/fy21-metro-south-west-budget-6/download,2026-08-26T11:44:49-04:00
https://www.mass.gov/doc/fy21-new-bedford-budget-5/download,2026-08-26T11:44:49-04:00
https://www.mass.gov/doc/fy21-north-central-budget-4/download,2026-08-26T11:44:49-04:00
https://www.mass.gov/doc/fy21-north-shore-budget-6/download,2026-08-26T11:44:49-04:00
https://www.mass.gov/doc/fy21-worcester-budget-5/download,2026-08-26T11:44:49-04:00
https://www.mass.gov/doc/partnerships-for-a-skilled-workforce-inc-fy21-pv/download,2026-08-26T11:44:49-04:00
https://www.mass.gov/doc/cape-islands-wdb-fy21-pv/download,2026-08-26T11:44:15-04:00
https://www.mass.gov/doc/berkshire-county-reb-fy21-pv/download,2026-08-26T11:44:49-04:00
https://www.mass.gov/doc/dcs-info-14-375-paid-medical-and-leave-law-pfml-webinar/download,2026-08-26T11:44:49-04:00
https://www.mass.gov/doc/dcs-info-25-200-dese-funding-opportunity-fy2021/download,2026-08-26T11:44:49-04:00
https://www.mass.gov/doc/dcs-info-25-200a-planning-grant-instructions-and-guidance/download,2026-08-26T11:44:49-04:00
https://www.mass.gov/doc/dcs-info-14-376-learning-and-leading-service-delivery-to-job-seekers-in-a-virtual-environment/download,2026-08-26T11:44:49-04:00
https://www.mass.gov/doc/dcs-info-34-110-covid-19-eviction-legal-help-project-celhp-additional-material-available/download,2026-08-26T11:44:49-04:00
https://www.mass.gov/doc/massachusetts-regional-employment-board-association-inc-fy21-pv/download,2026-08-26T11:44:15-04:00
https://www.mass.gov/doc/dcs-info-14-377-mass-internet-connect-mic-training-and-single-point-of-contact-request-spoc/download,2026-08-26T11:44:49-04:00
https://www.mass.gov/doc/dcs-info-25-201-youthbuild-funding-opportunity/download,2026-08-26T11:44:49-04:00
https://www.mass.gov/doc/dcs-info-25-202-national-farmworkers-job-program-career-services-and-training-grants-reopening-for-select-service-area-funding-opportunity/download,2026-08-26T11:44:49-04:00
https://www.mass.gov/doc/dcs-info-14-378-partner-discussion-on-the-exploration-of-a-wioa-holistic-case-management-system-workforcegps-webinar/download,2026-08-26T11:44:49-04:00
https://www.mass.gov/doc/dcs-info-25-204-massachusetts-fy22-skills-capital-grant-program-rfp/download,2026-08-26T11:44:49-04:00
https://www.mass.gov/doc/dcs-info-34-111-public-workforce-system-role-in-reopening-state-local-economies-ten-8-20/download,2026-08-26T11:44:49-04:00
https://www.mass.gov/doc/dcs-info-10-107-mdcs-fy21-program-field-management-and-oversight-review-schedule/download,2026-08-26T11:44:49-04:00
https://www.mass.gov/doc/dcs-info-10-107a-program-monitoring-schedule/download,2026-08-26T11:44:49-04:00
https://www.mass.gov/doc/dcs-policy-18-111-wioa-eligibility-documentation-in-a-virtual-environment/download,2026-08-26T11:43:38-04:00
https://www.mass.gov/doc/fy21-berkshire-training-budget-5/download,2026-08-26T11:44:49-04:00
https://www.mass.gov/doc/fy21-brockton-budget-6/download,2026-08-26T11:44:49-04:00
https://www.mass.gov/doc/fy21-cape-cod-wib-budget-1/download,2026-08-26T11:44:49-04:00
https://www.mass.gov/doc/fy21-city-of-quincy-budget-6/download,2026-08-26T11:44:49-04:00
https://www.mass.gov/doc/fy21-edic-budget-6/download,2026-08-26T11:44:49-04:00
https://www.mass.gov/doc/fy21-fall-river-budget-6/download,2026-08-26T11:44:49-04:00
https://www.mass.gov/doc/fy21-hampden-budget-7/download,2026-08-26T11:44:49-04:00
https://www.mass.gov/doc/fy21-lowell-budget-7/download,2026-08-26T11:44:49-04:00
https://www.mass.gov/doc/fy21-lower-merrimac-budget-6/download,2026-08-26T11:44:49-04:00
https://www.mass.gov/doc/fy21-metro-north-reb-budget-7/download,2026-08-26T11:44:49-04:00
https://www.mass.gov/doc/fy21-metro-south-west-budget-7/download,2026-08-26T11:44:49-04:00
https://www.mass.gov/doc/fy21-new-bedford-budget-7/download,2026-08-26T11:44:49-04:00
https://www.mass.gov/doc/fy21-north-central-budget-6/download,2026-08-26T11:44:49-04:00
https://www.mass.gov/doc/fy21-north-shore-budget-8/download,2026-08-26T11:44:49-04:00
https://www.mass.gov/doc/fy21-worcester-budget-7/download,2026-08-26T11:44:49-04:00
https://www.mass.gov/doc/fy21-berkshire-training-budget-6/download,2026-08-26T11:44:49-04:00
https://www.mass.gov/doc/fy21-brockton-budget-7/download,2026-08-26T11:44:49-04:00
https://www.mass.gov/doc/fy21-city-of-quincy-budget-7/download,2026-08-26T11:44:49-04:00
https://www.mass.gov/doc/fy21-edic-budget-7/download,2026-08-26T11:44:49-04:00
https://www.mass.gov/doc/fy21-fall-river-budget-7/download,2026-08-26T11:44:49-04:00
https://www.mass.gov/doc/fy21-franklin-hampshire-budget-8/download,2026-08-26T11:44:49-04:00
https://www.mass.gov/doc/fy21-hampden-budget-8/download,2026-08-26T11:44:15-04:00
https://www.mass.gov/doc/fy21-jtec-budget-6/download,2026-08-26T11:44:15-04:00
https://www.mass.gov/doc/fy21-lowell-budget-8/download,2026-08-26T11:44:15-04:00
https://www.mass.gov/doc/fy21-lower-merrimac-budget-7/download,2026-08-26T11:44:15-04:00
https://www.mass.gov/doc/fy21-metro-north-reb-budget-8/download,2026-08-26T11:44:15-04:00
https://www.mass.gov/doc/fy21-metro-south-west-budget-8/download,2026-08-26T11:44:15-04:00
https://www.mass.gov/doc/fy21-new-bedford-budget-8/download,2026-08-26T11:44:15-04:00
https://www.mass.gov/doc/fy21-north-central-budget-7/download,2026-08-26T11:44:15-04:00
https://www.mass.gov/doc/fy21-north-shore-budget-9/download,2026-08-26T11:44:15-04:00
https://www.mass.gov/doc/fy21-worcester-budget-8/download,2026-08-26T11:44:15-04:00
https://www.mass.gov/doc/fy21-berkshire-training-budget-7/download,2026-08-26T11:44:15-04:00
https://www.mass.gov/doc/fy21-brockton-budget-8/download,2026-08-26T11:44:15-04:00
https://www.mass.gov/doc/fy21-city-of-quincy-budget-8/download,2026-08-26T11:44:15-04:00
https://www.mass.gov/doc/fy21-edic-budget-8/download,2026-08-26T11:44:15-04:00
https://www.mass.gov/doc/fy21-fall-river-budget-8/download,2026-08-26T11:44:15-04:00
https://www.mass.gov/doc/fy21-franklin-hampshire-budget-9/download,2026-08-26T11:44:15-04:00
https://www.mass.gov/doc/fy21-hampden-budget-9/download,2026-08-26T11:44:15-04:00
https://www.mass.gov/doc/fy21-jtec-budget-7/download,2026-08-26T11:44:15-04:00
https://www.mass.gov/doc/fy21-lowell-budget-9/download,2026-08-26T11:44:15-04:00
https://www.mass.gov/doc/fy21-lower-merrimac-budget-8/download,2026-08-26T11:44:15-04:00
https://www.mass.gov/doc/fy21-metro-north-reb-budget-9/download,2026-08-26T11:44:15-04:00
https://www.mass.gov/doc/fy21-metro-south-west-budget-9/download,2026-08-26T11:44:15-04:00
https://www.mass.gov/doc/fy21-new-bedford-budget-9/download,2026-08-26T11:44:15-04:00
https://www.mass.gov/doc/fy21-north-central-budget-8/download,2026-08-26T11:44:15-04:00
https://www.mass.gov/doc/fy21-north-shore-budget-10/download,2026-08-26T11:44:15-04:00
https://www.mass.gov/doc/fy21-worcester-budget-9/download,2026-08-26T11:44:15-04:00
https://www.mass.gov/doc/dcs-policy-13-112-taa-co-enrollment-and-integrating-services-with-wioa-title-i-dislocated-worker-program/download,2026-08-26T10:45:32-04:00
https://www.mass.gov/doc/dcs-policy-13-112a-training-and-employment-guidance-letter-tegl-no-4-20/download,2026-08-26T10:45:32-04:00
https://www.mass.gov/doc/moses-appendix-a/download,2026-08-26T10:45:32-04:00
https://www.mass.gov/doc/dcs-info-14-379-career-center-staff-training-sessions-january-april-2021/download,2026-08-26T10:45:32-04:00
https://www.mass.gov/doc/dcs-info-14-379a-master-list-of-trainings/download,2026-08-26T10:44:15-04:00
https://www.mass.gov/doc/dcs-info-14-380-careeronestop-providing-virtual-services-to-find-immediate-employment-and-apply-for-unemployment-workforcegps-webinar/download,2026-08-26T10:45:32-04:00
https://www.mass.gov/doc/dcs-info-08-124-advancing-a-one-workforce-vision-and-strategy/download,2026-08-26T10:45:32-04:00
https://www.mass.gov/doc/determining-poverty-status-of-census-tract-by-street-address/download,2026-08-26T10:45:32-04:00
https://www.mass.gov/doc/dcs-info-13-117-extension-of-the-trade-adjustment-assistance-taa-health-coverage-tax-credit-hctc/download,2026-08-26T10:45:32-04:00
https://www.mass.gov/doc/dcs-info-34-112-eolwd-covid-19-guidance/download,2026-08-26T10:45:32-04:00
https://www.mass.gov/doc/dcs-info-34-112a-eolwd-covid-19-guidance-situation-what-to-do-document/download,2026-08-26T10:45:32-04:00
https://www.mass.gov/doc/dcs-info-14-381-mass-internet-connect-mic-staff-training-additional-session-offered/download,2026-08-26T10:45:32-04:00
https://www.mass.gov/doc/dcs-policy-33-100c-2020-fbp-demonstration-grant-faq/download,2026-08-26T10:45:32-04:00
https://www.mass.gov/doc/dcs-info-14-382-using-careeronestop-to-provide-virtual-job-search-services-to-help-new-college-graduates-workforcegps-webinar/download,2026-08-26T10:45:32-04:00
https://www.mass.gov/doc/dcs-info-14-383-using-careeronestop-to-provide-virtual-services-to-change-occupations-or-industries-workforcegps-webinar/download,2026-08-26T10:45:32-04:00
https://www.mass.gov/doc/dcs-policy-10-104-data-element-validation-for-fy-2021/download,2026-08-26T10:38:52-04:00
https://www.mass.gov/doc/fy21-hampden-budget-10/download,2026-08-26T10:45:32-04:00
https://www.mass.gov/doc/fy21-lowell-budget-10/download,2026-08-26T10:45:32-04:00
https://www.mass.gov/doc/dcs-info-14-384-framingham-state-universitys-english-language-programs/download,2026-08-26T10:45:32-04:00
https://www.mass.gov/doc/dcs-info-14-384a-fsu-flyer-english/download,2026-08-26T10:45:32-04:00
https://www.mass.gov/doc/dcs-info-14-384b-fsu-flyer-spanish/download,2026-08-26T10:45:32-04:00
https://www.mass.gov/doc/dcs-info-14-384c-fsu-flyer-portuguese/download,2026-08-26T10:45:32-04:00
https://www.mass.gov/doc/dcs-info-14-384d-fsu-tuition-costs/download,2026-08-26T10:45:32-04:00
https://www.mass.gov/doc/archive-january-21-2021-wtrcc-meeting-agenda-and-powerpoint-slides/download,2026-08-26T11:22:35-04:00
https://www.mass.gov/doc/dcs-info-14-385-using-careeronestop-to-provide-virtual-services-to-develop-new-skills-and-knowledge-workforcegps-webinar/download,2026-08-26T10:45:32-04:00
https://www.mass.gov/doc/dcs-info-25-205-funding-opportunity-homeless-veterans-reintegration-program-incarcerated-veterans-transition-program-and-the-homeless-female-veterans-and-veterans-with-families-program/download,2026-08-26T10:45:32-04:00
https://www.mass.gov/doc/dcs-info-25-205a-foa-vets-21-01/download,2026-08-26T10:45:32-04:00
https://www.mass.gov/doc/new-etpl-federal-requirements-for-training-providers/download,2026-08-26T10:45:32-04:00
https://www.mass.gov/doc/mdcs-tegl3-18/download,2026-08-26T10:44:52-04:00
https://www.mass.gov/doc/dcs-info-25-207-fy21-bridges-to-college-grant-program/download,2026-08-26T10:44:52-04:00
https://www.mass.gov/doc/dcs-info-25-207a-instructions-and-guidance/download,2026-08-26T10:44:52-04:00
https://www.mass.gov/doc/dcs-info-25-206-funding-opportunity-fy20-federal-aviation-administration-faa-aviation-workforce-development-program/download,2026-08-26T10:44:52-04:00
https://www.mass.gov/doc/dcs-info-25-206a-notice-of-funding-opportunity-20-faa-awd-ap-1/download,2026-08-26T10:44:52-04:00
https://www.mass.gov/doc/dcs-info-09-122-fy2021-career-center-performance-reports-quarter-ending-september-30-2020/download,2026-08-26T10:44:52-04:00
https://www.mass.gov/doc/dcs-info-09-122a-tab00-table-of-contents/download,2026-08-26T10:44:52-04:00
https://www.mass.gov/doc/dcs-info-09-122b-tab01-executive-summary/download,2026-08-26T10:44:52-04:00
https://www.mass.gov/doc/dcs-info-09-122c-tab02-employer-summary/download,2026-08-26T10:44:52-04:00
https://www.mass.gov/doc/dcs-info-09-122d-tab03-job-seeker-summary/download,2026-08-26T10:44:52-04:00
https://www.mass.gov/doc/dcs-info-09-122e-tab04-veteran-summary/download,2026-08-26T10:44:52-04:00
https://www.mass.gov/doc/dcs-info-09-122f-tab05-res-summary/download,2026-08-26T10:44:52-04:00
https://www.mass.gov/doc/dcs-info-09-122g-tab06-title-i-adults-and-dislocated-worker-summary/download,2026-08-26T10:44:52-04:00
https://www.mass.gov/doc/dcs-info-09-122h-tab07-title-i-youth-summary/download,2026-08-26T10:44:52-04:00
https://www.mass.gov/doc/dcs-info-09-122i-tab08-national-dislocated-worker-grants-summary/download,2026-08-26T10:44:52-04:00
https://www.mass.gov/doc/dcs-info-09-122j-tab09-trade-summary/download,2026-08-26T10:44:52-04:00
https://www.mass.gov/doc/dcs-info-09-122k-tab10-labor-exchange-vets-resea-performance-summary/download,2026-08-26T10:44:52-04:00
https://www.mass.gov/doc/dcs-info-09-122l-tab11-title-i-performance/download,2026-08-26T10:44:52-04:00
https://www.mass.gov/doc/dcs-info-09-122m-tab12-trade-performance-summary/download,2026-08-26T10:44:52-04:00
https://www.mass.gov/doc/dcs-info-09-122n-tab13-performance-cohorts/download,2026-08-26T10:44:52-04:00
https://www.mass.gov/doc/dcs-info-25-208-funding-opportunities-department-of-transportationfederal-motor-carrier-safety-administration/download,2026-08-26T10:44:52-04:00
https://www.mass.gov/doc/dcs-info-25-208a-summary-information-fm-dtg-21-001/download,2026-08-26T10:44:52-04:00
https://www.mass.gov/doc/dcs-info-25-208b-summary-information-fm-cdl-21-001/download,2026-08-26T10:44:52-04:00
https://www.mass.gov/doc/dcs-policy-08-117-1-masshire-career-center-situational-office-closings-revised/download,2026-08-26T10:38:52-04:00
https://www.mass.gov/doc/dcs-info-14-386-lgbtq-customers-and-the-workplace-training/download,2026-08-26T10:44:52-04:00
https://www.mass.gov/doc/dcs-info-14-387-disclosure-in-employment-workshop-series-available/download,2026-08-26T10:44:52-04:00
https://www.mass.gov/doc/dcs-info-14-387a-flyer-disclosure-in-employment-workshops/download,2026-08-26T10:44:52-04:00
https://www.mass.gov/doc/dcs-info-14-388-using-careeronestop-to-provide-a-successful-reentry-transition-inside-outside-of-correctional-workforcegps-webinar/download,2026-08-26T10:44:52-04:00
https://www.mass.gov/doc/dcs-info-14-389-work-without-limits-virtual-events-career-fair-job-board-live-demonstration/download,2026-08-26T10:44:52-04:00
https://www.mass.gov/doc/dcs-jpp-01-2021-masshire-and-massachusetts-rehabilitation-commission-training-partnership/download,2026-08-26T10:44:52-04:00
https://www.mass.gov/doc/dcs-jppa-mrc-referral-form-completed-by-mrc/download,2026-08-26T10:44:52-04:00
https://www.mass.gov/doc/dcs-jppb-shared-customer-release-form-completed-by-mrc-consumer/download,2026-08-26T10:44:52-04:00
https://www.mass.gov/doc/dcs-jppc-training-justification-form-completed-by-mcc/download,2026-08-26T10:44:52-04:00
https://www.mass.gov/doc/dcs-jppd-mrc-individual-training-request-form-completed-by-mcc/download,2026-08-26T10:44:52-04:00
https://www.mass.gov/doc/dcs-jppe-moses-tracking-guide-for-the-mass-rehab-training-fund-mrtf-updated/download,2026-08-26T10:44:52-04:00
https://www.mass.gov/doc/dcs-jppf-qa-massachusetts-rehabilitation-commission-training-funds/download,2026-08-26T10:44:52-04:00
https://www.mass.gov/doc/dcs-jppg-powerpoint-presentation-on-training-funds-for-mrc-consumers/download,2026-08-26T10:44:52-04:00
https://www.mass.gov/doc/dcs-jpph-mrc-individual-training-account-modification-request/download,2026-08-26T10:44:52-04:00
https://www.mass.gov/doc/dcs-jppi-master-agreement/download,2026-08-26T10:44:52-04:00
https://www.mass.gov/doc/dcs-jppj-masshiremrc-employment-voucher-invoice/download,2026-08-26T10:44:52-04:00
https://www.mass.gov/doc/masshire-security-personnel-job-description/download,2026-08-26T10:44:52-04:00
https://www.mass.gov/doc/dcs-jpp-02-2021-fy21-wioa-state-partner-infrastructure-contributions/download,2026-08-26T10:44:15-04:00
https://www.mass.gov/doc/dcs-jpp-02-2021a-adult-community-learning-services-acls/download,2026-08-26T10:44:52-04:00
https://www.mass.gov/doc/dcs-jpp-02-2021b-department-of-transitional-assistance-dta/download,2026-08-26T10:44:15-04:00
https://www.mass.gov/doc/dcs-jpp-02-2021c-massachusetts-commission-for-the-blind-mcb/download,2026-08-26T10:44:52-04:00
https://www.mass.gov/doc/masshire-security-personnel-project-overview-v1/download,2026-08-26T10:44:52-04:00
https://www.mass.gov/doc/mdcs-trade-enrolled-not-dw-enrolled/download,2026-08-26T10:42:56-04:00
https://www.mass.gov/doc/fy21-berkshire-training-budget-9/download,2026-08-26T10:44:52-04:00
https://www.mass.gov/doc/fy21-brockton-budget-10/download,2026-08-26T10:44:52-04:00
https://www.mass.gov/doc/fy21-city-of-quincy-budget-10/download,2026-08-26T10:44:52-04:00
https://www.mass.gov/doc/fy21-edic-budget-10/download,2026-08-26T10:44:15-04:00
https://www.mass.gov/doc/fy21-fall-river-budget-10/download,2026-08-26T10:44:15-04:00
https://www.mass.gov/doc/fy21-franklin-hampshire-budget-11-revised/download,2026-08-26T10:44:15-04:00
https://www.mass.gov/doc/fy21-hampden-budget-12/download,2026-08-26T10:44:15-04:00
https://www.mass.gov/doc/fy21-jtec-budget-9/download,2026-08-26T10:44:15-04:00
https://www.mass.gov/doc/fy21-lowell-budget-12/download,2026-08-26T10:44:15-04:00
https://www.mass.gov/doc/fy21-lower-merrimac-budget-10/download,2026-08-26T10:44:15-04:00
https://www.mass.gov/doc/fy21-metro-north-reb-budget-11/download,2026-08-26T10:44:15-04:00
https://www.mass.gov/doc/fy21-metro-south-west-budget-11/download,2026-08-26T10:44:15-04:00
https://www.mass.gov/doc/fy21-new-bedford-budget-11/download,2026-08-26T10:44:15-04:00
https://www.mass.gov/doc/fy21-north-central-budget-10/download,2026-08-26T10:44:15-04:00
https://www.mass.gov/doc/fy21-north-shore-budget-12/download,2026-08-26T10:44:15-04:00
https://www.mass.gov/doc/fy21-worcester-budget-11/download,2026-08-26T10:44:15-04:00
https://www.mass.gov/doc/dcs-info-14-390-work-based-learning-state-best-practices-workforcegps-webinar/download,2026-08-26T10:44:15-04:00
https://www.mass.gov/doc/moses-appendix-g-2021/download,2026-08-26T10:44:15-04:00
https://www.mass.gov/doc/employer-services-definitions-2023/download,2026-08-26T10:38:52-04:00
https://www.mass.gov/doc/dcs-jpp-02-2021d-massachusetts-rehabilitation-commission-mrc/download,2026-08-26T10:44:15-04:00
https://www.mass.gov/doc/dcs-jpp-02-2021e-senior-community-services-employment-program-scsep-state/download,2026-08-26T10:44:15-04:00
https://www.mass.gov/doc/dcs-info-14-391-covid-19-dislocated-worker-grant-lessons-learned-from-implementation-workforcegps-webinar/download,2026-08-26T10:44:15-04:00
https://www.mass.gov/doc/dcs-info-25-209-rapid-reemployment-program-request-for-proposals/download,2026-08-26T10:44:15-04:00
https://www.mass.gov/doc/dcs-info-25-210-apprenticeship-growth-and-expansion-funding-opportunity/download,2026-08-26T10:43:42-04:00
https://www.mass.gov/doc/dcs-info-14-392-work-without-limits-information-webinar-administrative-employment-network/download,2026-08-26T10:44:15-04:00
https://www.mass.gov/doc/dcs-info-14-393-recovery-action-team-reemployment-services-eligibility-assessment-resea-workforcegps-webinar/download,2026-08-26T10:44:15-04:00
https://www.mass.gov/doc/fy21-berkshire-training-budget-10/download,2026-08-26T10:44:15-04:00
https://www.mass.gov/doc/fy21-brockton-budget-11/download,2026-08-26T10:44:15-04:00
https://www.mass.gov/doc/fy21-city-of-quincy-budget-11/download,2026-08-26T10:44:15-04:00
https://www.mass.gov/doc/fy21-edic-budget-11/download,2026-08-26T10:44:15-04:00
https://www.mass.gov/doc/fy21-hampden-budget-13/download,2026-08-26T10:44:15-04:00
https://www.mass.gov/doc/fy21-lowell-budget-13/download,2026-08-26T10:44:15-04:00
https://www.mass.gov/doc/fy21-lower-merrimac-budget-11/download,2026-08-26T10:44:15-04:00
https://www.mass.gov/doc/fy21-metro-south-west-budget-12/download,2026-08-26T10:44:15-04:00
https://www.mass.gov/doc/fy21-north-central-budget-11/download,2026-08-26T10:44:15-04:00
https://www.mass.gov/doc/fy21-north-shore-budget-13/download,2026-08-26T10:44:15-04:00
https://www.mass.gov/doc/fy21-worcester-budget-12/download,2026-08-26T10:44:15-04:00
https://www.mass.gov/doc/fy21-berkshire-training-budget-11/download,2026-08-26T10:44:15-04:00
https://www.mass.gov/doc/fy21-brockton-budget-12/download,2026-08-26T10:44:15-04:00
https://www.mass.gov/doc/fy21-city-of-quincy-budget-12/download,2026-08-26T10:44:15-04:00
https://www.mass.gov/doc/fy21-edic-budget-12/download,2026-08-26T10:44:15-04:00
https://www.mass.gov/doc/fy21-fall-river-budget-11/download,2026-08-26T10:44:15-04:00
https://www.mass.gov/doc/fy21-franklin-hampshire-budget-12/download,2026-08-26T10:44:15-04:00
https://www.mass.gov/doc/fy21-hampden-budget-14/download,2026-08-26T10:44:15-04:00
https://www.mass.gov/doc/fy21-jtec-budget-10/download,2026-08-26T10:44:15-04:00
https://www.mass.gov/doc/fy21-lowell-budget-14/download,2026-08-26T10:44:15-04:00
https://www.mass.gov/doc/fy21-lower-merrimac-budget-12/download,2026-08-26T10:44:15-04:00
https://www.mass.gov/doc/fy21-metro-north-reb-budget-13/download,2026-08-26T10:44:15-04:00
https://www.mass.gov/doc/fy21-metro-south-west-budget-13/download,2026-08-26T10:43:42-04:00
https://www.mass.gov/doc/fy21-new-bedford-budget-12/download,2026-08-26T10:43:42-04:00
https://www.mass.gov/doc/fy21-north-central-budget-12/download,2026-08-26T10:43:42-04:00
https://www.mass.gov/doc/fy21-north-shore-budget-14/download,2026-08-26T10:43:42-04:00
https://www.mass.gov/doc/fy21-worcester-budget-13/download,2026-08-26T10:43:42-04:00
https://www.mass.gov/doc/fy21-mass-regional-budget-1/download,2026-08-26T10:43:42-04:00
https://www.mass.gov/doc/dcs-info-14-394-creating-diverse-and-inclusive-apprenticeship-programs-workforcegps-webinar/download,2026-08-26T10:43:42-04:00
https://www.mass.gov/doc/fy21-berkshire-training-budget-8/download,2026-08-26T10:43:42-04:00
https://www.mass.gov/doc/fy21-brockton-budget-9/download,2026-08-26T10:43:42-04:00
https://www.mass.gov/doc/fy21-city-of-quincy-budget-9/download,2026-08-26T10:43:42-04:00
https://www.mass.gov/doc/fy21-edic-budget-9/download,2026-08-26T10:43:42-04:00
https://www.mass.gov/doc/fy21-fall-river-budget-9/download,2026-08-26T10:43:42-04:00
https://www.mass.gov/doc/fy21-franklin-hampshire-budget-10-revised/download,2026-08-26T10:43:42-04:00
https://www.mass.gov/doc/fy21-hampden-budget-11/download,2026-08-26T10:43:42-04:00
https://www.mass.gov/doc/fy21-jtec-budget-8/download,2026-08-26T10:43:42-04:00
https://www.mass.gov/doc/fy21-lowell-budget-11/download,2026-08-26T10:43:42-04:00
https://www.mass.gov/doc/fy21-lower-merrimac-budget-9/download,2026-08-26T10:43:42-04:00
https://www.mass.gov/doc/fy21-metro-north-reb-budget-10/download,2026-08-26T10:43:42-04:00
https://www.mass.gov/doc/fy21-metro-south-west-budget-10/download,2026-08-26T10:43:42-04:00
https://www.mass.gov/doc/fy21-new-bedford-budget-10/download,2026-08-26T10:43:42-04:00
https://www.mass.gov/doc/fy21-north-central-budget-9/download,2026-08-26T10:43:42-04:00
https://www.mass.gov/doc/fy21-north-shore-budget-11/download,2026-08-26T10:43:42-04:00
https://www.mass.gov/doc/fy21-worcester-budget-10/download,2026-08-26T10:43:42-04:00
https://www.mass.gov/doc/fy21-fall-river-budget-13/download,2026-08-26T10:43:42-04:00
https://www.mass.gov/doc/fy21-metro-north-reb-budget-12/download,2026-08-26T10:43:42-04:00
https://www.mass.gov/doc/farm-labor-camp-covid-19-checklist-attestation-v1123/download,2026-08-26T10:43:42-04:00
https://www.mass.gov/doc/mdar-farm-labor-bulletin-guidance/download,2026-08-26T10:43:42-04:00
https://www.mass.gov/doc/dcs-info-14-395-summer-at-a-glance-building-workforce-opportunities-for-youth-during-challenging-times-workforcegps-webinar/download,2026-08-26T10:43:42-04:00
https://www.mass.gov/doc/dcs-jpp-03-2021-workforce-innovation-and-opportunity-act-wioa-local-memorandum-of-understanding-mou-guidance/download,2026-08-26T10:43:42-04:00
https://www.mass.gov/doc/dcs-jpp-03-2021a-wioa-local-mou-guidance/download,2026-08-26T10:43:42-04:00
https://www.mass.gov/doc/dcs-jpp-03-2021b-wioa-local-mou-template/download,2026-08-26T10:43:42-04:00
https://www.mass.gov/doc/dcs-jpp-03-2021c-masshire-virtual-customer-flow/download,2026-08-26T10:43:42-04:00
https://www.mass.gov/doc/dcs-jpp-03-2021d-impasse-resolutionstate-infrastructure-funding-mechanism/download,2026-08-26T10:43:42-04:00
https://www.mass.gov/doc/dcs-jpp-03-2021e-impasse-resolutionstate-infrastructure-funding-mechanism-notification-form/download,2026-08-26T10:43:42-04:00
https://www.mass.gov/doc/dcs-jpp-03-2021f-us-department-of-labor-us-dol-employment-and-training-administration-eta-discretionary-grants-as-of-november-30-2020/download,2026-08-26T10:43:42-04:00
https://www.mass.gov/doc/dcs-info-14-396-work-based-learning-state-best-practices-panel-discussion-workforcegps-webinar/download,2026-08-26T10:43:42-04:00
https://www.mass.gov/doc/fy21-berkshire-training-budget-13/download,2026-08-26T10:43:42-04:00
https://www.mass.gov/doc/fy21-brockton-budget-14/download,2026-08-26T10:43:42-04:00
https://www.mass.gov/doc/fy21-fall-river-budget-14/download,2026-08-26T10:43:42-04:00
https://www.mass.gov/doc/fy21-lower-merrimac-budget-14/download,2026-08-26T10:43:42-04:00
https://www.mass.gov/doc/eventemployerfieldrecruitmentv01/download,2026-08-26T10:43:42-04:00
https://www.mass.gov/doc/dcs-info-14-397-lgbtq-customers-and-the-workplace-training/download,2026-08-26T10:43:42-04:00
https://www.mass.gov/doc/dcs-info-14-398-work-without-limits-administrative-employment-network-webinar/download,2026-08-26T10:43:42-04:00
https://www.mass.gov/doc/dcs-info-34-113-department-of-housing-community-development-rental-assistance-update/download,2026-08-26T10:43:42-04:00
https://www.mass.gov/doc/dcs-policy-08-122-public-access-planning-items-needed/download,2026-08-26T10:38:52-04:00
https://www.mass.gov/doc/fy21-jtec-budget-5/download,2026-08-26T10:43:42-04:00
https://www.mass.gov/doc/dcs-policy-08-123-training-expenditure-requirement-under-wioa-temporary-waiver/download,2026-08-26T10:42:56-04:00
https://www.mass.gov/doc/dcs-info-09-123-fy2021-career-center-performance-reports-quarter-ending-december-31-2020/download,2026-08-26T10:42:56-04:00
https://www.mass.gov/doc/dcs-info-09-123a-fy2021-tab00-table-of-contents/download,2026-08-26T10:42:56-04:00
https://www.mass.gov/doc/dcs-info-09-123b-fy2021-tab01-executive-summary/download,2026-08-26T10:42:56-04:00
https://www.mass.gov/doc/dcs-info-09-123c-fy2021-tab02-employer-summary/download,2026-08-26T10:42:56-04:00
https://www.mass.gov/doc/dcs-info-09-123d-fy2021-tab03-job-seeker-summary/download,2026-08-26T10:42:56-04:00
https://www.mass.gov/doc/dcs-info-09-123e-fy2021-tab04-veteran-summary/download,2026-08-26T10:42:56-04:00
https://www.mass.gov/doc/dcs-info-09-123f-fy2021-tab05-res-summary/download,2026-08-26T10:42:56-04:00
https://www.mass.gov/doc/dcs-info-09-123g-fy2021-tab06-title-i-adults-and-dislocated-worker-summary/download,2026-08-26T10:42:56-04:00
https://www.mass.gov/doc/dcs-info-09-123h-fy2021-tab07-title-i-youth-summary/download,2026-08-26T10:42:56-04:00
https://www.mass.gov/doc/dcs-info-09-123i-fy2021-tab08-national-dislocated-worker-grants-summary/download,2026-08-26T10:42:56-04:00
https://www.mass.gov/doc/dcs-info-09-123j-fy2021-tab09-trade-summary/download,2026-08-26T10:42:56-04:00
https://www.mass.gov/doc/dcs-info-09-123k-fy2021-tab10-labor-exchange-vets-resea-performance-summary/download,2026-08-26T10:42:56-04:00
https://www.mass.gov/doc/dcs-info-09-123l-fy2021-tab11-title-i-performance/download,2026-08-26T10:42:56-04:00
https://www.mass.gov/doc/dcs-info-09-123m-fy2021-tab12-trade-performance-summary/download,2026-08-26T10:42:56-04:00
https://www.mass.gov/doc/dcs-info-09-123n-fy2021-tab13-performance-cohorts/download,2026-08-26T10:42:56-04:00
https://www.mass.gov/doc/dcs-info-31-112-call-for-nominations-for-masshire-champion-award/download,2026-08-26T10:42:56-04:00
https://www.mass.gov/doc/dcs-info-31-112a-nomination-package/download,2026-08-26T10:42:56-04:00
https://www.mass.gov/doc/dcs-info-25-211-request-for-responses-career-technical-initiative-adult-training-round-3/download,2026-08-26T10:42:56-04:00
https://www.mass.gov/doc/dcs-info-25-212-cdc-foundation-grants/download,2026-08-26T10:42:56-04:00
https://www.mass.gov/doc/dcs-info-25-213-funding-opportunity-women-in-apprenticeship-and-nontraditional-occupations-technical-assistance-grant-program/download,2026-08-26T10:42:56-04:00
https://www.mass.gov/doc/dcs-info-25-213a-funding-opportunity-foa-wb-21-01/download,2026-08-26T10:42:56-04:00
https://www.mass.gov/doc/dcs-info-14-399-state-recovery-strategies-a-peer-learning-opportunity-workforcegps-webinar/download,2026-08-26T10:42:56-04:00
https://www.mass.gov/doc/dcs-info-19-114-dol-national-teen-worker-dialogue-announcement/download,2026-08-26T10:42:56-04:00
https://www.mass.gov/doc/mdcs-security-personnel-project-guidance/download,2026-08-26T10:41:26-04:00
https://www.mass.gov/doc/dcs-info-25-214-funding-opportunity-gear-up-for-undergraduate-programs-assistance-living/download,2026-08-26T10:42:56-04:00
https://www.mass.gov/doc/dcs-info-25-214a-foa-ed-grants-042921-001/download,2026-08-26T10:42:56-04:00
https://www.mass.gov/doc/dcs-info-25-215-request-for-response-funds-for-market-maker-positions/download,2026-08-26T10:42:56-04:00
https://www.mass.gov/doc/dcs-info-14-400-practices-in-workforce-employment-network-operation-new-technical-guidance-workforcegps-webinar/download,2026-08-26T10:42:56-04:00
https://www.mass.gov/doc/dcs-info-14-401-upcoming-masshire-career-center-staff-training-sessions-may-august-2021/download,2026-08-26T10:42:56-04:00
https://www.mass.gov/doc/dcs-info-14-401a-master-list-of-trainings/download,2026-08-26T10:42:56-04:00
https://www.mass.gov/doc/dcs-policy-18-112-poverty-guidelines-lower-living-standard-income-levels-2021/download,2026-08-26T10:38:52-04:00
https://www.mass.gov/doc/dcs-info-08-125-masshire-statewide-virtual-manufacturing-training-program/download,2026-08-26T10:42:56-04:00
https://www.mass.gov/doc/dcs-info-25-216-funding-opportunity-hispanic-serving-institutions-stem-and-articulation-program/download,2026-08-26T10:42:56-04:00
https://www.mass.gov/doc/dcs-info-25-216a-foa-ed-grants-043021-001/download,2026-08-26T10:42:56-04:00
https://www.mass.gov/doc/mdcs-madison-security-recruitment-flyer/download,2026-08-26T10:41:26-04:00
https://www.mass.gov/doc/dcs-info-06-105-security-personnel-hiring-process-and-protocols/download,2026-08-26T10:42:56-04:00
https://www.mass.gov/doc/dcs-info-14-402-skillbase-foundational-skills-for-jobseekers-training/download,2026-08-26T10:42:56-04:00
https://www.mass.gov/doc/dcsinfo-14-403-mass-internet-connect-mic-federal-communications-commission-fcc-and-emergency-broadband-benefit-ebb-training-update/download,2026-08-26T10:42:56-04:00
https://www.mass.gov/doc/dcs-info-14-404-tools-to-help-youth-find-jobs-workforcegps-webinar/download,2026-08-26T10:42:56-04:00
https://www.mass.gov/doc/dcs-info-25-217-office-of-post-secondary-education-higher-education-programs-funding-opportunities/download,2026-08-26T10:42:56-04:00
https://www.mass.gov/doc/dcs-info-14-405-work-without-limits-jobs-ability-jobs-board-overview-webinar/download,2026-08-26T10:42:56-04:00
https://www.mass.gov/doc/dcs-info-02-136-moses-version-377-will-be-released-on-june-9-2021/download,2026-08-26T10:42:56-04:00
https://www.mass.gov/doc/dcs-info-32-106-unemployment-insurance-claimant-work-search-requirements/download,2026-08-26T10:42:56-04:00
https://www.mass.gov/doc/dcs-info-32-106a-press-release-massachusetts-announces-reinstatement-of-unemployment-work-search-requirements-beginning-week-of-june-15/download,2026-08-26T10:42:56-04:00
https://www.mass.gov/doc/dcs-info-32-106b-dua-policy-memo-uipp-202104-work-search-requirements/download,2026-08-26T10:42:56-04:00
https://www.mass.gov/doc/dcs-info-14-406-subsequent-eligibility-for-ita-training-provider-courses/download,2026-08-26T10:42:56-04:00
https://www.mass.gov/doc/dcs-info-14-406a-ita-performance-provider-data-report/download,2026-08-26T10:42:14-04:00
https://www.mass.gov/doc/dcs-info-14-406b-ita-performance-moses-data-report/download,2026-08-26T10:42:56-04:00
https://www.mass.gov/doc/dcs-info-25-218-career-technical-initiative/download,2026-08-26T10:42:14-04:00
https://www.mass.gov/doc/dcs-info-25-218a-career-technical-initiative-flyer/download,2026-08-26T10:42:14-04:00
https://www.mass.gov/doc/dcs-info-25-219-rapid-reemployment-program-partnerships-for-recovery/download,2026-08-26T10:42:14-04:00
https://www.mass.gov/doc/dcs-info-25-219a-rapid-reemployment-partnerships-for-recovery-flyer/download,2026-08-26T10:42:14-04:00
https://www.mass.gov/doc/dcs-info-14-407-lgbtq-customers-and-the-workplace-training/download,2026-08-26T10:42:14-04:00
https://www.mass.gov/doc/dcs-info-25-219b-rapid-reemployment-partnership-for-recovery-moses-data-entry/download,2026-08-26T10:42:14-04:00
https://www.mass.gov/doc/dcs-info-21-104-final-rule-released-for-implementation-of-the-h-2b-program-supplemental-visa-cap-allocation/download,2026-08-26T10:42:14-04:00
https://www.mass.gov/doc/dcs-info-25-220-funding-opportunity-native-american-serving-nontribal-institutions-program/download,2026-08-26T10:42:14-04:00
https://www.mass.gov/doc/dcs-info-14-408-using-research-and-evaluation-to-improve-workforce-education-programs-workforcegps-webinar/download,2026-08-26T10:42:14-04:00
https://www.mass.gov/doc/dcs-info-14-409-assessing-developing-soft-skills-of-todays-workforce-workforcegps-webinar/download,2026-08-26T10:42:14-04:00
https://www.mass.gov/doc/dcs-info-14-410-work-without-limits-public-benefits-work-2-part-overview-training/download,2026-08-26T10:42:14-04:00
https://www.mass.gov/doc/dcs-info-14-411-the-value-of-creativity-collaboration-of-dwgs-workforcegps-webinar/download,2026-08-26T10:42:14-04:00
https://www.mass.gov/doc/dcs-info-25-221-funding-opportunity-youth-homelessness-demonstration-program/download,2026-08-26T10:42:14-04:00
https://www.mass.gov/doc/dcs-info-25-221a-foa-fr-6400-n-35-youth-homelessness-demonstration-program/download,2026-08-26T10:42:14-04:00
https://www.mass.gov/doc/dcs-info-31-113-masshire-awards-finalists-2021/download,2026-08-26T10:42:14-04:00
https://www.mass.gov/doc/dcs-info-31-113a-masshire-awards-finalists/download,2026-08-26T10:42:14-04:00
https://www.mass.gov/doc/dcs-policy-17-105-1-masshire-workforce-board-certification-revised-for-extension/download,2026-08-26T10:38:52-04:00
https://www.mass.gov/doc/archive-may-18-2021-etrcc-meeting-minutes-and-select-meeting-materials/download,2026-08-26T12:40:12-04:00
https://www.mass.gov/doc/dcs-info-14-412-masshire-bizworks-training-business-services-training/download,2026-08-26T10:42:14-04:00
https://www.mass.gov/doc/dcs-info-34-114-dhcd-updates-on-the-eviction-diversion-initiative-june-2021/download,2026-08-26T10:42:14-04:00
https://www.mass.gov/doc/dcs-info-34-114a-dhcd-eviction-diversion-initiative-updates-news/download,2026-08-26T10:42:14-04:00
https://www.mass.gov/doc/brockton-area-wib-fy22-pv/download,2026-08-26T10:38:52-04:00
https://www.mass.gov/doc/city-of-fall-river-fy22-pv/download,2026-08-26T10:38:52-04:00
https://www.mass.gov/doc/city-of-lawrence-fy22-pv/download,2026-08-26T10:38:52-04:00
https://www.mass.gov/doc/city-of-lowell-fy22-pv/download,2026-08-26T10:38:52-04:00
https://www.mass.gov/doc/city-of-quincy-fy22-pv/download,2026-08-26T10:38:52-04:00
https://www.mass.gov/doc/city-of-salem-fy22-pv/download,2026-08-26T10:38:52-04:00
https://www.mass.gov/doc/city-of-worcester-fy22-pv/download,2026-08-26T10:38:52-04:00
https://www.mass.gov/doc/economic-development-industrial-corporation-fy22-pv/download,2026-08-26T10:38:52-04:00
https://www.mass.gov/doc/franklin-hampshire-employment-training-consortium-fy22-pv/download,2026-08-26T10:38:52-04:00
https://www.mass.gov/doc/greater-new-bedford-wib-fy22-pv/download,2026-08-26T10:38:52-04:00
https://www.mass.gov/doc/job-training-employment-corporation-fy22-pv/download,2026-08-26T10:38:52-04:00
https://www.mass.gov/doc/masshire-hampden-county-workforce-board-inc-fy22-pv/download,2026-08-26T10:38:52-04:00
https://www.mass.gov/doc/masshire-north-central-workforce-board-fy22-pv/download,2026-08-26T10:38:52-04:00
https://www.mass.gov/doc/metro-north-regional-employment-board-inc-fy22-pv/download,2026-08-26T10:38:52-04:00
https://www.mass.gov/doc/metro-southwest-employment-training-admin-fy22-pv/download,2026-08-26T10:38:52-04:00
https://www.mass.gov/doc/dcs-info-14-413-credentials-what-they-are-where-to-find-them-and-what-counts-for-performance-workforcegps-webinar/download,2026-08-26T10:42:14-04:00
https://www.mass.gov/doc/dcs-info-08-126-massachusetts-return-to-in-person-services-key-activities-and-dates/download,2026-08-26T10:42:14-04:00
https://www.mass.gov/doc/dcs-info-25-222-funding-opportunities-occupational-safety-and-health-susan-harwood-training-grants/download,2026-08-26T10:42:14-04:00
https://www.mass.gov/doc/dcs-info-15-122-jobs-for-veterans-state-grant-incentive-awards-ffy21-call-for-nominations/download,2026-08-26T10:42:14-04:00
https://www.mass.gov/doc/dcs-info-15-122a-performance-incentive-awards-nomination-procedures/download,2026-08-26T10:42:14-04:00
https://www.mass.gov/doc/dcs-info-15-122b-performance-incentive-awards-nomination-form/download,2026-08-26T10:42:14-04:00
https://www.mass.gov/doc/dcs-policy-11-101-2-masshire-rapid-response-process-under-wioa/download,2026-08-26T10:42:14-04:00
https://www.mass.gov/doc/dcs-info-14-414-working-recovery-employment-pivotal-to-sustained-addiction-recovery-virtual-symposium-save-the-date/download,2026-08-26T10:42:14-04:00
https://www.mass.gov/doc/dcs-info-14-414a-working-recovery-save-the-date-flyer/download,2026-08-26T10:42:14-04:00
https://www.mass.gov/doc/berkshire-mou-fy22-25/download,2026-08-26T10:42:14-04:00
https://www.mass.gov/doc/bristol-mou-fy22-25/download,2026-08-26T10:42:14-04:00
https://www.mass.gov/doc/cape-and-islands-mou-fy-22-25/download,2026-08-26T10:38:52-04:00
https://www.mass.gov/doc/dcs-policy-03-115-stevens-amendment-requirements-for-federal-grant-fund-awardees/download,2026-08-26T10:38:52-04:00
https://www.mass.gov/doc/dcs-policy-03-115a-stevens-amendment-qa/download,2026-08-26T10:42:14-04:00
https://www.mass.gov/doc/dcs-policy-03-115b-dol-stevens-amendment-powerpoint-presentation/download,2026-08-26T10:42:14-04:00
https://www.mass.gov/doc/dcs-info-31-114-masshire-celebration-awards-ceremony-2021/download,2026-08-26T10:42:14-04:00
https://www.mass.gov/doc/dcs-info-31-114a-invitation-for-2021-masshire-celebration-awards-ceremony-which-includes-the-registration-link/download,2026-08-26T10:42:14-04:00
https://www.mass.gov/doc/dcs-info-32-107-part-time-work-and-unemployment-insurance-benefits/download,2026-08-26T10:42:14-04:00
https://www.mass.gov/doc/berkshire-training-employment-fy22-pv/download,2026-08-26T10:38:52-04:00
https://www.mass.gov/doc/dcs-policy-04-110-local-annual-operating-plan-fiscal-year-2022/download,2026-08-26T10:38:52-04:00
https://www.mass.gov/doc/dcs-info-26-104-workforce-training-fund-program-changes-increasing-express-program-subsidy-for-small-businesses/download,2026-08-26T10:42:14-04:00
https://www.mass.gov/doc/dcs-info-25-223-youthworks-2021-2022-year-round-request-for-proposals/download,2026-08-26T10:42:14-04:00
https://www.mass.gov/doc/dcs-policy-13-117-taa-reversion-2021-new-petition-forms-for-the-trade-adjustment-assistance-program/download,2026-08-26T10:38:52-04:00
https://www.mass.gov/doc/dcs-policy-13-117a-petition-for-trade-adjustment-assistance-taa-for-workers-and-alternative-trade-adjustment-assistance-ataa-form-eta-9042-revised-july-2021/download,2026-08-26T10:42:14-04:00
https://www.mass.gov/doc/dcs-policy-13-118-trade-adjustment-assistance-reauthorization-act-of-2015-sunset-provisions-reversion-2021/download,2026-08-26T10:42:14-04:00
https://www.mass.gov/doc/dcs-policy-13-118a-training-and-employment-guidance-letter-tegl-no-24-20/download,2026-08-26T10:42:14-04:00
https://www.mass.gov/doc/central-region-fy22-25-mou/download,2026-08-26T10:42:14-04:00
https://www.mass.gov/doc/central-mass-attachment-a/download,2026-08-26T10:42:14-04:00
https://www.mass.gov/doc/central-mass-attachment-b/download,2026-08-26T10:42:14-04:00
https://www.mass.gov/doc/central-mass-attachment-c/download,2026-08-26T10:42:14-04:00
https://www.mass.gov/doc/central-mass-attachment-d/download,2026-08-26T10:42:14-04:00
https://www.mass.gov/doc/central-mass-attachment-e/download,2026-08-26T10:41:26-04:00
https://www.mass.gov/doc/central-mass-attachment-f/download,2026-08-26T10:41:26-04:00
https://www.mass.gov/doc/central-mass-attachment-g/download,2026-08-26T10:41:26-04:00
https://www.mass.gov/doc/central-mass-attachment-h/download,2026-08-26T10:41:26-04:00
https://www.mass.gov/doc/central-mass-attachment-i/download,2026-08-26T10:41:26-04:00
https://www.mass.gov/doc/franklin-hampshire-mou-fy22-25/download,2026-08-26T10:41:26-04:00
https://www.mass.gov/doc/greater-brockton-mou-fy22-25/download,2026-08-26T10:41:26-04:00
https://www.mass.gov/doc/greater-lowell-mou-fy22-25/download,2026-08-26T10:41:26-04:00
https://www.mass.gov/doc/greater-new-bedford-mou-fy22-25/download,2026-08-26T10:41:26-04:00
https://www.mass.gov/doc/hampden-county-mou-fy22-25/download,2026-08-26T10:41:26-04:00
https://www.mass.gov/doc/merrimack-valley-mou-fy22-25/download,2026-08-26T10:41:26-04:00
https://www.mass.gov/doc/metro-south-west-mou-fy22-25/download,2026-08-26T10:41:26-04:00
https://www.mass.gov/doc/metro-sw-attachment-a-partner-services-roadmap/download,2026-08-26T10:41:26-04:00
https://www.mass.gov/doc/metro-sw-attachment-b-partner-services-matrix/download,2026-08-26T10:41:26-04:00
https://www.mass.gov/doc/metro-sw-attachment-c-assurances/download,2026-08-26T10:41:26-04:00
https://www.mass.gov/doc/north-central-mou-fy22-25/download,2026-08-26T10:41:26-04:00
https://www.mass.gov/doc/north-central-4-year-plan-with-signature-fields-final-6-15-2021/download,2026-08-26T10:41:26-04:00
https://www.mass.gov/doc/north-central-wb-board-matrix-updated-7-1-2021/download,2026-08-26T10:41:26-04:00
https://www.mass.gov/doc/north-shore-mou-fy22-25/download,2026-08-26T10:41:26-04:00
https://www.mass.gov/doc/dcs-info-05-170-serving-individuals-and-communities-impacted-by-opioid-addiction-and-other-substance-use-disorders/download,2026-08-26T10:41:26-04:00
https://www.mass.gov/doc/dcs-info-05-170a-ten-2-21-serving-individuals-and-communities-impacted-by-opioid-addiction-and-other-substance-use-disorders/download,2026-08-26T10:41:26-04:00
https://www.mass.gov/doc/dcs-info-25-224-funding-opportunities-office-of-elementary-and-secondary-education/download,2026-08-26T10:41:26-04:00
https://www.mass.gov/doc/metro-north-mou-fy22-25/download,2026-08-26T10:41:26-04:00
https://www.mass.gov/doc/metro-north-supporting-attachments-for-fy22-mou-wioa-partners/download,2026-08-26T10:41:26-04:00
https://www.mass.gov/doc/metro-north-final-mou-attachment-b-updated-partner-services/download,2026-08-26T10:41:26-04:00
https://www.mass.gov/doc/dcs-info-14-415-careeronestop-workforce-professionals-toolkit-workforcegps-webinar/download,2026-08-26T10:41:26-04:00
https://www.mass.gov/doc/dcs-info-22-124-apprenticeship-expansion-construction-diversity-grants-request-for-response/download,2026-08-26T10:41:26-04:00
https://www.mass.gov/doc/dcs-info-22-124a-apprenticeship-issuance-17-07302021/download,2026-08-26T10:41:26-04:00
https://www.mass.gov/doc/dcs-info-14-416-working-recovery-a-virtual-symposium-on-why-employment-is-pivotal-to-sustained-addiction-recovery-registration-announcement/download,2026-08-26T10:41:26-04:00
https://www.mass.gov/doc/dcs-info-36-100-massachusetts-virtual-job-fair-outreach-materials/download,2026-08-26T10:41:26-04:00
https://www.mass.gov/doc/dcs-info-36-100a-flyer-english/download,2026-08-26T10:41:26-04:00
https://www.mass.gov/doc/dcs-info-36-100b-flyer-spanish/download,2026-08-26T10:41:26-04:00
https://www.mass.gov/doc/dcs-info-36-100c-social-media-graphics/download,2026-08-26T10:41:26-04:00
https://www.mass.gov/doc/archive-rhoc-february-2021-meeting-minutes/download,2026-08-26T23:13:44-04:00
https://www.mass.gov/doc/archive-restrictive-housing-report-april-2021/download,2026-08-26T23:12:38-04:00
https://www.mass.gov/doc/dcs-policy-08-124-jobquest-connect-with-a-career-coach/download,2026-08-26T10:38:52-04:00
https://www.mass.gov/doc/dcs-policy-08-124a-connect-to-career-coach-plan-template/download,2026-08-26T10:41:26-04:00
https://www.mass.gov/doc/dcs-info-14-417-masshire-career-center-staff-training-sessions-september-december-2021/download,2026-08-26T10:41:26-04:00
https://www.mass.gov/doc/dcs-policy-08-125-american-sign-language-services-revised/download,2026-08-26T10:38:52-04:00
https://www.mass.gov/doc/dcs-info-02-137-moses-version-378-will-be-released-on-september-3rd-2021/download,2026-08-26T10:41:26-04:00
https://www.mass.gov/doc/dcs-info-31-115-masshire-awards-finalists-workshop-series-2021/download,2026-08-26T10:41:26-04:00
https://www.mass.gov/doc/dcs-info-14-418-voice-of-experience-youth-work-experience-workforcegps-webinar/download,2026-08-26T10:41:26-04:00
https://www.mass.gov/doc/dcs-policy-24-100-1-recruitment-solutions-initiative-rsi-revised/download,2026-08-26T10:41:26-04:00
https://www.mass.gov/doc/dcs-policy-24-100-1a-rsi-standard-operating-procedure-guidance-revised/download,2026-08-26T10:41:26-04:00
https://www.mass.gov/doc/dcs-policy-24-100-1b-rsi-quick-reference-guide/download,2026-08-26T10:41:26-04:00
https://www.mass.gov/doc/dcs-policy-24-100-1c-rsi-flow-chart-new/download,2026-08-26T10:41:26-04:00
https://www.mass.gov/doc/dcs-policy-24-100-1d-rsi-service-level-agreement-new/download,2026-08-26T10:41:26-04:00
https://www.mass.gov/doc/berkshire-reb-fy22-pv/download,2026-08-26T10:41:26-04:00
https://www.mass.gov/doc/cape-cod-islands-wib-fy22-pv/download,2026-08-26T10:38:52-04:00
https://www.mass.gov/doc/partnership-for-a-skilled-workforce-fy22-pv/download,2026-08-26T10:40:49-04:00
https://www.mass.gov/doc/massachusetts-reb-fy22-pv/download,2026-08-26T10:38:52-04:00
https://www.mass.gov/doc/homeless-veterans-reintegration-program/download,2026-08-26T10:38:52-04:00
https://www.mass.gov/doc/dcs-info-28-101-work-opportunity-tax-credit-wotc-quick-reference-guide-available/download,2026-08-26T10:38:52-04:00
https://www.mass.gov/doc/dcs-info-14-419-new-users-of-careeronestop-workforcegps-webinar/download,2026-08-26T10:40:49-04:00
https://www.mass.gov/doc/dcs-policy-09-100-validation-of-wage-data-for-federal-performance-reporting/download,2026-08-26T10:38:52-04:00
https://www.mass.gov/doc/dcs-policy-23-104-1-initial-resea-and-resea-reviews-delivery-and-documentation-through-electronicvirtual-means/download,2026-08-26T10:40:49-04:00
https://www.mass.gov/doc/dcs-info-14-420-latinos-and-an-equitable-labor-market-virtual-forum/download,2026-08-26T10:40:49-04:00
https://www.mass.gov/doc/dcs-info-14-421-trainingpro-enhancements-training/download,2026-08-26T10:40:49-04:00
https://www.mass.gov/doc/dcs-info-14-422-jobquest-enhancements-demonstration-and-training/download,2026-08-26T10:40:49-04:00
https://www.mass.gov/doc/dcs-info-14-423-unemployment-insurance-and-unemployment-insurance-online-navigation-training-modules-for-level-i-and-level-2-staff/download,2026-08-26T10:40:49-04:00
https://www.mass.gov/doc/dcs-info-02-138-moses-version-379-will-be-released-on-tuesday-october-19-2021/download,2026-08-26T10:40:49-04:00
https://www.mass.gov/doc/dcs-info-02-139-jobquest-automated-attendance/download,2026-08-26T10:40:49-04:00
https://www.mass.gov/doc/dcs-info-02-139a-webex-meeting-cheat-sheet/download,2026-08-26T10:40:49-04:00
https://www.mass.gov/doc/dcs-info-25-225-early-education-and-out-of-school-eeost-capital-fund-round-fy22-funding-announcement/download,2026-08-26T10:40:49-04:00
https://www.mass.gov/doc/dcs-info-25-225a-funding-announcement/download,2026-08-26T10:40:49-04:00
https://www.mass.gov/doc/mdcs-dor-recruitment-flyer/download,2026-08-26T10:40:49-04:00
https://www.mass.gov/doc/mdcs-trainingpro-student-template/download,2026-08-26T10:40:49-04:00
https://www.mass.gov/doc/mdcs-trainingpro-enhancements/download,2026-08-26T10:40:49-04:00
https://www.mass.gov/doc/dcs-info-14-424-able-remote-employment-skills-training-program/download,2026-08-26T10:40:49-04:00
https://www.mass.gov/doc/dcs-info-14-425-accenture-instructor-led-workshops-for-masshire-customers/download,2026-08-26T10:40:49-04:00
https://www.mass.gov/doc/dcs-info-14-425a-accenture-instructor-led-workshops-offerings-flyer/download,2026-08-26T10:40:49-04:00
https://www.mass.gov/doc/dcs-info-14-425b-accenture-instructor-led-workshops-descriptions-for-masshire-customers/download,2026-08-26T10:40:49-04:00
https://www.mass.gov/doc/dcs-info-14-426-department-of-public-health-memo-regarding-cna-training-provider-from-american-red-cross-to-prometric/download,2026-08-26T10:40:49-04:00
https://www.mass.gov/doc/dcs-info-14-426a-dph-memo/download,2026-08-26T10:40:49-04:00
https://www.mass.gov/doc/dcs-info-14-427-employment-network-en-for-workforce-systems-workforcegps-webinars/download,2026-08-26T10:40:49-04:00
https://www.mass.gov/doc/dcs-info-25-226-request-for-proposals-bridges-to-college-fy22/download,2026-08-26T10:40:49-04:00
https://www.mass.gov/doc/dcs-info-25-226a-commbuys-document-bd-22-1088-rgt01-rgt01-67869-instructions-and-guidance/download,2026-08-26T10:40:49-04:00
https://www.mass.gov/doc/dcs-info-09-124-fy2021-career-center-performance-reports-quarter-ending-june-30-2021/download,2026-08-26T10:40:49-04:00
https://www.mass.gov/doc/dcs-info-09-124a-tab00-table-of-contents/download,2026-08-26T10:40:49-04:00
https://www.mass.gov/doc/dcs-info-09-124b-tab01-executive-summary/download,2026-08-26T10:40:49-04:00
https://www.mass.gov/doc/dcs-info-09-124c-tab02-employer-summary/download,2026-08-26T10:40:49-04:00
https://www.mass.gov/doc/dcs-info-09-124d-tab03-job-seeker-summary/download,2026-08-26T10:40:49-04:00
https://www.mass.gov/doc/dcs-info-09-124e-tab04-veteran-summary/download,2026-08-26T10:40:49-04:00
https://www.mass.gov/doc/dcs-info-09-124f-tab05-res-summary/download,2026-08-26T10:40:49-04:00
https://www.mass.gov/doc/dcs-info-09-124g-tab06-title-i-adults-and-dislocated-worker-summary/download,2026-08-26T10:38:52-04:00
https://www.mass.gov/doc/dcs-info-09-124h-tab07-title-i-youth-summary/download,2026-08-26T10:38:52-04:00
https://www.mass.gov/doc/dcs-info-09-124i-tab08-national-dislocated-worker-grants-summary/download,2026-08-26T10:40:49-04:00
https://www.mass.gov/doc/dcs-info-09-124j-tab09-trade-summary/download,2026-08-26T10:40:49-04:00
https://www.mass.gov/doc/dcs-info-09-124k-tab10-labor-exchange-vets-resea-performance-summary/download,2026-08-26T10:40:49-04:00
https://www.mass.gov/doc/dcs-info-09-124l-tab11-title-i-performance/download,2026-08-26T10:40:49-04:00
https://www.mass.gov/doc/dcs-info-09-124m-tab12-trade-performance-summary/download,2026-08-26T10:40:49-04:00
https://www.mass.gov/doc/dcs-info-09-124n-tab13-performance-cohorts/download,2026-08-26T10:40:49-04:00
https://www.mass.gov/doc/dcs-info-02-140-moses-version-380-will-be-released-on-tuesday-november-9-2021/download,2026-08-26T10:40:49-04:00
https://www.mass.gov/doc/dcs-info-14-428-texas-taadw-co-enrollment-policy-a-real-world-solution-that-works-workforcegps-webinars/download,2026-08-26T10:40:49-04:00
https://www.mass.gov/doc/archive-law-enforcement-body-camera-task-force-upcoming-meetings-11821/download,2026-08-26T11:53:27-04:00
https://www.mass.gov/doc/dcs-info-14-429-executive-office-of-elder-affairs-eoea-notice-of-personal-and-home-care-aide-state-training-phcast-online/download,2026-08-26T10:40:49-04:00
https://www.mass.gov/doc/dcs-info-14-429a-phcast-online-communications-and-outreach-toolkit/download,2026-08-26T10:40:49-04:00
https://www.mass.gov/doc/mdcs-mcpactivities/download,2026-08-26T10:38:52-04:00
https://www.mass.gov/doc/mdcs-mcpdemographics/download,2026-08-26T10:38:52-04:00
https://www.mass.gov/doc/mdcs-mcpemployments/download,2026-08-26T10:38:52-04:00
https://www.mass.gov/doc/mdcs-mcptrngenrollments/download,2026-08-26T10:38:52-04:00
https://www.mass.gov/doc/dcs-info-14-422a-jobquest-enhancements-qa-document/download,2026-08-26T10:40:49-04:00
https://www.mass.gov/doc/dcs-policy-10-105-masshire-department-of-career-services-field-management-and-oversight-fiscal-year-2022-monitoring-review-of-the-masshire-workforce-boards/download,2026-08-26T10:38:52-04:00
https://www.mass.gov/doc/dcs-policy-17-106-masshire-workforce-board-career-center-oversight-and-monitoring-requirements/download,2026-08-26T10:38:52-04:00
https://www.mass.gov/doc/archive-rhoc-october-2021-minutes/download,2026-08-26T23:15:28-04:00
https://www.mass.gov/doc/archive-rhoc-august-2021-minutes/download,2026-08-26T23:13:09-04:00
https://www.mass.gov/doc/dcs-info-14-430-offshore-wind-professional-certificate-scholarship-announcement/download,2026-08-26T10:40:49-04:00
https://www.mass.gov/doc/dcs-info-14-430a-scholarship-announcement-flyer/download,2026-08-26T10:40:49-04:00
https://www.mass.gov/doc/dcs-info-14-431-free-construction-training-opportunity/download,2026-08-26T10:40:49-04:00
https://www.mass.gov/doc/dcs-info-14-431a-training-flyer-and-wctf-participant-registration-form/download,2026-08-26T10:40:49-04:00
https://www.mass.gov/doc/fy22-berkshire-reb-initial-budget/download,2026-08-26T10:40:13-04:00
https://www.mass.gov/doc/fy22-brockton-budget-2/download,2026-08-26T10:40:13-04:00
https://www.mass.gov/doc/fy22-cape-cod-wib-initial-budget/download,2026-08-26T10:40:13-04:00
https://www.mass.gov/doc/fy22-city-of-quincy-budget-2/download,2026-08-26T10:40:13-04:00
https://www.mass.gov/doc/fy22-fall-river-budget-2/download,2026-08-26T10:40:13-04:00
https://www.mass.gov/doc/fy22-franklin-hampshire-budget-2/download,2026-08-26T10:40:13-04:00
https://www.mass.gov/doc/fy22-hampden-budget-2/download,2026-08-26T10:40:13-04:00
https://www.mass.gov/doc/fy22-lawrence-budget-2/download,2026-08-26T10:40:13-04:00
https://www.mass.gov/doc/fy22-lowell-budget-2/download,2026-08-26T10:40:13-04:00
https://www.mass.gov/doc/fy22-mass-regional-initial-budget/download,2026-08-26T10:40:13-04:00
https://www.mass.gov/doc/fy22-metro-north-reb-budget-2/download,2026-08-26T10:40:13-04:00
https://www.mass.gov/doc/fy22-new-bedford-budget-2/download,2026-08-26T10:40:13-04:00
https://www.mass.gov/doc/fy22-north-central-budget-2/download,2026-08-26T10:40:13-04:00
https://www.mass.gov/doc/fy22-north-shore-budget-2/download,2026-08-26T10:40:13-04:00
https://www.mass.gov/doc/fy22-partnership-skilled-workforce-initial-budget/download,2026-08-26T10:40:13-04:00
https://www.mass.gov/doc/fy22-worcester-budget-2/download,2026-08-26T10:40:13-04:00
https://www.mass.gov/doc/fy22-berkshire-training-budget-2/download,2026-08-26T10:40:13-04:00
https://www.mass.gov/doc/fy22-berkshire-training-budget-5/download,2026-08-26T10:40:13-04:00
https://www.mass.gov/doc/fy22-brockton-budget-5/download,2026-08-26T10:40:13-04:00
https://www.mass.gov/doc/fy22-city-of-quincy-budget-5/download,2026-08-26T10:40:13-04:00
https://www.mass.gov/doc/fy22-edic-budget-5/download,2026-08-26T10:40:13-04:00
https://www.mass.gov/doc/fy22-fall-river-budget-5/download,2026-08-26T10:40:13-04:00
https://www.mass.gov/doc/fy22-franklin-hampshire-budget-5/download,2026-08-26T10:40:13-04:00
https://www.mass.gov/doc/fy22-hampden-budget-5/download,2026-08-26T10:40:13-04:00
https://www.mass.gov/doc/fy22-jtec-budget-5/download,2026-08-26T10:40:13-04:00
https://www.mass.gov/doc/fy22-lawrence-budget-6/download,2026-08-26T10:40:13-04:00
https://www.mass.gov/doc/fy22-lowell-budget-5/download,2026-08-26T10:40:13-04:00
https://www.mass.gov/doc/fy22-metro-north-reb-budget-6/download,2026-08-26T10:40:13-04:00
https://www.mass.gov/doc/fy22-metro-southwest-budget-6/download,2026-08-26T10:40:13-04:00
https://www.mass.gov/doc/fy22-new-bedford-budget-6/download,2026-08-26T10:40:13-04:00
https://www.mass.gov/doc/fy22-north-central-budget-5/download,2026-08-26T10:40:13-04:00
https://www.mass.gov/doc/fy22-north-shore-budget-5/download,2026-08-26T10:40:13-04:00
https://www.mass.gov/doc/fy22-worcester-budget-6/download,2026-08-26T10:40:13-04:00
https://www.mass.gov/doc/fy22-city-of-quincy-budget-4/download,2026-08-26T10:40:13-04:00
https://www.mass.gov/doc/fy22-north-central-budget-4/download,2026-08-26T10:40:13-04:00
https://www.mass.gov/doc/fy22-north-shore-budget-4/download,2026-08-26T10:40:13-04:00
https://www.mass.gov/doc/fy22-berkshire-training-budget-4/download,2026-08-26T10:40:13-04:00
https://www.mass.gov/doc/fy22-brockton-budget-4/download,2026-08-26T10:40:13-04:00
https://www.mass.gov/doc/fy22-edic-budget-4/download,2026-08-26T10:40:13-04:00
https://www.mass.gov/doc/fy22-fall-river-budget-4/download,2026-08-26T10:40:13-04:00
https://www.mass.gov/doc/fy22-franklin-hampshire-budget-4/download,2026-08-26T10:40:13-04:00
https://www.mass.gov/doc/fy22-hampden-budget-4/download,2026-08-26T10:40:13-04:00
https://www.mass.gov/doc/fy22-jtec-budget-4/download,2026-08-26T10:40:13-04:00
https://www.mass.gov/doc/fy22-lawrence-budget-5/download,2026-08-26T10:40:13-04:00
https://www.mass.gov/doc/fy22-lowell-budget-4/download,2026-08-26T10:40:13-04:00
https://www.mass.gov/doc/fy22-metro-north-reb-budget-5/download,2026-08-26T10:40:13-04:00
https://www.mass.gov/doc/fy22-metro-southwest-budget-5/download,2026-08-26T10:39:36-04:00
https://www.mass.gov/doc/fy22-worcester-budget-5/download,2026-08-26T10:39:36-04:00
https://www.mass.gov/doc/fy22-metro-north-reb-budget-3/download,2026-08-26T10:39:36-04:00
https://www.mass.gov/doc/fy22-metro-southwest-budget-4/download,2026-08-26T10:39:36-04:00
https://www.mass.gov/doc/fy22-new-bedford-budget-4/download,2026-08-26T10:39:36-04:00
https://www.mass.gov/doc/fy22-worcester-budget-4/download,2026-08-26T10:39:36-04:00
https://www.mass.gov/doc/fy22-metro-southwest-budget-2/download,2026-08-26T10:39:36-04:00
https://www.mass.gov/doc/fy21-edic-budget-19/download,2026-08-26T10:39:36-04:00
https://www.mass.gov/doc/fy21-berkshire-training-budget-18/download,2026-08-26T10:39:36-04:00
https://www.mass.gov/doc/fy22-city-of-quincy-budget-3/download,2026-08-26T10:39:36-04:00
https://www.mass.gov/doc/fy22-lawrence-budget-4/download,2026-08-26T10:39:36-04:00
https://www.mass.gov/doc/fy22-berkshire-training-budget-3/download,2026-08-26T10:39:36-04:00
https://www.mass.gov/doc/fy22-brockton-budget-3/download,2026-08-26T10:39:36-04:00
https://www.mass.gov/doc/fy22-edic-budget-3/download,2026-08-26T10:39:36-04:00
https://www.mass.gov/doc/fy22-fall-river-budget-3/download,2026-08-26T10:39:36-04:00
https://www.mass.gov/doc/fy22-franklin-hampshire-budget-3/download,2026-08-26T10:39:36-04:00
https://www.mass.gov/doc/fy22-hampden-budget-3/download,2026-08-26T10:39:36-04:00
https://www.mass.gov/doc/fy22-jtec-budget-3/download,2026-08-26T10:39:36-04:00
https://www.mass.gov/doc/fy22-lawrence-budget-3/download,2026-08-26T10:39:36-04:00
https://www.mass.gov/doc/fy22-lowell-budget-3/download,2026-08-26T10:39:36-04:00
https://www.mass.gov/doc/fy22-metro-southwest-budget-3/download,2026-08-26T10:39:36-04:00
https://www.mass.gov/doc/fy22-new-bedford-budget-3/download,2026-08-26T10:39:36-04:00
https://www.mass.gov/doc/fy22-north-central-budget-3/download,2026-08-26T10:39:36-04:00
https://www.mass.gov/doc/fy22-north-shore-budget-3/download,2026-08-26T10:39:36-04:00
https://www.mass.gov/doc/fy22-worcester-budget-3/download,2026-08-26T10:39:36-04:00
https://www.mass.gov/doc/mdcs-mcpenrollments/download,2026-08-26T10:38:52-04:00
https://www.mass.gov/doc/mdcs-mcpreferrals/download,2026-08-26T10:38:52-04:00
https://www.mass.gov/doc/fy21-lowell-budget-21/download,2026-08-26T10:39:36-04:00
https://www.mass.gov/doc/fy21-city-of-quincy-budget-18/download,2026-08-26T10:39:36-04:00
https://www.mass.gov/doc/fy21-lower-merrimac-budget-22/download,2026-08-26T10:39:36-04:00
https://www.mass.gov/doc/dcs-jp-info-01-2021-massstep-november-quarterly-newsletter/download,2026-08-26T10:39:36-04:00
https://www.mass.gov/doc/dcs-jp-info-01-2021a-massstep-quarterly-newsletter/download,2026-08-26T10:39:36-04:00
https://www.mass.gov/doc/dcs-info-19-115-promoting-access-to-work-experiences-and-employment-for-youth-and-young-adults-with-intellectual-andor-developmental-disabilities/download,2026-08-26T10:39:36-04:00
https://www.mass.gov/doc/dcs-info-19-115a-guidance-for-promoting-access-to-work-experiences-and-employment-for-youth-and-young-adults-with-intellectual-and-developmental-disabilities-idd/download,2026-08-26T10:39:36-04:00
https://www.mass.gov/doc/dcs-info-19-115b-definitions-and-resources/download,2026-08-26T10:39:36-04:00
https://www.mass.gov/doc/archive-october-27-2021-etrcc-meeting-minutes-and-materials/download,2026-08-26T15:00:50-04:00
https://www.mass.gov/doc/dcs-policy-17-107-masshire-workforce-board-certification-guidance-cy22-24/download,2026-08-26T10:39:36-04:00
https://www.mass.gov/doc/dcs-info-09-125-fy2022-career-center-performance-reports-quarter-ending-september-30-2021/download,2026-08-26T10:39:36-04:00
https://www.mass.gov/doc/dcs-info-09-125a-tab00-table-of-contents/download,2026-08-26T10:39:36-04:00
https://www.mass.gov/doc/dcs-info-09-125b-tab01-executive-summary/download,2026-08-26T10:39:36-04:00
https://www.mass.gov/doc/dcs-info-09-125c-tab02-employer-summary/download,2026-08-26T10:39:36-04:00
https://www.mass.gov/doc/dcs-info-09-125d-tab03-job-seeker-summary/download,2026-08-26T10:39:36-04:00
https://www.mass.gov/doc/dcs-info-09-125e-tab04-veteran-summary/download,2026-08-26T10:39:36-04:00
https://www.mass.gov/doc/dcs-info-09-125f-tab05-res-summary/download,2026-08-26T10:39:36-04:00
https://www.mass.gov/doc/dcs-info-09-125g-tab06-title-i-adults-and-dislocated-worker-summary/download,2026-08-26T10:38:52-04:00
https://www.mass.gov/doc/dcs-info-09-125h-tab07-title-i-youth-summary/download,2026-08-26T10:38:52-04:00
https://www.mass.gov/doc/dcs-info-09-125i-tab08-national-dislocated-worker-grants-summary/download,2026-08-26T10:39:36-04:00
https://www.mass.gov/doc/dcs-info-09-125j-tab09-trade-summary/download,2026-08-26T10:39:36-04:00
https://www.mass.gov/doc/dcs-info-09-125k-tab10-labor-exchange-vets-resea-performance-summary/download,2026-08-26T10:39:36-04:00
https://www.mass.gov/doc/dcs-info-09-125l-tab11-title-i-performance/download,2026-08-26T10:39:36-04:00
https://www.mass.gov/doc/dcs-info-09-125m-tab12-trade-performance-summary/download,2026-08-26T10:39:36-04:00
https://www.mass.gov/doc/dcs-info-09-125n-tab13-performance-cohorts/download,2026-08-26T10:38:52-04:00
https://www.mass.gov/doc/archive-lebwc-12721-task-force-meeting-minutes/download,2026-08-26T12:35:52-04:00
https://www.mass.gov/doc/archive-law-enforcement-body-camera-agenda-101221/download,2026-08-26T11:52:51-04:00
https://www.mass.gov/doc/dcs-info-14-432-mass-workforce-association-workshop-series-growing-equity-building-a-more-inclusive-and-just-workforce-system/download,2026-08-26T10:38:04-04:00
https://www.mass.gov/doc/dcs-info-14-432a-mwa-workshop-series-detail-and-registration-links/download,2026-08-26T10:38:04-04:00
https://www.mass.gov/doc/dcs-info-14-433-technical-assistance-to-meet-equity-goals-in-wioa-youth-programs-workforcegps-webinar/download,2026-08-26T10:38:04-04:00
https://www.mass.gov/doc/14-434-training-to-administer-on-the-job-training-ojt/download,2026-08-26T10:38:04-04:00
https://www.mass.gov/doc/dcs-info-13-118-trade-adjustment-assistance-mileage-reimbursement-rate-change/download,2026-08-26T10:38:04-04:00
https://www.mass.gov/doc/dcs-policy-13-119-overpayments-related-to-trade-adjustment-assistance-program-benefits-taa-benefits/download,2026-08-26T10:38:04-04:00
https://www.mass.gov/doc/dcs-policy-13-119a-request-for-a-waiver-of-taa-overpayment-form/download,2026-08-26T10:38:04-04:00
https://www.mass.gov/doc/dcs-policy-36-100-mediapress/download,2026-08-26T10:38:04-04:00
https://www.mass.gov/doc/dcs-policy-10-100-3-required-posters-for-display-in-american-job-centersone-stop-career-centers-and-sub-recipient-offices/download,2026-08-26T10:38:04-04:00
https://www.mass.gov/doc/archive-lgbtqi-commission-meeting-minutes-10272021/download,2026-08-26T12:36:25-04:00
https://www.mass.gov/doc/dcs-info-14-435-taadw-co-enrollment-its-the-law-and-its-doable-part-2-workforcegps-webinars/download,2026-08-26T10:38:04-04:00
https://www.mass.gov/doc/dcs-info-25-227-funding-opportunity-homeless-veterans-reintegration-program-hvrp-incarcerated-veterans-transition-program-ivtp-and-the-homeless-female-veterans-and-veterans-with-children-program-hfvvwc-referred-to-collectively-as-hvrp/download,2026-08-26T10:38:04-04:00
https://www.mass.gov/doc/dcs-info-25-227a-funding-announcement/download,2026-08-26T10:38:04-04:00
https://www.mass.gov/doc/dcs-info-14-436-bristol-community-college-cna-training-program-available/download,2026-08-26T10:38:04-04:00
https://www.mass.gov/doc/dcs-info-14-436a-southeast-region-6-workforce-board-flyer/download,2026-08-26T10:38:04-04:00
https://www.mass.gov/doc/dcs-policy-10-106-data-element-validation-for-fy-2022/download,2026-08-26T10:27:05-04:00
https://www.mass.gov/doc/dcs-info-05-171-commonwealth-corporation-leadership-positions-announced/download,2026-08-26T10:38:04-04:00
https://www.mass.gov/doc/dcs-info-05-171a-commonwealth-corporation-social-media-kit/download,2026-08-26T10:38:04-04:00
https://www.mass.gov/doc/dcs-info-14-437-personal-care-assistant-pca-tool-kit-and-resources/download,2026-08-26T10:38:04-04:00
https://www.mass.gov/doc/dcs-policy-13-120-alternativereemployment-trade-adjustment-assistance-programs/download,2026-08-26T10:27:05-04:00
https://www.mass.gov/doc/dcs-info-14-438-umass-asphalt-training-program-through-the-umass-transportation-center/download,2026-08-26T10:38:04-04:00
https://www.mass.gov/doc/dcs-info-14-438a-asphalt-academy-flyer/download,2026-08-26T10:38:04-04:00
https://www.mass.gov/doc/dcs-info-14-439-work-based-learning-guidelines-for-youth-frequently-asked-questions-webinar/download,2026-08-26T10:38:04-04:00
https://www.mass.gov/doc/dcs-info-14-440-department-of-public-health-qpr-suicide-prevention-training/download,2026-08-26T10:38:04-04:00
https://www.mass.gov/doc/dcs-jpp-01-2022-fy22-wioa-state-partner-infrastructure-contributions/download,2026-08-26T10:38:04-04:00
https://www.mass.gov/doc/dcs-jpp-01-2022a-adult-community-learning-services-acls/download,2026-08-26T10:38:04-04:00
https://www.mass.gov/doc/dcs-jpp-01-2022b-department-of-transitional-assistance-dta/download,2026-08-26T10:38:04-04:00
https://www.mass.gov/doc/dcs-jpp-01-2022b1-fy21-fy22-work-participant-program-expansion-allocation-snap/download,2026-08-26T10:38:04-04:00
https://www.mass.gov/doc/dcs-jpp-01-2022b2-fy22-fy23-work-participant-program-expansion-allocations-snap/download,2026-08-26T10:37:27-04:00
https://www.mass.gov/doc/dcs-jpp-01-2022c-massachusetts-commission-for-the-blind-mcb/download,2026-08-26T10:37:27-04:00
https://www.mass.gov/doc/dcs-jpp-01-2022d-massachusetts-rehabilitation-commission-mrc/download,2026-08-26T10:37:27-04:00
https://www.mass.gov/doc/mdcs-moses-102-business-services-manual-2020/download,2026-08-26T10:37:27-04:00
https://www.mass.gov/doc/mdcs-moses-103-career-planning-manual/download,2026-08-26T10:27:05-04:00
https://www.mass.gov/doc/fy21-lowell-budget-22/download,2026-08-26T10:37:27-04:00
https://www.mass.gov/doc/fy22-berkshire-training-budget-6/download,2026-08-26T10:37:27-04:00
https://www.mass.gov/doc/fy22-berkshire-training-budget-7/download,2026-08-26T10:37:27-04:00
https://www.mass.gov/doc/fy22-berkshire-training-budget-8/download,2026-08-26T10:37:27-04:00
https://www.mass.gov/doc/fy22-berkshire-training-budget-9/download,2026-08-26T10:37:27-04:00
https://www.mass.gov/doc/fy22-brockton-budget-6/download,2026-08-26T10:37:27-04:00
https://www.mass.gov/doc/dcs-info-31-116-masshire-awards-2022/download,2026-08-26T10:35:22-04:00
https://www.mass.gov/doc/dcs-info-05-172-fbi-public-service-announcement-scammers-exploit-security-weaknesses-on-job-recruitment-websites/download,2026-08-26T10:37:27-04:00
https://www.mass.gov/doc/dcs-info-05-172a-fbi-alert-number-i-020122-psa/download,2026-08-26T10:37:27-04:00
https://www.mass.gov/doc/fy22-brockton-budget-7/download,2026-08-26T10:37:27-04:00
https://www.mass.gov/doc/fy22-brockton-budget-8/download,2026-08-26T10:37:27-04:00
https://www.mass.gov/doc/fy22-city-of-quincy-budget-6/download,2026-08-26T10:37:27-04:00
https://www.mass.gov/doc/fy22-city-of-quincy-budget-7/download,2026-08-26T10:37:27-04:00
https://www.mass.gov/doc/fy22-city-of-quincy-budget-8/download,2026-08-26T10:37:27-04:00
https://www.mass.gov/doc/fy22-edic-budget-6/download,2026-08-26T10:37:27-04:00
https://www.mass.gov/doc/fy22-edic-budget-7/download,2026-08-26T10:37:27-04:00
https://www.mass.gov/doc/fy22-edic-budget-8/download,2026-08-26T10:37:27-04:00
https://www.mass.gov/doc/fy22-fall-river-budget-6/download,2026-08-26T10:37:27-04:00
https://www.mass.gov/doc/fy22-fall-river-budget-7/download,2026-08-26T10:37:27-04:00
https://www.mass.gov/doc/fy22-fall-river-budget-8/download,2026-08-26T10:37:27-04:00
https://www.mass.gov/doc/fy22-franklin-hampshire-budget-6/download,2026-08-26T10:37:27-04:00
https://www.mass.gov/doc/fy22-franklin-hampshire-budget-7/download,2026-08-26T10:37:27-04:00
https://www.mass.gov/doc/fy22-franklin-hampshire-budget-8/download,2026-08-26T10:37:27-04:00
https://www.mass.gov/doc/fy22-hampden-budget-6/download,2026-08-26T10:37:27-04:00
https://www.mass.gov/doc/fy22-hampden-budget-7/download,2026-08-26T10:37:27-04:00
https://www.mass.gov/doc/fy22-hampden-budget-8/download,2026-08-26T10:37:27-04:00
https://www.mass.gov/doc/fy22-hampden-budget-9/download,2026-08-26T10:37:27-04:00
https://www.mass.gov/doc/fy22-jtec-budget-2/download,2026-08-26T10:37:27-04:00
https://www.mass.gov/doc/fy22-jtec-budget-6/download,2026-08-26T10:37:27-04:00
https://www.mass.gov/doc/fy22-jtec-budget-7/download,2026-08-26T10:37:27-04:00
https://www.mass.gov/doc/fy22-jtec-budget-8/download,2026-08-26T10:37:27-04:00
https://www.mass.gov/doc/fy22-jtec-budget-9/download,2026-08-26T10:37:27-04:00
https://www.mass.gov/doc/dcs-info-20-103-estimated-fiscal-year-2023-wioa-title-i-allotments/download,2026-08-26T10:37:27-04:00
https://www.mass.gov/doc/dcs-info-20-103a-estimated-fiscal-year-2023-state-wioa-title-i-program-allotments/download,2026-08-26T10:37:27-04:00
https://www.mass.gov/doc/dcs-info-20-103b-estimated-fiscal-year-2023-local-program-hold-harmless-allocations/download,2026-08-26T10:37:27-04:00
https://www.mass.gov/doc/dcs-jpi-01-2022/download,2026-08-26T10:37:27-04:00
https://www.mass.gov/doc/dcs-jpp-02-2022-fy2022-adult-and-community-learning-services-adult-career-pathway-funds/download,2026-08-26T10:37:27-04:00
https://www.mass.gov/doc/dcs-jpp-02-2022a-fy2022-adult-and-community-learning-services-adult-career-pathways-funds/download,2026-08-26T10:37:27-04:00
https://www.mass.gov/doc/mdcs-commonwealth-of-massachusetts-career-information-session-march-16-2022/download,2026-08-26T10:37:27-04:00
https://www.mass.gov/doc/archive-january-20-2022-etrcc-meeting-minutes-and-meeting-materials/download,2026-08-26T11:22:01-04:00
https://www.mass.gov/doc/archive-restrictive-housing-oversight-committee-agenda-21722/download,2026-08-26T23:11:25-04:00
https://www.mass.gov/doc/dcs-info-02-141-moses-version-400-will-be-released-on-wednesday-march-2-2022/download,2026-08-26T10:37:27-04:00
https://www.mass.gov/doc/archive-law-enforcement-body-worn-camera-task-force-agenda-22222/download,2026-08-26T12:35:20-04:00
https://www.mass.gov/doc/dcs-info-19-116-mental-health-needs-of-youth-employment-programs-national-youth-employment-coalition-survey/download,2026-08-26T10:37:27-04:00
https://www.mass.gov/doc/mdcs-referrals-by-job-order-crystal-report/download,2026-08-26T10:37:27-04:00
https://www.mass.gov/doc/dcs-info-14-441-webcast-posted-labor-trafficking-in-us-agriculture-information-to-help-es-staff-respond-to-potential-trafficking/download,2026-08-26T10:37:27-04:00
https://www.mass.gov/doc/dcs-info-09-126-fy2022-career-center-performance-reports-quarter-ending-december-31-2021/download,2026-08-26T10:36:50-04:00
https://www.mass.gov/doc/dcs-info-09-126a-tab00-table-of-contents/download,2026-08-26T10:36:50-04:00
https://www.mass.gov/doc/dcs-info-09-126b-tab01-executive-summary/download,2026-08-26T10:36:50-04:00
https://www.mass.gov/doc/dcs-info-09-126c-tab02-employer-summary/download,2026-08-26T10:36:50-04:00
https://www.mass.gov/doc/dcs-info-09-126d-tab03-job-seeker-summary/download,2026-08-26T10:36:50-04:00
https://www.mass.gov/doc/dcs-info-09-126e-tab04-veteran-summary/download,2026-08-26T10:36:50-04:00
https://www.mass.gov/doc/dcs-info-09-126f-tab05-res-summary/download,2026-08-26T10:36:50-04:00
https://www.mass.gov/doc/dcs-info-09-126g-tab06-title-i-adults-and-dislocated-worker-summary/download,2026-08-26T10:36:50-04:00
https://www.mass.gov/doc/dcs-info-09-126h-tab07-title-i-youth-summary/download,2026-08-26T10:36:50-04:00
https://www.mass.gov/doc/dcs-info-09-126i-tab08-national-dislocated-worker-grants-summary/download,2026-08-26T10:36:50-04:00
https://www.mass.gov/doc/dcs-info-09-126j-tab09-trade-summary/download,2026-08-26T10:36:50-04:00
https://www.mass.gov/doc/dcs-info-09-126k-tab10-labor-exchange-vets-resea-performance-summary/download,2026-08-26T10:36:50-04:00
https://www.mass.gov/doc/dcs-info-09-126l-tab11-title-i-performance/download,2026-08-26T10:36:50-04:00
https://www.mass.gov/doc/dcs-info-09-126m-tab12-trade-performance-summary/download,2026-08-26T10:36:50-04:00
https://www.mass.gov/doc/dcs-info-09-126n-tab13-performance-cohorts/download,2026-08-26T10:36:50-04:00
https://www.mass.gov/doc/dcs-policy-23-100-2-reemployment-services-and-eligibility-assessment-resea-policy-and-procedures-manual/download,2026-08-26T10:36:50-04:00
https://www.mass.gov/doc/dcs-policy-21-102-1-oscc-roles-and-responsibilities-under-the-h-2b-recruitment-requirements/download,2026-08-26T10:36:50-04:00
https://www.mass.gov/doc/dcs-info-14-442-masshire-bizworks-staff-training-and-development-committee-tiered-business-services-training/download,2026-08-26T10:36:50-04:00
https://www.mass.gov/doc/fy22-brockton-budget-9/download,2026-08-26T10:36:50-04:00
https://www.mass.gov/doc/fy22-city-of-quincy-budget-9/download,2026-08-26T10:36:50-04:00
https://www.mass.gov/doc/fy22-edic-budget-9/download,2026-08-26T10:36:50-04:00
https://www.mass.gov/doc/fy22-fall-river-budget-9/download,2026-08-26T10:36:50-04:00
https://www.mass.gov/doc/fy22-franklin-hampshire-budget-9/download,2026-08-26T10:36:50-04:00
https://www.mass.gov/doc/fy22-hampden-budget-10/download,2026-08-26T10:36:50-04:00
https://www.mass.gov/doc/fy22-jtec-budget-10/download,2026-08-26T10:36:50-04:00
https://www.mass.gov/doc/fy22-lawrence-budget-10/download,2026-08-26T10:36:50-04:00
https://www.mass.gov/doc/fy22-lowell-budget-9/download,2026-08-26T10:36:50-04:00
https://www.mass.gov/doc/fy22-metro-north-reb-budget-10/download,2026-08-26T10:36:50-04:00
https://www.mass.gov/doc/fy22-metro-southwest-budget-10/download,2026-08-26T10:36:50-04:00
https://www.mass.gov/doc/fy22-new-bedford-budget-12/download,2026-08-26T10:36:50-04:00
https://www.mass.gov/doc/fy22-north-central-budget-9/download,2026-08-26T10:36:50-04:00
https://www.mass.gov/doc/fy22-north-shore-budget-10/download,2026-08-26T10:36:50-04:00
https://www.mass.gov/doc/fy22-worcester-budget-10/download,2026-08-26T10:36:50-04:00
https://www.mass.gov/doc/fy22-berkshire-training-budget-1/download,2026-08-26T10:36:50-04:00
https://www.mass.gov/doc/fy22-berkshire-training-initial-budget/download,2026-08-26T10:36:50-04:00
https://www.mass.gov/doc/fy22-edic-budget-1/download,2026-08-26T10:36:50-04:00
https://www.mass.gov/doc/fy22-edic-budget-2-1/download,2026-08-26T10:36:50-04:00
https://www.mass.gov/doc/fy22-edic-initial-budget/download,2026-08-26T10:36:50-04:00
https://www.mass.gov/doc/fy22-brockton-budget-1/download,2026-08-26T10:36:50-04:00
https://www.mass.gov/doc/fy22-brockton-initial-budget/download,2026-08-26T10:36:50-04:00
https://www.mass.gov/doc/fy22-fall-river-budget-1/download,2026-08-26T10:36:50-04:00
https://www.mass.gov/doc/fy22-fall-river-initial-budget/download,2026-08-26T10:36:50-04:00
https://www.mass.gov/doc/fy22-new-bedford-budget-1/download,2026-08-26T10:36:50-04:00
https://www.mass.gov/doc/fy22-new-bedford-initial-budget/download,2026-08-26T10:36:50-04:00
https://www.mass.gov/doc/fy22-franklin-hampshire-budget-1/download,2026-08-26T10:36:50-04:00
https://www.mass.gov/doc/fy22-franklin-hampshire-initial-budget/download,2026-08-26T10:36:50-04:00
https://www.mass.gov/doc/fy22-worcester-budget-1/download,2026-08-26T10:36:09-04:00
https://www.mass.gov/doc/fy22-worcester-initial-budget/download,2026-08-26T10:36:09-04:00
https://www.mass.gov/doc/fy22-hampden-budget-1/download,2026-08-26T10:36:09-04:00
https://www.mass.gov/doc/fy22-hampden-initial-budget/download,2026-08-26T10:36:09-04:00
https://www.mass.gov/doc/fy22-lawrence-budget-1/download,2026-08-26T10:36:09-04:00
https://www.mass.gov/doc/fy22-lawrence-initial-budget/download,2026-08-26T10:36:09-04:00
https://www.mass.gov/doc/fy22-lowell-budget-1/download,2026-08-26T10:36:09-04:00
https://www.mass.gov/doc/fy22-lowell-initial-budget/download,2026-08-26T10:36:09-04:00
https://www.mass.gov/doc/fy22-metro-north-reb-budget-1/download,2026-08-26T10:36:09-04:00
https://www.mass.gov/doc/fy22-metro-north-reb-budget-4/download,2026-08-26T10:36:09-04:00
https://www.mass.gov/doc/fy22-metro-north-reb-initial-budget/download,2026-08-26T10:36:09-04:00
https://www.mass.gov/doc/fy22-metro-southwest-budget-1/download,2026-08-26T10:36:09-04:00
https://www.mass.gov/doc/fy22-metro-southwest-initial-budget/download,2026-08-26T10:36:09-04:00
https://www.mass.gov/doc/fy22-north-central-budget-1/download,2026-08-26T10:36:09-04:00
https://www.mass.gov/doc/fy22-north-central-initial-budget/download,2026-08-26T10:36:09-04:00
https://www.mass.gov/doc/fy22-north-shore-budget-1/download,2026-08-26T10:36:09-04:00
https://www.mass.gov/doc/fy22-north-shore-initial-budget/download,2026-08-26T10:36:09-04:00
https://www.mass.gov/doc/fy22-city-of-quincy-budget-1/download,2026-08-26T10:36:09-04:00
https://www.mass.gov/doc/fy22-city-of-quincy-initial-budget/download,2026-08-26T10:36:09-04:00
https://www.mass.gov/doc/dcs-info-25-228-funding-opportunity-strengthening-community-colleges-training-grants-program/download,2026-08-26T10:36:09-04:00
https://www.mass.gov/doc/dcs-info-25-228a-funding-opportunity-announcement-eta-22-02/download,2026-08-26T10:36:09-04:00
https://www.mass.gov/doc/fy22-jtec-budget-1-fy22/download,2026-08-26T10:36:09-04:00
https://www.mass.gov/doc/fy22-jtec-initial-budget-fy22/download,2026-08-26T10:36:09-04:00
https://www.mass.gov/doc/fy22-new-bedford-budget-5/download,2026-08-26T10:36:09-04:00
https://www.mass.gov/doc/dcs-info-25-229-funding-opportunity-pathway-home-3/download,2026-08-26T10:36:09-04:00
https://www.mass.gov/doc/dcs-info-25-229a-funding-opportunity-announcement-eta-22-04/download,2026-08-26T10:36:09-04:00
https://www.mass.gov/doc/taa-performance-summary-june-30-2020/download,2026-08-26T10:36:09-04:00
https://www.mass.gov/doc/taa-performance-summary-september-30-2020/download,2026-08-26T10:36:09-04:00
https://www.mass.gov/doc/taa-performance-summary-december-31-2020/download,2026-08-26T10:36:09-04:00
https://www.mass.gov/doc/taa-performance-summary-march-31-2021/download,2026-08-26T10:36:09-04:00
https://www.mass.gov/doc/taa-performance-summary-june-30-2021/download,2026-08-26T10:36:09-04:00
https://www.mass.gov/doc/taa-performance-summary-september-30-2021/download,2026-08-26T10:36:09-04:00
https://www.mass.gov/doc/archive-law-enforcement-body-worn-camera-privacy-and-record-keeping-subcommittee-meeting-minutes-2122/download,2026-08-26T11:54:01-04:00
https://www.mass.gov/doc/dcs-info-25-230-funding-opportunity-growth-opportunities/download,2026-08-26T10:36:09-04:00
https://www.mass.gov/doc/dcs-info-25-230a-funding-opportunity-announcement-eta-22-03/download,2026-08-26T10:36:09-04:00
https://www.mass.gov/doc/archive-law-enforcement-body-worn-camera-drafting-subcommittee-agenda-21522/download,2026-08-26T11:54:56-04:00
https://www.mass.gov/doc/archive-law-enforcement-body-worn-camera-drafting-subcommittee-agenda-3822/download,2026-08-26T12:33:32-04:00
https://www.mass.gov/doc/dcs-policy-20-116-fy21-resea-performance-allocations/download,2026-08-26T10:27:05-04:00
https://www.mass.gov/doc/dcs-info-25-231-funding-opportunity-workforce-pathway-for-youth/download,2026-08-26T10:36:09-04:00
https://www.mass.gov/doc/dcs-info-25-231a-funding-opportunity-announcement-eta-22-07/download,2026-08-26T10:36:09-04:00
https://www.mass.gov/doc/dcs-info-14-443-conducting-and-leveraging-practical-aspects-of-evaluations-in-workforce-development-workforcegps-webinar/download,2026-08-26T10:36:09-04:00
https://www.mass.gov/doc/dcs-info-14-444-digital-inclusion-reaching-under-served-populations-part-2-how-to-make-it-happen-workforcegps-webinar/download,2026-08-26T10:36:09-04:00
https://www.mass.gov/doc/archive-law-enforcement-body-worn-camera-drafting-subcommittee-agenda-31522-0/download,2026-08-26T12:32:59-04:00
https://www.mass.gov/doc/dcs-policy-02-105-migrating-files-off-amazon-workspaces-aws/download,2026-08-26T10:36:09-04:00
https://www.mass.gov/doc/dcs-info-21-105-new-versions-of-mspa-certificates-of-registration-required-after-march-31-2022/download,2026-08-26T10:36:09-04:00
https://www.mass.gov/doc/dcs-info-21-105a-farm-labor-contractor-and-farm-labor-contractor-employee-certificates-of-registration-flyer/download,2026-08-26T10:36:09-04:00
https://www.mass.gov/doc/dcs-info-25-232-career-technical-initiative-adult-training-grant-round-6-posted/download,2026-08-26T10:36:09-04:00
https://www.mass.gov/doc/dcs-info-05-173-massachusetts-employer-poll-to-inform-workforce-strategies/download,2026-08-26T10:36:09-04:00
https://www.mass.gov/doc/mdcs-massbizworks-staff-training-development-tiered-training-module-5b-session-2-march-15-2022/download,2026-08-26T10:36:09-04:00
https://www.mass.gov/doc/archive-rhoc-september-2021-meeting-minutes-0/download,2026-08-26T23:16:56-04:00
https://www.mass.gov/doc/archive-rhoc-november-2021-meeting-minutes/download,2026-08-26T23:14:48-04:00
https://www.mass.gov/doc/archive-rhoc-february-2022-meeting-minutes/download,2026-08-26T23:14:16-04:00
https://www.mass.gov/doc/mdcs-dol-off-base-transition-training-in-worcester/download,2026-08-26T10:36:09-04:00
https://www.mass.gov/doc/archive-rhoc-september-2021-meeting-minutes/download,2026-08-26T23:16:19-04:00
https://www.mass.gov/doc/dcs-policy-08-112-2-career-planning-requirements-for-wioa-youth-adult-and-dislocated-worker-customers/download,2026-08-26T10:36:09-04:00
https://www.mass.gov/doc/dcs-jpp-01-2022e-senior-community-services-employment-program-scsep-state/download,2026-08-26T10:35:22-04:00
https://www.mass.gov/doc/dcs-jpp-01-2022f-senior-community-services-employment-program-scsep-national/download,2026-08-26T10:35:22-04:00
https://www.mass.gov/doc/dcs-info-05-174-establishing-a-unique-entity-identifier-to-replace-duns-number/download,2026-08-26T10:35:22-04:00
https://www.mass.gov/doc/dcs-info-05-174a-unique-entity-identifier-sam-transition-overview/download,2026-08-26T10:35:22-04:00
https://www.mass.gov/doc/dcs-info-05-174b-quick-start-guide-for-getting-a-unique-entity-id/download,2026-08-26T10:35:22-04:00
https://www.mass.gov/doc/dcs-info-25-233-request-for-proposals-fy22-re-entry-workforce-development-demonstration-program-iii/download,2026-08-26T10:35:22-04:00
https://www.mass.gov/doc/emergency-contact-notice-2022-flc-fillable/download,2026-08-26T10:27:05-04:00
https://www.mass.gov/doc/dcs-jpi-02-2022-adult-education-open-and-competitive-request-for-proposals-rfp-and-request-for-responses-rfr-announcement/download,2026-08-26T10:35:22-04:00
https://www.mass.gov/doc/dcs-info-36-101-massbio-virtual-career-fair/download,2026-08-26T10:35:22-04:00
https://www.mass.gov/doc/dcs-info-36-101a-massbio-career-fair-announcement-and-toolkit/download,2026-08-26T10:35:22-04:00
https://www.mass.gov/doc/dcs-info-14-446-market-maker-moses-training-for-futureskills-program/download,2026-08-26T10:35:22-04:00
https://www.mass.gov/doc/dcs-policy-01-108-1-wioa-funds-transfer-authority/download,2026-08-26T10:35:22-04:00
https://www.mass.gov/doc/dcs-policy-01-108-1a-wioa-funds-transfer-request-form/download,2026-08-26T10:35:22-04:00
https://www.mass.gov/doc/archive-restrictive-housing-2021-q1-quarterly-report/download,2026-08-26T23:08:58-04:00
https://www.mass.gov/doc/archive-restrictive-housing-2021-q2-quarterly-report/download,2026-08-26T23:09:31-04:00
https://www.mass.gov/doc/archive-law-enforcement-body-worn-camera-drafting-subcommittee-agenda-31522/download,2026-08-26T12:32:25-04:00
https://www.mass.gov/doc/dcs-info-14-447-state-promising-practice-indiana-trade-adjustment-assistance-taa-on-the-job-training-ojt-pilot-workforcegps-webinar/download,2026-08-26T10:35:22-04:00
https://www.mass.gov/doc/taa-performance-summary-december-31-2021/download,2026-08-26T10:34:37-04:00
https://www.mass.gov/doc/dcs-policy-18-113-poverty-guidelines-lower-living-standard-income-levels-2022/download,2026-08-26T10:27:05-04:00
https://www.mass.gov/doc/dcs-info-02-139-1-webex-meetings-and-webinars-automated-attendance-tracking/download,2026-08-26T10:34:37-04:00
https://www.mass.gov/doc/dcs-info-02-139-1a-webex-meeting-cheat-sheet/download,2026-08-26T10:35:22-04:00
https://www.mass.gov/doc/dcs-info-02-139-1b-webex-webinars-cheat-sheet/download,2026-08-26T10:35:22-04:00
https://www.mass.gov/doc/dcs-policy-37-100-american-rescue-plan-act-arpa-subrecipient-financial-risk-assessment/download,2026-08-26T10:35:22-04:00
https://www.mass.gov/doc/dcs-policy-37-100a-arpa-department-of-treasury-fact-sheet/download,2026-08-26T10:35:22-04:00
https://www.mass.gov/doc/dcs-info-31-116-1-masshire-awards-2022-revised-for-extension/download,2026-08-26T10:34:37-04:00
https://www.mass.gov/doc/dcs-info-14-448-youth-apprenticeship-access-success-in-rural-communities-workforcegps-webinar/download,2026-08-26T10:35:22-04:00
https://www.mass.gov/doc/dcs-info-14-449-connecting-to-the-public-workforce-system-an-introduction-for-youth-service-providers-workforcegps-webinar/download,2026-08-26T10:35:22-04:00
https://www.mass.gov/doc/dcs-info-14-450-overview-webinar-providing-access-to-voting-through-the-american-job-center-network-workforcegps-webinar/download,2026-08-26T10:35:22-04:00
https://www.mass.gov/doc/dcs-policy-06-104b-worksite-agreement/download,2026-08-26T10:35:22-04:00
https://www.mass.gov/doc/dcs-policy-06-104c-worksite-addendum/download,2026-08-26T10:35:22-04:00
https://www.mass.gov/doc/dcs-policy-06-104d-worksite-review-monitoring-visit/download,2026-08-26T10:35:22-04:00
https://www.mass.gov/doc/dcs-policy-06-104e-disaster-recovery-dwg-overview/download,2026-08-26T10:35:22-04:00
https://www.mass.gov/doc/dcs-policy-06-104f-interest-in-temporary-recovery-jobs-form/download,2026-08-26T10:35:22-04:00
https://www.mass.gov/doc/dcs-policy-06-104g-master-agreement/download,2026-08-26T10:35:22-04:00
https://www.mass.gov/doc/dcs-policy-06-104h-support-services-cash-request-form/download,2026-08-26T10:35:22-04:00
https://www.mass.gov/doc/dcs-policy-06-104i-temporary-employment-cash-request-form/download,2026-08-26T10:35:22-04:00
https://www.mass.gov/doc/dcs-policy-06-104j-eligibility-documentation-verification-methods/download,2026-08-26T10:35:22-04:00
https://www.mass.gov/doc/dcs-info-38-100-call-for-participation-masshire-dei-focus-groups/download,2026-08-26T10:35:22-04:00
https://www.mass.gov/doc/dcs-info-05-175-massachusetts-clean-energy-center-workforce-development-resources/download,2026-08-26T10:35:22-04:00
https://www.mass.gov/doc/fy22-berkshire-training-budget-12/download,2026-08-26T10:35:22-04:00
https://www.mass.gov/doc/fy22-brockton-budget-12/download,2026-08-26T10:35:22-04:00
https://www.mass.gov/doc/fy22-cape-cod-wib-budget-1/download,2026-08-26T10:35:22-04:00
https://www.mass.gov/doc/fy22-city-of-quincy-budget-12/download,2026-08-26T10:35:22-04:00
https://www.mass.gov/doc/fy22-edic-budget-12/download,2026-08-26T10:35:22-04:00
https://www.mass.gov/doc/fy22-fall-river-budget-12/download,2026-08-26T10:35:22-04:00
https://www.mass.gov/doc/fy22-franklin-hampshire-budget-12/download,2026-08-26T10:35:22-04:00
https://www.mass.gov/doc/fy22-hampden-budget-13/download,2026-08-26T10:35:22-04:00
https://www.mass.gov/doc/fy22-jtec-budget-12/download,2026-08-26T10:35:22-04:00
https://www.mass.gov/doc/fy22-lawrence-budget-13/download,2026-08-26T10:35:22-04:00
https://www.mass.gov/doc/fy22-lowell-budget-12/download,2026-08-26T10:35:22-04:00
https://www.mass.gov/doc/fy22-metro-north-reb-budget-14/download,2026-08-26T10:35:22-04:00
https://www.mass.gov/doc/fy22-metro-southwest-budget-12/download,2026-08-26T10:35:22-04:00
https://www.mass.gov/doc/fy22-new-bedford-budget-14/download,2026-08-26T10:35:22-04:00
https://www.mass.gov/doc/fy22-north-central-budget-12/download,2026-08-26T10:34:37-04:00
https://www.mass.gov/doc/fy22-north-shore-budget-12/download,2026-08-26T10:34:37-04:00
https://www.mass.gov/doc/fy22-worcester-budget-12/download,2026-08-26T10:34:37-04:00
https://www.mass.gov/doc/dcs-info-02-139-1c-jq-automated-attendance-q-a-sheet/download,2026-08-26T10:34:37-04:00
https://www.mass.gov/doc/dcs-info-02-139-1d-powerpoint-presentation/download,2026-08-26T10:34:37-04:00
https://www.mass.gov/doc/dscs-info-14-451-refill-your-tank-lunch-learn-series/download,2026-08-26T10:34:37-04:00
https://www.mass.gov/doc/dscs-info-34-115-hirenow-preregistration-closed/download,2026-08-26T10:34:37-04:00
https://www.mass.gov/doc/dcs-info-37-100-futureskills-initiative-and-regional-upskilling-roadshows/download,2026-08-26T10:34:37-04:00
https://www.mass.gov/doc/grow-with-google-enrollments-crystal-report/download,2026-08-26T10:27:05-04:00
https://www.mass.gov/doc/archive-interagency-crime-victim-certification-steering-committee-33022/download,2026-08-26T11:15:03-04:00
https://www.mass.gov/doc/mdcs-resea-rtw-no-exempt-or-rtw-goal-crystal-report/download,2026-08-26T10:27:05-04:00
https://www.mass.gov/doc/dcs-info-31-116-2-2022-masshire-awards-revised-for-2nd-extension/download,2026-08-26T10:34:37-04:00
https://www.mass.gov/doc/dcs-info-38-101-call-for-participation-at-the-masshire-bipoc-assembly-gathering/download,2026-08-26T10:34:37-04:00
https://www.mass.gov/doc/dcs-policy-14-100-6-massachusetts-eligible-training-provider-list-ma-etpl-initial-and-subsequent-eligibility-process/download,2026-08-26T10:34:37-04:00
https://www.mass.gov/doc/dcs-info-14-452-upskilling-navigator-bootcamp-trainings/download,2026-08-26T10:34:37-04:00
https://www.mass.gov/doc/dcs-info-14-452a-upskilling-navigator-bootcamp-trainings-dates-times-topics-and-links/download,2026-08-26T10:34:37-04:00
https://www.mass.gov/doc/dcs-info-14-453-subsequent-eligibility-for-ita-training-provider-courses/download,2026-08-26T10:34:37-04:00
https://www.mass.gov/doc/dcs-info-14-453a-ita-performance-provider-data-report/download,2026-08-26T10:34:37-04:00
https://www.mass.gov/doc/dcs-info-14-453b-ita-performance-moses-data-report/download,2026-08-26T10:34:37-04:00
https://www.mass.gov/doc/archive-law-enforcement-body-worn-camera-task-force-12721/download,2026-08-26T12:34:48-04:00
https://www.mass.gov/doc/dcs-info-15-123-jobs-for-veterans-state-grant-incentive-awards-ffy22-call-for-nominations/download,2026-08-26T10:34:37-04:00
https://www.mass.gov/doc/dcs-info-15-123a-performance-incentive-awards-nomination-procedures/download,2026-08-26T10:34:37-04:00
https://www.mass.gov/doc/dcs-info-15-123b-performance-incentive-awards-nomination-form/download,2026-08-26T10:34:37-04:00
https://www.mass.gov/doc/mdcs-mcp-followups-v01/download,2026-08-26T10:34:37-04:00
https://www.mass.gov/doc/dcs-info-18-109-notification-of-interpretation-of-wioa-sec-188-to-include-discrimination-based-on-sexual-orientation/download,2026-08-26T10:34:37-04:00
https://www.mass.gov/doc/dcs-info-14-467-evaluation-communities-of-practice-and-peer-learning-cohorts-for-state-workforce-agencies-workforcegps-webinar/download,2026-08-26T10:33:48-04:00
https://www.mass.gov/doc/dcs-info-14-468-quest-dislocated-worker-grant-applicant-webinar-workforcegps-webinar/download,2026-08-26T10:33:48-04:00
https://www.mass.gov/doc/archive-law-enforcement-body-worn-camera-meeting-minutes-71922/download,2026-08-26T12:34:17-04:00
https://www.mass.gov/doc/archive-special-commission-to-study-lgbtqi-health-and-safety-meeting-minutes-53119/download,2026-08-26T23:31:27-04:00
https://www.mass.gov/doc/archive-special-commission-to-study-lgbtqi-health-and-safety-meeting-minutes-31319/download,2026-08-26T23:27:44-04:00
https://www.mass.gov/doc/archive-special-commission-to-study-lgbtqi-health-and-safety-meeting-minutes-72419/download,2026-08-26T23:33:46-04:00
https://www.mass.gov/doc/archive-special-commission-to-study-lgbtqi-health-and-safety-meeting-minutes-7919/download,2026-08-26T23:34:19-04:00
https://www.mass.gov/doc/archive-special-commission-to-study-lgbtqi-health-and-safety-meeting-minutes-101520/download,2026-08-26T23:23:37-04:00
https://www.mass.gov/doc/archive-special-commission-to-study-lgbtqi-health-and-safety-meeting-minutes-71920/download,2026-08-26T23:33:17-04:00
https://www.mass.gov/doc/archive-special-commission-to-study-lgbtqi-health-and-safety-meeting-minutes-91720/download,2026-08-26T23:35:10-04:00
https://www.mass.gov/doc/archive-special-commission-to-study-lgbtqi-health-and-safety-meeting-minutes-61320/download,2026-08-26T23:32:14-04:00
https://www.mass.gov/doc/archive-special-commission-to-study-lgbtqi-health-and-safety-meeting-minutes-111820/download,2026-08-26T23:25:01-04:00
https://www.mass.gov/doc/archive-special-commission-to-study-lgbtqi-health-and-safety-meeting-minutes-41421/download,2026-08-26T23:29:26-04:00
https://www.mass.gov/doc/archive-special-commission-to-study-lgbtqi-health-and-safety-meeting-minutes-51221/download,2026-08-26T23:30:37-04:00
https://www.mass.gov/doc/archive-special-commission-to-study-lgbtqi-health-and-safety-meeting-minutes-621/download,2026-08-26T23:32:44-04:00
https://www.mass.gov/doc/archive-special-commission-to-study-lgbtqi-health-and-safety-meeting-minutes-102721/download,2026-08-26T23:24:09-04:00
https://www.mass.gov/doc/archive-special-commission-to-study-lgbtqi-health-and-safety-meeting-minutes-12821/download,2026-08-26T23:25:34-04:00
https://www.mass.gov/doc/archive-special-commission-to-study-lgbtqi-health-and-safety-meeting-minutes-11222/download,2026-08-26T23:22:56-04:00
https://www.mass.gov/doc/archive-special-commission-to-study-lgbtqi-health-and-safety-meeting-minutes-20922/download,2026-08-26T23:26:09-04:00
https://www.mass.gov/doc/archive-special-commission-to-study-lgbtqi-health-and-safety-meeting-minutes-3922/download,2026-08-26T23:28:20-04:00
https://www.mass.gov/doc/archive-special-commission-to-study-lgbtqi-health-and-safety-meeting-minutes-41322/download,2026-08-26T23:28:53-04:00
https://www.mass.gov/doc/archive-special-commission-to-study-lgbtqi-health-and-safety-meeting-minutes-51122/download,2026-08-26T23:30:00-04:00
https://www.mass.gov/doc/archive-special-commission-to-study-lgbtqi-health-and-safety-agenda-11222/download,2026-08-26T23:20:48-04:00
https://www.mass.gov/doc/archive-special-commission-to-study-lgbtqi-health-and-safety-agenda-2922/download,2026-08-26T23:21:23-04:00
https://www.mass.gov/doc/archive-special-commission-to-study-lgbtqi-health-and-safety-agenda-3922/download,2026-08-26T23:22:14-04:00
https://www.mass.gov/doc/dcs-info-34-116-pandemic-era-flexibilities-extended/download,2026-08-26T10:33:48-04:00
https://www.mass.gov/doc/dcs-info-31-117-1-nominations-for-masshire-champion-award-has-been-extended-to-july-29-2022/download,2026-08-26T10:33:48-04:00
https://www.mass.gov/doc/dcs-info-31-117-1a-nomination-package/download,2026-08-26T10:33:48-04:00
https://www.mass.gov/doc/fy22-berkshire-training-budget-10/download,2026-08-26T10:33:48-04:00
https://www.mass.gov/doc/fy22-berkshire-training-budget-11/download,2026-08-26T10:33:48-04:00
https://www.mass.gov/doc/fy22-brockton-budget-10/download,2026-08-26T10:33:48-04:00
https://www.mass.gov/doc/fy22-brockton-budget-11/download,2026-08-26T10:33:48-04:00
https://www.mass.gov/doc/fy22-city-of-quincy-budget-10/download,2026-08-26T10:33:48-04:00
https://www.mass.gov/doc/fy22-city-of-quincy-budget-11/download,2026-08-26T10:33:48-04:00
https://www.mass.gov/doc/fy22-edic-budget-10/download,2026-08-26T10:33:48-04:00
https://www.mass.gov/doc/fy22-edic-budget-11/download,2026-08-26T10:33:48-04:00
https://www.mass.gov/doc/fy22-fall-river-budget-10/download,2026-08-26T10:33:48-04:00
https://www.mass.gov/doc/fy22-fall-river-budget-11/download,2026-08-26T10:33:48-04:00
https://www.mass.gov/doc/fy22-franklin-hampshire-budget-10/download,2026-08-26T10:33:48-04:00
https://www.mass.gov/doc/fy22-franklin-hampshire-budget-11/download,2026-08-26T10:33:48-04:00
https://www.mass.gov/doc/fy22-hampden-budget-11/download,2026-08-26T10:33:48-04:00
https://www.mass.gov/doc/fy22-hampden-budget-12/download,2026-08-26T10:33:48-04:00
https://www.mass.gov/doc/fy22-jtec-budget-11/download,2026-08-26T10:33:48-04:00
https://www.mass.gov/doc/fy22-lawrence-budget-11/download,2026-08-26T10:33:48-04:00
https://www.mass.gov/doc/fy22-lawrence-budget-12/download,2026-08-26T10:33:48-04:00
https://www.mass.gov/doc/fy22-lowell-budget-10/download,2026-08-26T10:33:48-04:00
https://www.mass.gov/doc/fy22-lowell-budget-11/download,2026-08-26T10:33:48-04:00
https://www.mass.gov/doc/fy22-metro-north-reb-budget-11/download,2026-08-26T10:33:05-04:00
https://www.mass.gov/doc/fy22-metro-north-reb-budget-12/download,2026-08-26T10:33:05-04:00
https://www.mass.gov/doc/fy22-metro-north-reb-budget-13/download,2026-08-26T10:33:05-04:00
https://www.mass.gov/doc/fy22-metro-southwest-budget-11/download,2026-08-26T10:33:05-04:00
https://www.mass.gov/doc/fy22-metro-southwest-budget-14/download,2026-08-26T10:33:05-04:00
https://www.mass.gov/doc/fy22-new-bedford-budget-13/download,2026-08-26T10:33:05-04:00
https://www.mass.gov/doc/fy22-north-central-budget-10/download,2026-08-26T10:33:05-04:00
https://www.mass.gov/doc/fy22-north-central-budget-11/download,2026-08-26T10:33:05-04:00
https://www.mass.gov/doc/fy22-north-shore-budget-11/download,2026-08-26T10:33:05-04:00
https://www.mass.gov/doc/fy22-worcester-budget-11/download,2026-08-26T10:33:05-04:00
https://www.mass.gov/doc/dcs-info-14-469-upskilling-navigator-bootcamp-trainings/download,2026-08-26T10:33:05-04:00
https://www.mass.gov/doc/fy21-lower-merrimac-budget-21/download,2026-08-26T10:33:05-04:00
https://www.mass.gov/doc/fy22-mass-regional-budget-1/download,2026-08-26T10:33:05-04:00
https://www.mass.gov/doc/fy22-mass-regional-budget-2/download,2026-08-26T10:33:05-04:00
https://www.mass.gov/doc/dcs-info-14-470-training-toolkit-for-serving-individuals-with-substance-use-disorder-workforcegps-webinar/download,2026-08-26T10:33:05-04:00
https://www.mass.gov/doc/fy22-lowell-budget-13/download,2026-08-26T10:33:05-04:00
https://www.mass.gov/doc/dcs-info-31-118-masshire-awards-finalists-2022/download,2026-08-26T10:33:05-04:00
https://www.mass.gov/doc/dcs-info-31-118a-masshire-awards-finalists/download,2026-08-26T10:32:20-04:00
https://www.mass.gov/doc/berkshire-county-reb-fy23-pv/download,2026-08-26T10:30:48-04:00
https://www.mass.gov/doc/berkshire-training-employment-fy23-pv/download,2026-08-26T10:27:05-04:00
https://www.mass.gov/doc/brockton-area-wib-fy23-pv/download,2026-08-26T10:27:05-04:00
https://www.mass.gov/doc/cape-islands-wdb-fy23-pv/download,2026-08-26T10:27:05-04:00
https://www.mass.gov/doc/city-of-fall-river-fy23-pv/download,2026-08-26T10:27:05-04:00
https://www.mass.gov/doc/city-of-lawrence-fy23-pv/download,2026-08-26T10:27:05-04:00
https://www.mass.gov/doc/city-of-lowell-fy23-pv/download,2026-08-26T10:27:05-04:00
https://www.mass.gov/doc/city-of-quincy-fy23-pv/download,2026-08-26T10:27:05-04:00
https://www.mass.gov/doc/city-of-salem-fy23-pv/download,2026-08-26T10:27:05-04:00
https://www.mass.gov/doc/city-of-worcester-fy23-pv/download,2026-08-26T10:27:05-04:00
https://www.mass.gov/doc/greater-new-bedford-wib-fy23-pv/download,2026-08-26T10:27:05-04:00
https://www.mass.gov/doc/economic-development-industrial-corporation-fy23-pv/download,2026-08-26T10:27:05-04:00
https://www.mass.gov/doc/job-training-employment-corporation-fy23-pv/download,2026-08-26T10:27:05-04:00
https://www.mass.gov/doc/massachusetts-regional-employment-board-association-inc-fy23-pv/download,2026-08-26T10:27:05-04:00
https://www.mass.gov/doc/masshire-hampden-county-workforce-board-inc-fy23-pv/download,2026-08-26T10:27:05-04:00
https://www.mass.gov/doc/masshire-north-central-workforce-board-fy23-pv/download,2026-08-26T10:27:05-04:00
https://www.mass.gov/doc/metro-north-regional-employment-board-inc-fy23-pv/download,2026-08-26T10:27:05-04:00
https://www.mass.gov/doc/metro-southwest-employment-training-admin-fy23-pv/download,2026-08-26T10:27:05-04:00
https://www.mass.gov/doc/partnerships-for-a-skilled-workforce-inc-fy23-pv/download,2026-08-26T10:30:48-04:00
https://www.mass.gov/doc/fy23-berkshire-training-initial-budget/download,2026-08-26T10:33:05-04:00
https://www.mass.gov/doc/fy23-brockton-initial-budget/download,2026-08-26T10:33:05-04:00
https://www.mass.gov/doc/fy23-city-of-quincy-initial-budget/download,2026-08-26T10:33:05-04:00
https://www.mass.gov/doc/fy23-edic-initial-budget/download,2026-08-26T10:33:05-04:00
https://www.mass.gov/doc/fy23-fall-river-initial-budget/download,2026-08-26T10:33:05-04:00
https://www.mass.gov/doc/fy23-franklin-hampshire-initial-budget/download,2026-08-26T10:33:05-04:00
https://www.mass.gov/doc/fy23-hampden-initial-budget/download,2026-08-26T10:33:05-04:00
https://www.mass.gov/doc/fy23-jtec-initial-budget/download,2026-08-26T10:33:05-04:00
https://www.mass.gov/doc/fy23-lawrence-initial-budget/download,2026-08-26T10:33:05-04:00
https://www.mass.gov/doc/fy23-lowell-initial-budget/download,2026-08-26T10:33:05-04:00
https://www.mass.gov/doc/fy23-metro-north-reb-initial-budget/download,2026-08-26T10:33:05-04:00
https://www.mass.gov/doc/fy23-metro-southwest-initial-budget/download,2026-08-26T10:33:05-04:00
https://www.mass.gov/doc/fy23-new-bedford-initial-budget/download,2026-08-26T10:33:05-04:00
https://www.mass.gov/doc/fy23-north-central-initial-budget/download,2026-08-26T10:33:05-04:00
https://www.mass.gov/doc/fy23-north-shore-initial-budget/download,2026-08-26T10:33:05-04:00
https://www.mass.gov/doc/fy23-worcester-initial-budget/download,2026-08-26T10:33:05-04:00
https://www.mass.gov/doc/franklin-hampshire-employment-training-consortium-fy23-pv/download,2026-08-26T10:27:05-04:00
https://www.mass.gov/doc/dcs-info-14-471-office-of-enterprise-staffing-support-regional-presentations-and-dialogue-on-identifying-and-hiring-talent/download,2026-08-26T10:33:05-04:00
https://www.mass.gov/doc/dcs-info-14-472-supporting-youth-mental-health-in-the-workforce-system-workforcegps-webinar/download,2026-08-26T10:33:05-04:00
https://www.mass.gov/doc/dcs-info-04-111-local-annual-plan-guidance-fiscal-year-2023/download,2026-08-26T10:27:05-04:00
https://www.mass.gov/doc/dcs-info-04-111a-fy23-local-annual-plan-checklist/download,2026-08-26T10:33:05-04:00
https://www.mass.gov/doc/dcs-info-04-111b-submission-instructions/download,2026-08-26T10:33:05-04:00
https://www.mass.gov/doc/dcs-info-04-111c-notification-of-local-workforce-system-changes-form/download,2026-08-26T10:33:05-04:00
https://www.mass.gov/doc/dcs-info-04-111d-masshire-career-center-hours-of-operation-form/download,2026-08-26T10:33:05-04:00
https://www.mass.gov/doc/dcs-info-04-111e-assurances/download,2026-08-26T10:33:05-04:00
https://www.mass.gov/doc/dcs-info-04-111f-local-annual-plan-signatories-form/download,2026-08-26T10:33:05-04:00
https://www.mass.gov/doc/dcs-info-04-111g-financial-modification-authorization-form/download,2026-08-26T10:33:05-04:00
https://www.mass.gov/doc/dcs-info-04-111h-instructions-for-program-summary-charts/download,2026-08-26T10:33:05-04:00
https://www.mass.gov/doc/dcs-info-04-111i-program-summary-charts-s-and-1-4/download,2026-08-26T10:33:05-04:00
https://www.mass.gov/doc/dcs-info-04-111j-integrated-budget-and-narrative-template/download,2026-08-26T10:33:05-04:00
https://www.mass.gov/doc/dcs-info-04-111k-integrated-budget-instructions/download,2026-08-26T10:33:05-04:00
https://www.mass.gov/doc/dcs-info-04-111l-integrated-budget-program-list/download,2026-08-26T10:32:20-04:00
https://www.mass.gov/doc/dcs-info-04-111m-instructions-for-updating-local-wioa-performance-goals-for-fy23/download,2026-08-26T10:32:20-04:00
https://www.mass.gov/doc/dcs-info-04-111m1-fy23-wioa-performance-goals-request-form/download,2026-08-26T10:32:20-04:00
https://www.mass.gov/doc/dcs-info-04-111o-fy23-local-wioa-hold-harmless-allocation-levels-matt-please-include-this-note-new-attachment-for-fy23/download,2026-08-26T10:32:20-04:00
https://www.mass.gov/doc/dcs-info-04-111p-title-i-allocations-adult-dw-youth-includes-charts-1-7/download,2026-08-26T10:32:20-04:00
https://www.mass.gov/doc/dcs-info-04-111q-wagner-peyser-90-and-10-allocations-includes-charts-1-3/download,2026-08-26T10:32:20-04:00
https://www.mass.gov/doc/dcs-info-04-111r-local-allocations-compared/download,2026-08-26T10:32:20-04:00
https://www.mass.gov/doc/dcs-info-04-111t-state-allotments-wioa-title-i-es-federal-to-state-allocations/download,2026-08-26T10:32:20-04:00
https://www.mass.gov/doc/archive-fsob-meeting-agenda-8192022/download,2026-08-26T11:11:37-04:00
https://www.mass.gov/doc/dcs-policy-04-111n-state-one-stop-allocations/download,2026-08-26T10:27:05-04:00
https://www.mass.gov/doc/mdcs-tsa-recruitment-in-brockton-september-21-2022/download,2026-08-26T10:32:20-04:00
https://www.mass.gov/doc/mdcs-usps-recruitment-in-brockton-september-13-2022/download,2026-08-26T10:32:20-04:00
https://www.mass.gov/doc/dcs-info-25-234-fy23-skills-capital-grant-round-2-technology-equipment-funding-rfp-posted/download,2026-08-26T10:32:20-04:00
https://www.mass.gov/doc/dcs-info-25-234a-fy23-skills-capital-grant-round-2-announcement-and-overview/download,2026-08-26T10:32:20-04:00
https://www.mass.gov/doc/dcs-info-25-234b-fy23-skills-capital-grant-projected-outcomes/download,2026-08-26T10:32:20-04:00
https://www.mass.gov/doc/dcs-info-25-234c-fy23-skills-capital-grant-high-occupations/download,2026-08-26T10:32:20-04:00
https://www.mass.gov/doc/dcs-info-15-124-jobs-for-veterans-state-grant-incentive-award-2022-winners/download,2026-08-26T10:32:20-04:00
https://www.mass.gov/doc/dcs-info-15-124a-jvsg-performance-incentive-award-2022-winners/download,2026-08-26T10:32:20-04:00
https://www.mass.gov/doc/dcs-polcy-04-111s-overview-of-wioa-and-wagner-peyser-allocations/download,2026-08-26T10:32:20-04:00
https://www.mass.gov/doc/dcs-policy-04-111v1-fy20-taa-allocations/download,2026-08-26T10:32:20-04:00
https://www.mass.gov/doc/dcs-policy-04-111v2-fy21-taa-allocations/download,2026-08-26T10:32:20-04:00
https://www.mass.gov/doc/dcs-policy-04-111u1-cy2020-resea-allocations/download,2026-08-26T10:32:20-04:00
https://www.mass.gov/doc/dcs-policy-04-111u2-cy2021-resea-allocations/download,2026-08-26T10:32:20-04:00
https://www.mass.gov/doc/dcs-policy-04-111u3-cy2022-resea-allocations/download,2026-08-26T10:27:05-04:00
https://www.mass.gov/doc/dcs-policy-04-111-2a-fy23-wpp-initial-allocations/download,2026-08-26T10:27:05-04:00
https://www.mass.gov/doc/dcs-policy-04-111-2b-fy22-fy23-wpp-expansion-program-allocations/download,2026-08-26T10:30:48-04:00
https://www.mass.gov/doc/mdcs-jqemployersbyareav01/download,2026-08-26T10:32:20-04:00
https://www.mass.gov/doc/mdcs-jqjobordersbyareav01/download,2026-08-26T10:32:20-04:00
https://www.mass.gov/doc/dcs-policy-14-100-7-massachusetts-eligible-training-provider-list-ma-etpl-initial-and-subsequent-eligibility-process-revised/download,2026-08-26T10:32:20-04:00
https://www.mass.gov/doc/jobquest-job-seeker-interested/download,2026-08-26T10:31:34-04:00
https://www.mass.gov/doc/dcs-info-24-102-a-workforce-in-recovery-symposium-best-practices-for-recruiting-and-retaining-skilled-employees/download,2026-08-26T10:32:20-04:00
https://www.mass.gov/doc/dcs-info-24-102a-symposium-agenda/download,2026-08-26T10:32:20-04:00
https://www.mass.gov/doc/dcs-info-38-103-register-today-masshire-diversity-equity-and-inclusion-climate-assessment-report-out-webinar/download,2026-08-26T10:32:20-04:00
https://www.mass.gov/doc/dcs-info-38-104-call-for-participation-fall-2022-masshire-bipoc-assemblies/download,2026-08-26T10:32:20-04:00
https://www.mass.gov/doc/dcs-info-14-474-wioa-annual-statewide-performance-narrative-report-titles-i-and-iii-2022-refresher-workforcegps-webinar/download,2026-08-26T10:32:20-04:00
https://www.mass.gov/doc/dcs-info-14-475-dols-career-pathways-evidence-coffee-break-video-screenings-and-qa-with-researchers-workforcegps-webinar/download,2026-08-26T10:32:20-04:00
https://www.mass.gov/doc/dcs-info-29-106-october-is-national-disability-employment-awareness-month/download,2026-08-26T10:32:20-04:00
https://www.mass.gov/doc/dcs-info-29-106a-faqs-for-self-identification-of-a-disability/download,2026-08-26T10:32:20-04:00
https://www.mass.gov/doc/dcs-info-25-236-save-the-dates-career-technical-initiative-cti-request-for-proposals/download,2026-08-26T10:32:20-04:00
https://www.mass.gov/doc/dcs-info-25-236a-cti-overview-brochure/download,2026-08-26T10:32:20-04:00
https://www.mass.gov/doc/dcs-info-25-236b-cti-program-postcards/download,2026-08-26T10:32:20-04:00
https://www.mass.gov/doc/fy23-brockton-budget-2/download,2026-08-26T10:32:20-04:00
https://www.mass.gov/doc/fy23-city-of-quincy-budget-2/download,2026-08-26T10:32:20-04:00
https://www.mass.gov/doc/fy23-edic-budget-2/download,2026-08-26T10:32:20-04:00
https://www.mass.gov/doc/fy23-fall-river-budget-2/download,2026-08-26T10:32:20-04:00
https://www.mass.gov/doc/fy23-franklin-hampshire-budget-2/download,2026-08-26T10:32:20-04:00
https://www.mass.gov/doc/fy23-hampden-budget-2/download,2026-08-26T10:32:20-04:00
https://www.mass.gov/doc/fy23-jtec-budget-2/download,2026-08-26T10:32:20-04:00
https://www.mass.gov/doc/fy23-lawrence-budget-2/download,2026-08-26T10:32:20-04:00
https://www.mass.gov/doc/fy23-lowell-budget-2/download,2026-08-26T10:32:20-04:00
https://www.mass.gov/doc/fy23-metro-southwest-budget-2/download,2026-08-26T10:32:20-04:00
https://www.mass.gov/doc/fy23-new-bedford-budget-2/download,2026-08-26T10:31:34-04:00
https://www.mass.gov/doc/fy23-north-central-budget-3/download,2026-08-26T10:31:34-04:00
https://www.mass.gov/doc/fy23-north-shore-budget-2/download,2026-08-26T10:31:34-04:00
https://www.mass.gov/doc/fy23-worcester-budget-2/download,2026-08-26T10:31:34-04:00
https://www.mass.gov/doc/fy23-metro-southwest-budget-1/download,2026-08-26T10:31:34-04:00
https://www.mass.gov/doc/fy23-north-central-budget-2/download,2026-08-26T10:31:34-04:00
https://www.mass.gov/doc/dcs-info-02-145-appstream-help-offered-as-virtual-drop-in-sessions/download,2026-08-26T10:31:34-04:00
https://www.mass.gov/doc/fy23-berkshire-training-budget-4xls/download,2026-08-26T10:31:34-04:00
https://www.mass.gov/doc/fy23-brockton-budget-4/download,2026-08-26T10:31:34-04:00
https://www.mass.gov/doc/fy23-city-of-quincy-budget-4/download,2026-08-26T10:31:34-04:00
https://www.mass.gov/doc/fy23-edic-budget-4/download,2026-08-26T10:31:34-04:00
https://www.mass.gov/doc/fy23-fall-river-budget-4/download,2026-08-26T10:31:34-04:00
https://www.mass.gov/doc/fy23-franklin-hampshire-budget-4/download,2026-08-26T10:31:34-04:00
https://www.mass.gov/doc/fy23-hampden-budget-4/download,2026-08-26T10:31:34-04:00
https://www.mass.gov/doc/fy23-jtec-budget-4/download,2026-08-26T10:31:34-04:00
https://www.mass.gov/doc/fy23-lawrence-budget-4/download,2026-08-26T10:31:34-04:00
https://www.mass.gov/doc/fy23-lowell-budget-4/download,2026-08-26T10:31:34-04:00
https://www.mass.gov/doc/fy23-metro-north-reb-budget-4/download,2026-08-26T10:31:34-04:00
https://www.mass.gov/doc/fy23-metro-southwest-budget-3/download,2026-08-26T10:31:34-04:00
https://www.mass.gov/doc/fy23-new-bedford-budget-4/download,2026-08-26T10:31:34-04:00
https://www.mass.gov/doc/fy23-north-central-budget-4/download,2026-08-26T10:31:34-04:00
https://www.mass.gov/doc/fy23-north-shore-budget-4/download,2026-08-26T10:31:34-04:00
https://www.mass.gov/doc/fy23-worcester-budget-4/download,2026-08-26T10:31:34-04:00
https://www.mass.gov/doc/dcs-info-25-237-funding-opportunity-eohhs-home-and-community-based-services-and-human-services-workforce-grant/download,2026-08-26T10:31:34-04:00
https://www.mass.gov/doc/dcs-info-14-476-outreach-and-marketing-with-wioa-workforcegps-webinar/download,2026-08-26T10:31:34-04:00
https://www.mass.gov/doc/dcs-info-14-477-providing-employment-and-training-opportunities-to-formerly-incarcerated-individuals-in-recovery-workforcegps/download,2026-08-26T10:31:34-04:00
https://www.mass.gov/doc/dcs-policy-11-101-3-masshire-rapid-response-process-under-wioa-updated/download,2026-08-26T10:31:34-04:00
https://www.mass.gov/doc/dcs-policy-11-101-3a-company-questionnairedemographic-report/download,2026-08-26T10:31:34-04:00
https://www.mass.gov/doc/dcs-policy-11-101-3b-sample-workforce-board-notification-notice/download,2026-08-26T10:31:34-04:00
https://www.mass.gov/doc/dcs-policy-10-108-data-element-validation-for-fy-2023/download,2026-08-26T10:27:05-04:00
https://www.mass.gov/doc/dcs-info-14-478-supported-employment-and-substance-use-disorder-workforcegps-webinar/download,2026-08-26T10:31:34-04:00
https://www.mass.gov/doc/dcs-info-31-120-masshire-2022-award-finalist-workshops/download,2026-08-26T10:31:34-04:00
https://www.mass.gov/doc/dcs-policy-18-101-6o-wioa-program-training-determination-notice-and-guidance-new-102122/download,2026-08-26T10:31:34-04:00
https://www.mass.gov/doc/dcs-policy-18-101-6-eligibility-requirements-for-wioa-title-i-adult-and-dislocated-worker-program-updated/download,2026-08-26T10:31:34-04:00
https://www.mass.gov/doc/fy23-berkshire-training-budget-3/download,2026-08-26T10:31:34-04:00
https://www.mass.gov/doc/fy23-brockton-budget-3/download,2026-08-26T10:31:34-04:00
https://www.mass.gov/doc/fy23-city-of-quincy-budget-3/download,2026-08-26T10:31:34-04:00
https://www.mass.gov/doc/fy23-city-of-quincy-budget-5/download,2026-08-26T10:31:34-04:00
https://www.mass.gov/doc/fy23-edic-budget-5/download,2026-08-26T10:31:34-04:00
https://www.mass.gov/doc/fy23-franklin-hampshire-budget-3/download,2026-08-26T10:31:34-04:00
https://www.mass.gov/doc/fy23-hampden-budget-3/download,2026-08-26T10:31:34-04:00
https://www.mass.gov/doc/fy23-metro-north-reb-budget-5/download,2026-08-26T10:31:34-04:00
https://www.mass.gov/doc/fy23-new-bedford-budget-5/download,2026-08-26T10:31:34-04:00
https://www.mass.gov/doc/fy23-worcester-budget-5/download,2026-08-26T10:31:34-04:00
https://www.mass.gov/doc/fy23-jtec-budget-3/download,2026-08-26T10:31:34-04:00
https://www.mass.gov/doc/fy23-metro-north-reb-budget-2/download,2026-08-26T10:31:34-04:00
https://www.mass.gov/doc/dcs-info-14-479-employment-and-case-management-under-reversion-2021-workforcegps-webinar/download,2026-08-26T10:30:48-04:00
https://www.mass.gov/doc/dcs-info-25-238-funding-opportunity-provided-through-the-bipartisan-safer-communities-act/download,2026-08-26T10:30:48-04:00
https://www.mass.gov/doc/mdcs-moses-104-manual-program-eligibility-and-course-enrollment/download,2026-08-26T10:27:05-04:00
https://www.mass.gov/doc/taa-performance-summary-june-30-2022/download,2026-08-26T10:29:14-04:00
https://www.mass.gov/doc/dcs-info-14-480-careeronestop-resources-for-veterans-and-transitioning-service-members-workforcegps-webinar/download,2026-08-26T10:30:48-04:00
https://www.mass.gov/doc/dcs-info-08-127-resource-leveraging-and-service-coordination-to-increase-competitive-integrated-employment-for-individuals-with-disabilities-ten-07-22/download,2026-08-26T10:30:48-04:00
https://www.mass.gov/doc/dcs-info-08-128-building-pathways-to-infrastructure-careers-framework-for-preparing-an-infrastructure-workforce-ten-08-22/download,2026-08-26T10:30:48-04:00
https://www.mass.gov/doc/fy23-lowell-budget-3/download,2026-08-26T10:30:48-04:00
https://www.mass.gov/doc/fy23-new-bedford-budget-3/download,2026-08-26T10:30:48-04:00
https://www.mass.gov/doc/fy22-new-bedford-budget-16/download,2026-08-26T10:30:48-04:00
https://www.mass.gov/doc/fy23-north-shore-budget-3/download,2026-08-26T10:30:48-04:00
https://www.mass.gov/doc/dcs-info-09-128a-tab00-table-of-contents/download,2026-08-26T10:30:48-04:00
https://www.mass.gov/doc/dcs-info-fy2022-career-center-performance-reports-quarter-ending-june-30-2022/download,2026-08-26T10:30:48-04:00
https://www.mass.gov/doc/dcs-info-09-128b-tab01-executive-summary/download,2026-08-26T10:30:48-04:00
https://www.mass.gov/doc/dcs-info-09-128c-tab02-employer-summary/download,2026-08-26T10:30:48-04:00
https://www.mass.gov/doc/dcs-info-09-128d-tab03-job-seeker-summary/download,2026-08-26T10:30:48-04:00
https://www.mass.gov/doc/dcs-info-09-128e-tab04-veteran-summary/download,2026-08-26T10:30:48-04:00
https://www.mass.gov/doc/dcs-info-09-128f-tab05-res-summary/download,2026-08-26T10:30:48-04:00
https://www.mass.gov/doc/dcs-info-09-128g-tab06-title-i-adults-and-dislocated-worker-summary/download,2026-08-26T10:30:48-04:00
https://www.mass.gov/doc/dcs-info-09-128h-tab07-title-i-youth-summary/download,2026-08-26T10:30:48-04:00
https://www.mass.gov/doc/dcs-info-09-128i-tab08-national-dislocated-worker-grants-summary/download,2026-08-26T10:30:48-04:00
https://www.mass.gov/doc/dcs-info-09-128j-tab09-trade-summary/download,2026-08-26T10:30:48-04:00
https://www.mass.gov/doc/dcs-info-09-128k-tab10-labor-exchange-vets-resea-performance-summary/download,2026-08-26T10:30:48-04:00
https://www.mass.gov/doc/dcs-info-09-128l-tab11-title-i-performance/download,2026-08-26T10:30:48-04:00
https://www.mass.gov/doc/dcs-info-09-128m-tab12-trade-performance-summary/download,2026-08-26T10:30:48-04:00
https://www.mass.gov/doc/dcs-info-09-128n-tab13-performance-cohorts/download,2026-08-26T10:30:48-04:00
https://www.mass.gov/doc/dcs-info-25-239-new-to-cti-schools-in-person-planning-event-registration-is-open/download,2026-08-26T10:30:48-04:00
https://www.mass.gov/doc/mdcs-a12-equal-opportunity-is-the-law-english/download,2026-08-26T10:27:05-04:00
https://www.mass.gov/doc/mdcs-a12a-equal-opportunity-is-the-law-spanish/download,2026-08-26T10:27:05-04:00
https://www.mass.gov/doc/fy22-lawrence-budget-14/download,2026-08-26T10:30:48-04:00
https://www.mass.gov/doc/fy23-berkshire-reb-initial-budget/download,2026-08-26T10:30:48-04:00
https://www.mass.gov/doc/fy23-brockton-budget-5/download,2026-08-26T10:30:48-04:00
https://www.mass.gov/doc/fy23-cape-cod-wib-initial-budget/download,2026-08-26T10:30:48-04:00
https://www.mass.gov/doc/fy23-city-of-quincy-budget-6/download,2026-08-26T10:30:48-04:00
https://www.mass.gov/doc/fy23-edic-budget-6/download,2026-08-26T10:30:48-04:00
https://www.mass.gov/doc/fy23-fall-river-budget-5/download,2026-08-26T10:30:48-04:00
https://www.mass.gov/doc/fy23-franklin-hampshire-budget-5/download,2026-08-26T10:30:48-04:00
https://www.mass.gov/doc/fy23-hampden-budget-5/download,2026-08-26T10:30:48-04:00
https://www.mass.gov/doc/fy23-lawrence-budget-3/download,2026-08-26T10:30:48-04:00
https://www.mass.gov/doc/fy23-lawrence-budget-5/download,2026-08-26T10:30:48-04:00
https://www.mass.gov/doc/fy23-lowell-budget-5/download,2026-08-26T10:30:48-04:00
https://www.mass.gov/doc/fy23-mass-regional-initial-budget/download,2026-08-26T10:30:48-04:00
https://www.mass.gov/doc/fy23-metro-north-reb-budget-3/download,2026-08-26T10:30:48-04:00
https://www.mass.gov/doc/fy23-metro-north-reb-budget-6/download,2026-08-26T10:30:48-04:00
https://www.mass.gov/doc/fy23-north-central-budget-5/download,2026-08-26T10:30:48-04:00
https://www.mass.gov/doc/fy23-north-shore-budget-5/download,2026-08-26T10:30:48-04:00
https://www.mass.gov/doc/fy23-partnership-for-skilled-workforce-initial-budget/download,2026-08-26T10:30:48-04:00
https://www.mass.gov/doc/fy23-worcester-budget-6/download,2026-08-26T10:30:06-04:00
https://www.mass.gov/doc/dcsinfo-14-481-pathways-to-employment-how-to-create-positive-outcomes-for-justice-impacted-talent-virtual-webinar/download,2026-08-26T10:30:06-04:00
https://www.mass.gov/doc/dcs-info-14-482-veterans-employment-training-service-to-invest-in-customer-experience-for-veterans-workforcegps-webinar/download,2026-08-26T10:30:06-04:00
https://www.mass.gov/doc/workers-compensation-advisory-council-meeting-scheduled-for-1192022-via-webex/download,2026-08-26T10:30:06-04:00
https://www.mass.gov/doc/dcs-policy-10-107-masshire-department-of-career-services-field-management-and-oversight-fiscal-year-2023-monitoring-review-of-the-masshire-workforce-boards/download,2026-08-26T10:27:05-04:00
https://www.mass.gov/doc/dcs-policy-10-100-4-required-posters-for-display-in-masshire-career-centers-and-sub-recipient-offices/download,2026-08-26T10:30:06-04:00
https://www.mass.gov/doc/dcs-policy-02-102-1-employer-services-reporting-in-moses/download,2026-08-26T10:30:06-04:00
https://www.mass.gov/doc/dcs-policy-02-102-1a-moses-employer-services-definitions/download,2026-08-26T10:30:06-04:00
https://www.mass.gov/doc/dcs-policy-02-102-1b-employer-services-in-osccar/download,2026-08-26T10:30:06-04:00
https://www.mass.gov/doc/fy23-berkshire-training-budget-5/download,2026-08-26T10:30:06-04:00
https://www.mass.gov/doc/fy23-brockton-budget-6/download,2026-08-26T10:30:06-04:00
https://www.mass.gov/doc/fy23-city-of-quincy-budget-7/download,2026-08-26T10:30:06-04:00
https://www.mass.gov/doc/fy23-franklin-hampshire-budget-6/download,2026-08-26T10:30:06-04:00
https://www.mass.gov/doc/fy23-hampden-budget-6/download,2026-08-26T10:30:06-04:00
https://www.mass.gov/doc/fy23-jtec-budget-5/download,2026-08-26T10:30:06-04:00
https://www.mass.gov/doc/fy23-lawrence-budget-6/download,2026-08-26T10:30:06-04:00
https://www.mass.gov/doc/fy23-lowell-budget-6/download,2026-08-26T10:30:06-04:00
https://www.mass.gov/doc/fy23-metro-north-reb-budget-7/download,2026-08-26T10:30:06-04:00
https://www.mass.gov/doc/fy23-metro-southwest-budget-4/download,2026-08-26T10:30:06-04:00
https://www.mass.gov/doc/fy23-new-bedford-budget-6/download,2026-08-26T10:30:06-04:00
https://www.mass.gov/doc/fy23-new-bedford-budget-7/download,2026-08-26T10:30:06-04:00
https://www.mass.gov/doc/fy23-north-central-budget-6/download,2026-08-26T10:30:06-04:00
https://www.mass.gov/doc/fy23-north-shore-budget-6/download,2026-08-26T10:30:06-04:00
https://www.mass.gov/doc/dcs-policy-17-108-masshire-fy23-workforce-board-career-center-oversight-and-monitoring-requirements/download,2026-08-26T10:27:05-04:00
https://www.mass.gov/doc/dcs-info-02-146-moses-version-403-will-be-released-on-tuesday-november-22-2022/download,2026-08-26T10:30:06-04:00
https://www.mass.gov/doc/dcs-policy-37-102-futureskills-moses-data-entry-for-masshire-job-seekers/download,2026-08-26T10:30:06-04:00
https://www.mass.gov/doc/202203-new-maximum-weekly-benefit-rate/download,2026-08-26T10:30:06-04:00
https://www.mass.gov/doc/202204-new-minimum-base-period-wage-requirement/download,2026-08-26T10:30:06-04:00
https://www.mass.gov/doc/fy23-cape-cod-wib-budget-1/download,2026-08-26T10:30:06-04:00
https://www.mass.gov/doc/fy23-brockton-budget-8/download,2026-08-26T10:30:06-04:00
https://www.mass.gov/doc/fy23-hampden-budget-8/download,2026-08-26T10:30:06-04:00
https://www.mass.gov/doc/fy23-lowell-budget-8/download,2026-08-26T10:30:06-04:00
https://www.mass.gov/doc/dcs-info-14-483-effectively-leveraging-or-braiding-multiple-funding-sources-with-wioa-workforcegps-webinar/download,2026-08-26T10:30:06-04:00
https://www.mass.gov/doc/fy23-worcester-budget-3/download,2026-08-26T10:30:06-04:00
https://www.mass.gov/doc/fy23-worcester-budget-7/download,2026-08-26T10:30:06-04:00
https://www.mass.gov/doc/fy23-worcester-budget-9/download,2026-08-26T10:30:06-04:00
https://www.mass.gov/doc/dcs-info-14-484-national-safety-council-roadmap-to-a-recovery-ready-workplace-workforcegps-webinar/download,2026-08-26T10:30:06-04:00
https://www.mass.gov/doc/fy23-berkshire-training-budget-6/download,2026-08-26T10:30:06-04:00
https://www.mass.gov/doc/fy23-brockton-budget-7/download,2026-08-26T10:30:06-04:00
https://www.mass.gov/doc/fy23-fall-river-budget-7/download,2026-08-26T10:30:06-04:00
https://www.mass.gov/doc/fy23-franklin-hampshire-budget-7/download,2026-08-26T10:30:06-04:00
https://www.mass.gov/doc/fy23-jtec-budget-6/download,2026-08-26T10:30:06-04:00
https://www.mass.gov/doc/fy23-lawrence-budget-7/download,2026-08-26T10:30:06-04:00
https://www.mass.gov/doc/fy23-lowell-budget-7/download,2026-08-26T10:30:06-04:00
https://www.mass.gov/doc/fy23-new-bedford-budget-8/download,2026-08-26T10:30:06-04:00
https://www.mass.gov/doc/fy23-north-central-budget-7/download,2026-08-26T10:30:06-04:00
https://www.mass.gov/doc/fy23-north-shore-budget-7/download,2026-08-26T10:30:06-04:00
https://www.mass.gov/doc/fy23-worcester-budget-8/download,2026-08-26T10:30:06-04:00
https://www.mass.gov/doc/archive-forensic-science-oversight-board-agenda-111822/download,2026-08-26T11:02:23-04:00
https://www.mass.gov/doc/fy23-metro-north-reb-budget-8/download,2026-08-26T10:29:14-04:00
https://www.mass.gov/doc/fy23-metro-southwest-budget-5/download,2026-08-26T10:29:14-04:00
https://www.mass.gov/doc/dcs-info-25-240-nursing-expansion-program-grant-funding-opportunity/download,2026-08-26T10:29:14-04:00
https://www.mass.gov/doc/14-486-trauma-informed-and-resilience-building-strategies-for-workforce-development-webinar/download,2026-08-26T10:29:14-04:00
https://www.mass.gov/doc/dcs-info-02-147-moses-training-website-and-moses-training-registration-process-restructured-and-updated-moses-aws-appstream-access-form/download,2026-08-26T10:29:14-04:00
https://www.mass.gov/doc/dcs-info-14-485-using-registered-apprenticeship-to-attract-train-and-retain-veteran-talent-webinar/download,2026-08-26T10:29:14-04:00
https://www.mass.gov/doc/dcs-info-14-487-motivational-interviewing-training/download,2026-08-26T10:29:14-04:00
https://www.mass.gov/doc/archive-panel-of-justice-involved-women-meeting-agenda-22420/download,2026-08-26T15:01:20-04:00
https://www.mass.gov/doc/archive-panel-of-justice-involved-women-meeting-agenda-82121/download,2026-08-26T15:01:49-04:00
https://www.mass.gov/doc/archive-panel-of-justice-involved-women-meeting-agenda-92121/download,2026-08-26T15:02:21-04:00
https://www.mass.gov/doc/fy23-edic-budget-3/download,2026-08-26T10:29:14-04:00
https://www.mass.gov/doc/fy23-edic-budget-7/download,2026-08-26T10:29:14-04:00
https://www.mass.gov/doc/fy23-fall-river-budget-3/download,2026-08-26T10:29:14-04:00
https://www.mass.gov/doc/fy23-fall-river-budget-6/download,2026-08-26T10:29:14-04:00
https://www.mass.gov/doc/fy23-hampden-budget-7/download,2026-08-26T10:29:14-04:00
https://www.mass.gov/doc/dcs-info-25-241-the-homeless-veterans-reintegration-program-funding-opportunity-announcement-bidders-conference/download,2026-08-26T10:29:14-04:00
https://www.mass.gov/doc/dcs-info-25-242-youthbuild-funding-opportunity/download,2026-08-26T10:29:14-04:00
https://www.mass.gov/doc/fy23-berkshire-training-budget-1/download,2026-08-26T10:29:14-04:00
https://www.mass.gov/doc/fy23-brockton-budget-1/download,2026-08-26T10:29:14-04:00
https://www.mass.gov/doc/fy23-city-of-quincy-budget-1/download,2026-08-26T10:29:14-04:00
https://www.mass.gov/doc/fy23-city-of-quincy-budget-8/download,2026-08-26T10:29:14-04:00
https://www.mass.gov/doc/fy23-edic-budget-1/download,2026-08-26T10:29:14-04:00
https://www.mass.gov/doc/fy23-edic-budget-8/download,2026-08-26T10:29:14-04:00
https://www.mass.gov/doc/fy23-fall-river-budget-1/download,2026-08-26T10:29:14-04:00
https://www.mass.gov/doc/fy23-franklin-hampshire-budget-1/download,2026-08-26T10:29:14-04:00
https://www.mass.gov/doc/fy23-hampden-budget-1/download,2026-08-26T10:29:14-04:00
https://www.mass.gov/doc/fy23-jtec-budget-1/download,2026-08-26T10:29:14-04:00
https://www.mass.gov/doc/fy23-lawrence-budget-1/download,2026-08-26T10:29:14-04:00
https://www.mass.gov/doc/fy23-lowell-budget-1/download,2026-08-26T10:29:14-04:00
https://www.mass.gov/doc/fy23-metro-north-reb-budget-1/download,2026-08-26T10:29:14-04:00
https://www.mass.gov/doc/fy23-new-bedford-budget-1/download,2026-08-26T10:29:14-04:00
https://www.mass.gov/doc/fy23-north-central-budget-1/download,2026-08-26T10:29:14-04:00
https://www.mass.gov/doc/fy23-north-shore-budget-1/download,2026-08-26T10:29:14-04:00
https://www.mass.gov/doc/fy23-worcester-budget-1/download,2026-08-26T10:29:14-04:00
https://www.mass.gov/doc/mdcs-north-shore-latino-hiring-event-december-12-13-2022/download,2026-08-26T10:29:14-04:00
https://www.mass.gov/doc/dcs-info-32-108-re-employment-center-rec-and-dua-boston-hearings-office-are-moving/download,2026-08-26T10:29:14-04:00
https://www.mass.gov/doc/dcs-info-14-489-medication-assisted-treatment-mat-does-it-have-a-place-in-the-workforce-workforcegps-webinar/download,2026-08-26T10:29:14-04:00
https://www.mass.gov/doc/dcs-info-14-488-supported-employment-and-substance-use-disorder-workforcegps-webinar/download,2026-08-26T10:29:14-04:00
https://www.mass.gov/doc/dcs-info-14-490-youth-systems-building-academy-info-session-workforcegps-webinar/download,2026-08-26T10:29:14-04:00
https://www.mass.gov/doc/archive-november-14-2022-etrcc-meeting-minutes-and-meeting-materials/download,2026-08-26T14:59:10-04:00
https://www.mass.gov/doc/fy21-hampden-budget-22/download,2026-08-26T10:29:14-04:00
https://www.mass.gov/doc/dcs-info-09-129-fy2023-career-center-performance-reports-quarter-ending-september-30-2022/download,2026-08-26T10:29:14-04:00
https://www.mass.gov/doc/dcs-info-09-129a-tab00-table-of-contents/download,2026-08-26T10:29:14-04:00
https://www.mass.gov/doc/dcs-info-09-129b-tab01-executive-summary/download,2026-08-26T10:29:14-04:00
https://www.mass.gov/doc/dcs-info-09-129c-tab02-employer-summary/download,2026-08-26T10:27:05-04:00
https://www.mass.gov/doc/dcs-info-09-129d-tab03-job-seeker-summary/download,2026-08-26T10:27:05-04:00
https://www.mass.gov/doc/dcs-info-09-129e-tab04-veteran-summary/download,2026-08-26T10:27:05-04:00
https://www.mass.gov/doc/dcs-info-09-129f-tab05-res-summary/download,2026-08-26T10:27:05-04:00
https://www.mass.gov/doc/dcs-info-09-129g-tab06-title-i-adults-and-dislocated-worker-summary/download,2026-08-26T10:27:05-04:00
https://www.mass.gov/doc/dcs-info-09-129h-tab07-title-i-youth-summary/download,2026-08-26T10:29:14-04:00
https://www.mass.gov/doc/dcs-info-09-129i-tab08-national-dislocated-worker-grants-summary/download,2026-08-26T10:29:14-04:00
https://www.mass.gov/doc/dcs-info-09-129j-tab09-trade-summary/download,2026-08-26T10:29:14-04:00
https://www.mass.gov/doc/dcs-info-09-129k-tab10-labor-exchange-vets-resea-performance-summary/download,2026-08-26T10:29:14-04:00
https://www.mass.gov/doc/dcs-info-09-129l-tab11-title-i-performance/download,2026-08-26T10:29:14-04:00
https://www.mass.gov/doc/dcs-info-09-129m-tab12-trade-performance-summary/download,2026-08-26T10:28:38-04:00
https://www.mass.gov/doc/dcs-info-09-129n-tab13-performance-cohorts/download,2026-08-26T10:28:38-04:00
https://www.mass.gov/doc/dcs-info-14-491-deia-whats-the-buzz-and-how-do-we-start-workforcegps-webinar/download,2026-08-26T10:28:38-04:00
https://www.mass.gov/doc/dcs-info-14-492-taa-and-wioa-dislocated-worker-co-enrollment-in-ohio-workforcegps-webinar/download,2026-08-26T10:28:38-04:00
https://www.mass.gov/doc/fy23-berkshire-training-budget-8/download,2026-08-26T10:28:38-04:00
https://www.mass.gov/doc/fy23-brockton-budget-10/download,2026-08-26T10:28:38-04:00
https://www.mass.gov/doc/fy23-franklin-hampshire-budget-9/download,2026-08-26T10:28:38-04:00
https://www.mass.gov/doc/fy23-jtec-budget-8/download,2026-08-26T10:28:38-04:00
https://www.mass.gov/doc/fy23-lowell-budget-10/download,2026-08-26T10:28:38-04:00
https://www.mass.gov/doc/fy23-new-bedford-budget-10/download,2026-08-26T10:28:38-04:00
https://www.mass.gov/doc/fy23-north-central-budget-9/download,2026-08-26T10:28:38-04:00
https://www.mass.gov/doc/fy23-berkshire-training-budget-7/download,2026-08-26T10:28:38-04:00
https://www.mass.gov/doc/fy23-brockton-budget-9/download,2026-08-26T10:28:38-04:00
https://www.mass.gov/doc/fy23-city-of-quincy-budget-9/download,2026-08-26T10:28:38-04:00
https://www.mass.gov/doc/fy23-edic-budget-9/download,2026-08-26T10:28:38-04:00
https://www.mass.gov/doc/fy23-fall-river-budget-8/download,2026-08-26T10:28:38-04:00
https://www.mass.gov/doc/fy23-franklin-hampshire-budget-8/download,2026-08-26T10:28:38-04:00
https://www.mass.gov/doc/fy23-hampden-budget-9/download,2026-08-26T10:28:38-04:00
https://www.mass.gov/doc/fy23-jtec-budget-7/download,2026-08-26T10:28:38-04:00
https://www.mass.gov/doc/fy23-lawrence-budget-8/download,2026-08-26T10:28:38-04:00
https://www.mass.gov/doc/fy23-lowell-budget-9/download,2026-08-26T10:28:38-04:00
https://www.mass.gov/doc/fy23-metro-north-reb-budget-9/download,2026-08-26T10:28:38-04:00
https://www.mass.gov/doc/fy23-metro-southwest-budget-6/download,2026-08-26T10:28:38-04:00
https://www.mass.gov/doc/fy23-new-bedford-budget-9/download,2026-08-26T10:28:38-04:00
https://www.mass.gov/doc/fy23-north-central-budget-8/download,2026-08-26T10:28:38-04:00
https://www.mass.gov/doc/fy23-north-shore-budget-8/download,2026-08-26T10:28:38-04:00
https://www.mass.gov/doc/fy23-worcester-budget-10/download,2026-08-26T10:28:38-04:00
https://www.mass.gov/doc/dcs-info-02-148-masshire-career-information-system-college-high-school-and-middle-school-website-upgrade-on-january-3-2023/download,2026-08-26T10:28:38-04:00
https://www.mass.gov/doc/fy23-berkshire-training-budget-9/download,2026-08-26T10:28:38-04:00
https://www.mass.gov/doc/fy23-brockton-budget-11/download,2026-08-26T10:28:38-04:00
https://www.mass.gov/doc/fy23-city-of-quincy-budget-11/download,2026-08-26T10:28:38-04:00
https://www.mass.gov/doc/fy23-edic-budget-11/download,2026-08-26T10:28:38-04:00
https://www.mass.gov/doc/fy23-fall-river-budget-10/download,2026-08-26T10:28:38-04:00
https://www.mass.gov/doc/fy23-franklin-hampshire-budget-10/download,2026-08-26T10:28:38-04:00
https://www.mass.gov/doc/fy23-hampden-budget-11/download,2026-08-26T10:28:38-04:00
https://www.mass.gov/doc/fy23-jtec-budget-9/download,2026-08-26T10:28:38-04:00
https://www.mass.gov/doc/fy23-lawrence-budget-10/download,2026-08-26T10:28:38-04:00
https://www.mass.gov/doc/fy23-lowell-budget-11/download,2026-08-26T10:28:38-04:00
https://www.mass.gov/doc/fy23-metro-north-reb-budget-11/download,2026-08-26T10:28:38-04:00
https://www.mass.gov/doc/fy23-metro-southwest-budget-8/download,2026-08-26T10:28:38-04:00
https://www.mass.gov/doc/fy23-new-bedford-budget-11/download,2026-08-26T10:28:38-04:00
https://www.mass.gov/doc/fy23-north-central-budget-10/download,2026-08-26T10:28:38-04:00
https://www.mass.gov/doc/fy23-north-shore-budget-10/download,2026-08-26T10:28:38-04:00
https://www.mass.gov/doc/fy23-worcester-budget-12/download,2026-08-26T10:28:38-04:00
https://www.mass.gov/doc/dcs-info-29-107-work-without-limits-2023-virtual-career-fair-save-the-date/download,2026-08-26T10:28:38-04:00
https://www.mass.gov/doc/fy23-fall-river-budget-9/download,2026-08-26T10:28:38-04:00
https://www.mass.gov/doc/fy23-hampden-budget-10/download,2026-08-26T10:27:05-04:00
https://www.mass.gov/doc/fy23-lawrence-budget-9/download,2026-08-26T10:27:05-04:00
https://www.mass.gov/doc/fy23-metro-north-reb-budget-10/download,2026-08-26T10:27:05-04:00
https://www.mass.gov/doc/fy23-metro-southwest-budget-7/download,2026-08-26T10:27:05-04:00
https://www.mass.gov/doc/dcs-policy-02-108-state-staff-transition-from-detmaorg-to-massgov-domain/download,2026-08-26T10:27:05-04:00
https://www.mass.gov/doc/mdcs-january-2023-training-calendar/download,2026-08-26T10:25:44-04:00
https://www.mass.gov/doc/mdcs-february-2023-training-calendar/download,2026-08-26T10:24:29-04:00
https://www.mass.gov/doc/mdcs-march-2023-training-calendar/download,2026-08-26T10:22:53-04:00
https://www.mass.gov/doc/mdcs-april-2023-training-calendar/download,2026-08-26T10:21:38-04:00
https://www.mass.gov/doc/archive-restorative-justice-advisory-committee-meeting-agenda-11023/download,2026-08-26T15:07:37-04:00
https://www.mass.gov/doc/fy23-city-of-quincy-budget-10/download,2026-08-26T10:25:44-04:00
https://www.mass.gov/doc/dcs-info-05-177-massachusetts-minimum-wage-effective-january-1-2023/download,2026-08-26T10:25:44-04:00
https://www.mass.gov/doc/fy23-north-shore-budget-9/download,2026-08-26T10:25:44-04:00
https://www.mass.gov/doc/dcs-policy-08-121-1-masshire-virtual-service-delivery-requirements/download,2026-08-26T10:25:44-04:00
https://www.mass.gov/doc/dcs-policy-23-104-2-initial-resea-and-resea-reviews-delivery-and-documentation-through-electronicvirtual-means/download,2026-08-26T10:25:44-04:00
https://www.mass.gov/doc/dcs-info-25-243-funding-opportunity-dol-building-pathways-to-infrastructure-jobs/download,2026-08-26T10:25:44-04:00
https://www.mass.gov/doc/dcs-info-14-493-forthcoming-guidance-increasing-employer-and-workforce-system-customer-access-to-good-jobs-workforcegps-webinar/download,2026-08-26T10:25:44-04:00
https://www.mass.gov/doc/dcs-info-22-127-new-funding-available-for-masshire-apprenticeship-subject-matter-experts/download,2026-08-26T10:25:44-04:00
https://www.mass.gov/doc/dcs-info-22-127a-scope-of-work-template/download,2026-08-26T10:25:44-04:00
https://www.mass.gov/doc/dcs-info-22-127b-budget-request-form/download,2026-08-26T10:24:29-04:00
https://www.mass.gov/doc/fy23-berkshire-training-budget-10/download,2026-08-26T10:25:44-04:00
https://www.mass.gov/doc/fy23-berkshire-training-budget-11/download,2026-08-26T10:25:44-04:00
https://www.mass.gov/doc/fy23-brockton-budget-12/download,2026-08-26T10:25:44-04:00
https://www.mass.gov/doc/fy23-city-of-quincy-budget-12/download,2026-08-26T10:25:44-04:00
https://www.mass.gov/doc/fy23-city-of-quincy-budget-13/download,2026-08-26T10:25:44-04:00
https://www.mass.gov/doc/fy23-edic-budget-10/download,2026-08-26T10:25:44-04:00
https://www.mass.gov/doc/fy23-edic-budget-12/download,2026-08-26T10:25:44-04:00
https://www.mass.gov/doc/fy23-edic-budget-13/download,2026-08-26T10:25:05-04:00
https://www.mass.gov/doc/fy23-fall-river-budget-11/download,2026-08-26T10:25:05-04:00
https://www.mass.gov/doc/fy23-fall-river-budget-12/download,2026-08-26T10:25:05-04:00
https://www.mass.gov/doc/fy23-franklin-hampshire-budget-11/download,2026-08-26T10:25:05-04:00
https://www.mass.gov/doc/fy23-franklin-hampshire-budget-12/download,2026-08-26T10:25:05-04:00
https://www.mass.gov/doc/fy23-hampden-budget-12/download,2026-08-26T10:25:05-04:00
https://www.mass.gov/doc/fy23-hampden-budget-13/download,2026-08-26T10:25:05-04:00
https://www.mass.gov/doc/fy23-jtec-budget-10/download,2026-08-26T10:25:05-04:00
https://www.mass.gov/doc/fy23-jtec-budget-11/download,2026-08-26T10:25:05-04:00
https://www.mass.gov/doc/fy23-lawrence-budget-11/download,2026-08-26T10:25:05-04:00
https://www.mass.gov/doc/fy23-lawrence-budget-12/download,2026-08-26T10:25:05-04:00
https://www.mass.gov/doc/fy23-lowell-budget-13/download,2026-08-26T10:25:05-04:00
https://www.mass.gov/doc/fy23-metro-north-reb-budget-12/download,2026-08-26T10:25:05-04:00
https://www.mass.gov/doc/fy23-metro-north-reb-budget-13/download,2026-08-26T10:25:05-04:00
https://www.mass.gov/doc/fy23-metro-southwest-budget-9/download,2026-08-26T10:25:05-04:00
https://www.mass.gov/doc/fy23-metro-southwest-budget-10/download,2026-08-26T10:25:05-04:00
https://www.mass.gov/doc/fy23-new-bedford-budget-13/download,2026-08-26T10:25:05-04:00
https://www.mass.gov/doc/fy23-north-central-budget-11/download,2026-08-26T10:25:05-04:00
https://www.mass.gov/doc/fy23-north-central-budget-12/download,2026-08-26T10:25:05-04:00
https://www.mass.gov/doc/fy23-north-central-budget-13/download,2026-08-26T10:25:05-04:00
https://www.mass.gov/doc/fy23-north-shore-budget-11/download,2026-08-26T10:25:05-04:00
https://www.mass.gov/doc/fy23-north-shore-budget-12/download,2026-08-26T10:25:05-04:00
https://www.mass.gov/doc/fy23-worcester-budget-14/download,2026-08-26T10:25:05-04:00
https://www.mass.gov/doc/fy23-worcester-budget-11/download,2026-08-26T10:25:05-04:00
https://www.mass.gov/doc/fy23-worcester-budget-13/download,2026-08-26T10:25:05-04:00
https://www.mass.gov/doc/dcs-info-21-106-masshire-career-centers-mccs-role-in-connecting-us-job-seekers-to-jobs-with-employers-seeking-to-employ-h-2b-nonimmigrant-foreign-workers-certified-for-work-starting-in-fy2023/download,2026-08-26T10:25:05-04:00
https://www.mass.gov/doc/dcs-info-15-125-veterans-stand-down-events-grant-funding-availability/download,2026-08-26T10:25:05-04:00
https://www.mass.gov/doc/dcs-info-15-125a-stand-down-application-review-and-post-event-reporting-submission-guide/download,2026-08-26T10:25:05-04:00
https://www.mass.gov/doc/dcs-info-15-125b-stand-down-grant-application-and-post-event-report-submission-checklist-for-dvets-and-grantees/download,2026-08-26T10:25:05-04:00
https://www.mass.gov/doc/dcs-info-15-125c-veterans-program-letter-no-01-23/download,2026-08-26T10:25:05-04:00
https://www.mass.gov/doc/fy23-brockton-budget-13/download,2026-08-26T10:25:05-04:00
https://www.mass.gov/doc/fy23-lawrence-budget-13/download,2026-08-26T10:25:05-04:00
https://www.mass.gov/doc/dcs-info-02-149-moses-version-404-available-in-moses-on-wednesday-february-1-2023/download,2026-08-26T10:25:05-04:00
https://www.mass.gov/doc/dcs-policy-08-121-2-masshire-virtual-service-delivery-requirements/download,2026-08-26T10:25:05-04:00
https://www.mass.gov/doc/dcs-policy-08-121-2a-virtual-service-customer-flow/download,2026-08-26T10:25:05-04:00
https://www.mass.gov/doc/dcs-policy-08-121-2b-barriers-matrix/download,2026-08-26T10:25:05-04:00
https://www.mass.gov/doc/dcs-policy-08-121-2c-android-phone-scanning-instructions/download,2026-08-26T10:25:05-04:00
https://www.mass.gov/doc/dcs-policy-08-121-2d-iphone-or-ipad-scanning-instructions/download,2026-08-26T10:25:05-04:00
https://www.mass.gov/doc/dcs-info-37-101-upskilling-navigator-bootcamp-trainings/download,2026-08-26T10:25:05-04:00
https://www.mass.gov/doc/dcs-info-37-102-futureskills-crystal-reports/download,2026-08-26T10:25:05-04:00
https://www.mass.gov/doc/dcs-info-14-495-premier-upgrades-review-of-upgrades/download,2026-08-26T10:25:05-04:00
https://www.mass.gov/doc/dcs-info-14-496-job-quality-academy-overviewpre-applicant-webinar-workforcegps/download,2026-08-26T10:25:05-04:00
https://www.mass.gov/doc/dcs-info-14-497-using-social-media-as-an-outreach-and-marketing-tool-workforcegps/download,2026-08-26T10:25:05-04:00
https://www.mass.gov/doc/dcs-info-14-494-yes-wioa-can-building-strong-business-partnerships-workforcegps-webinar/download,2026-08-26T10:25:05-04:00
https://www.mass.gov/doc/dcs-jpp-01-2023-fy23-wioa-state-partner-infrastructure-contributions/download,2026-08-26T10:25:05-04:00
https://www.mass.gov/doc/dcs-jpp-01-2023a-adult-community-learning-services-acls/download,2026-08-26T10:25:05-04:00
https://www.mass.gov/doc/dcs-jpp-01-2023c-massachusetts-commission-for-the-blind-mcb/download,2026-08-26T10:25:05-04:00
https://www.mass.gov/doc/dcs-jpp-01-2023d-massachusetts-rehabilitation-commission-mrc/download,2026-08-26T10:24:29-04:00
https://www.mass.gov/doc/dcs-jpp-02-2023-fy2023-adult-and-community-learning-services-adult-career-pathway-funds/download,2026-08-26T10:24:29-04:00
https://www.mass.gov/doc/dcs-jpp-02-2023a-fy2023-adult-and-community-learning-services-adult-career-pathway-funds/download,2026-08-26T10:24:29-04:00
https://www.mass.gov/doc/dcs-policy-37-103-futureskills-moses-data-entry-for-market-makers/download,2026-08-26T10:24:29-04:00
https://www.mass.gov/doc/dcs-policy-37-103a-market-maker-onboard-materials/download,2026-08-26T10:24:29-04:00
https://www.mass.gov/doc/dcs-policy-37-103b-employer-engagement-guidebook/download,2026-08-26T10:24:29-04:00
https://www.mass.gov/doc/dcs-policy-37-103c-futureskills-market-maker-training/download,2026-08-26T10:24:29-04:00
https://www.mass.gov/doc/dcs-policy-37-103d-futureskills-ma-cities-region-reference/download,2026-08-26T10:24:29-04:00
https://www.mass.gov/doc/dcs-info-15-126-hire-vets-medallion-program-2023/download,2026-08-26T10:24:29-04:00
https://www.mass.gov/doc/dcs-policy-04-111-1-adult-community-learning-services-acls/download,2026-08-26T10:24:29-04:00
https://www.mass.gov/doc/dcs-policy-04-111-3-massachusetts-commission-for-the-blind-mcb/download,2026-08-26T10:24:29-04:00
https://www.mass.gov/doc/dcs-policy-04-111-4-massachusetts-rehabilitation-commission-mrc/download,2026-08-26T10:24:29-04:00
https://www.mass.gov/doc/fy23-berkshire-training-budget-12/download,2026-08-26T10:24:29-04:00
https://www.mass.gov/doc/fy23-brockton-budget-14/download,2026-08-26T10:24:29-04:00
https://www.mass.gov/doc/fy23-city-of-quincy-budget-14/download,2026-08-26T10:24:29-04:00
https://www.mass.gov/doc/fy23-edic-budget-14/download,2026-08-26T10:24:29-04:00
https://www.mass.gov/doc/fy23-fall-river-budget-13/download,2026-08-26T10:24:29-04:00
https://www.mass.gov/doc/fy23-franklin-hampshire-budget-13/download,2026-08-26T10:24:29-04:00
https://www.mass.gov/doc/fy23-hampden-budget-14/download,2026-08-26T10:24:29-04:00
https://www.mass.gov/doc/fy23-jtec-budget-12/download,2026-08-26T10:24:29-04:00
https://www.mass.gov/doc/fy23-lawrence-budget-14/download,2026-08-26T10:24:29-04:00
https://www.mass.gov/doc/fy23-lowell-budget-14/download,2026-08-26T10:24:29-04:00
https://www.mass.gov/doc/fy23-metro-north-reb-budget-14/download,2026-08-26T10:24:29-04:00
https://www.mass.gov/doc/fy23-metro-southwest-budget-11/download,2026-08-26T10:24:29-04:00
https://www.mass.gov/doc/fy23-new-bedford-budget-14/download,2026-08-26T10:24:29-04:00
https://www.mass.gov/doc/fy23-north-shore-budget-13/download,2026-08-26T10:24:29-04:00
https://www.mass.gov/doc/fy23-worcester-budget-15/download,2026-08-26T10:24:29-04:00
https://www.mass.gov/doc/fy22-lowell-budget-15/download,2026-08-26T10:24:29-04:00
https://www.mass.gov/doc/fy21-lowell-budget-23/download,2026-08-26T10:24:29-04:00
https://www.mass.gov/doc/dcs-policy-13-121-1-phased-termination-of-the-trade-adjustment-assistance-program-updated-operating-instructions/download,2026-08-26T10:24:29-04:00
https://www.mass.gov/doc/dcs-info-14-498-providing-services-to-immigrant-workers-and-refugees-workforcegps-webinar/download,2026-08-26T10:24:29-04:00
https://www.mass.gov/doc/dcs-info-14-499-react-collaboratively-and-quickly-for-rapid-response-events-workforcegps-webinar/download,2026-08-26T10:24:29-04:00
https://www.mass.gov/doc/fy23-lowell-budget-12/download,2026-08-26T10:24:29-04:00
https://www.mass.gov/doc/fy23-new-bedford-budget-12/download,2026-08-26T10:24:29-04:00
https://www.mass.gov/doc/fy23-fall-river-budget-15/download,2026-08-26T10:24:29-04:00
https://www.mass.gov/doc/fy23-lowell-budget-16/download,2026-08-26T10:24:29-04:00
https://www.mass.gov/doc/fy23-new-bedford-budget-16/download,2026-08-26T10:24:29-04:00
https://www.mass.gov/doc/fy23-north-central-budget-15/download,2026-08-26T10:24:29-04:00
https://www.mass.gov/doc/fy23-hampden-budget-16/download,2026-08-26T10:24:29-04:00
https://www.mass.gov/doc/fy23-lowell-budget-17/download,2026-08-26T10:24:29-04:00
https://www.mass.gov/doc/community-career-and-resource-fair-march-28-2023/download,2026-08-26T10:24:29-04:00
https://www.mass.gov/doc/manufacturing-industry-resource-and-career-fair-march-7-2023/download,2026-08-26T10:24:29-04:00
https://www.mass.gov/doc/dcs-info-25-244-new-funding-opportunity-dys-skill-up-to-support-dys-youth/download,2026-08-26T10:24:29-04:00
https://www.mass.gov/doc/dcs-info-09-130a-tab00-table-of-contents/download,2026-08-26T10:23:33-04:00
https://www.mass.gov/doc/dcs-info-09-130b-tab01-executive-summary/download,2026-08-26T10:23:33-04:00
https://www.mass.gov/doc/dcs-info-09-130c-tab02-employer-summary/download,2026-08-26T10:24:29-04:00
https://www.mass.gov/doc/dcs-info-09-130d-tab03-job-seeker-summary/download,2026-08-26T10:24:29-04:00
https://www.mass.gov/doc/dcs-info-09-130e-tab04-veteran-summary/download,2026-08-26T10:23:33-04:00
https://www.mass.gov/doc/dcs-info-09-130f-tab05-res-summary/download,2026-08-26T10:23:33-04:00
https://www.mass.gov/doc/dcs-info-09-130g-tab06-title-i-adults-and-dislocated-worker-summary/download,2026-08-26T10:23:33-04:00
https://www.mass.gov/doc/dcs-info-14-500-participatory-evaluation-in-workforce-development-practice-workforcegps-webinar/download,2026-08-26T10:23:33-04:00
https://www.mass.gov/doc/dcs-info-37-103-futureskills-branding-campaign/download,2026-08-26T10:23:33-04:00
https://www.mass.gov/doc/dcs-info-37-103a-futureskills-social-media-kit-english/download,2026-08-26T10:23:33-04:00
https://www.mass.gov/doc/dcs-info-37-103b-futureskills-social-media-kit-spanish/download,2026-08-26T10:23:33-04:00
https://www.mass.gov/doc/dcs-info-37-103c-market-maker-futureskills-social-media-kit-english/download,2026-08-26T10:23:33-04:00
https://www.mass.gov/doc/dcs-info-37-103d-market-maker-futureskills-social-media-kit-spanish/download,2026-08-26T10:23:33-04:00
https://www.mass.gov/doc/dcs-info-09-130-fy2023-career-center-performance-reports-quarter-ending-december-31-2022/download,2026-08-26T10:23:33-04:00
https://www.mass.gov/doc/dcs-info-09-130h-tab07-title-i-youth-summary/download,2026-08-26T10:23:33-04:00
https://www.mass.gov/doc/dcs-info-09-130i-tab08-national-dislocated-worker-grants-summary/download,2026-08-26T10:23:33-04:00
https://www.mass.gov/doc/dcs-info-09-130j-tab09-trade-summary/download,2026-08-26T10:23:33-04:00
https://www.mass.gov/doc/dcs-info-09-130k-tab10-labor-exchange-vets-resea-performance-summary/download,2026-08-26T10:23:33-04:00
https://www.mass.gov/doc/dcs-info-09-130l-tab11-title-i-performance/download,2026-08-26T10:23:33-04:00
https://www.mass.gov/doc/dcs-info-09-130m-tab12-trade-performance-summary/download,2026-08-26T10:23:33-04:00
https://www.mass.gov/doc/dcs-info-09-130n-tab13-performance-cohorts/download,2026-08-26T10:23:33-04:00
https://www.mass.gov/doc/dcs-info-14-501-new-careeronestop-user-accounts-workforcegps-webinar/download,2026-08-26T10:23:33-04:00
https://www.mass.gov/doc/fy23-wioa-youth-service-providers-local-area-listing/download,2026-08-26T10:23:33-04:00
https://www.mass.gov/doc/dcs-info-14-502-department-of-labor-programs-and-funding-opportunities-in-2023-webinar/download,2026-08-26T10:23:33-04:00
https://www.mass.gov/doc/dcs-info-22-128-apprenticeship-information-session/download,2026-08-26T10:23:33-04:00
https://www.mass.gov/doc/dcs-info-14-503-state-ethics-commissions-new-conflict-of-interest-law-online-training-program/download,2026-08-26T10:23:33-04:00
https://www.mass.gov/doc/dcs-info-25-245-vets-funding-opportunity-and-prospective-applicant-webinar/download,2026-08-26T10:23:33-04:00
https://www.mass.gov/doc/dcs-info-25-245a-foa-vets-23-01/download,2026-08-26T10:23:33-04:00
https://www.mass.gov/doc/dcs-info-25-245b-funding-opportunity-flyer/download,2026-08-26T10:23:33-04:00
https://www.mass.gov/doc/dcs-info-14-504-federal-bond-program-information-session/download,2026-08-26T10:23:33-04:00
https://www.mass.gov/doc/dcs-info-25-246-pathway-home-4-funding-opportunity-and-prospective-applicant-webinar/download,2026-08-26T10:23:33-04:00
https://www.mass.gov/doc/dcs-info-25-246a-foa-eta-23-04/download,2026-08-26T10:23:33-04:00
https://www.mass.gov/doc/dcs-info-14-505-co-enrollment-across-wioa-core-programs-workforcegps-webinar/download,2026-08-26T10:23:33-04:00
https://www.mass.gov/doc/dcs-info-05-178-key-digital-literacy-resources-available/download,2026-08-26T10:23:33-04:00
https://www.mass.gov/doc/dcs-info-25-247-call-for-ideas-national-health-emergency-dislocated-worker-demonstration-grants-to-address-the-opioid-crisis/download,2026-08-26T10:23:33-04:00
https://www.mass.gov/doc/dcs-info-25-247a-call-for-ideas-template/download,2026-08-26T10:23:33-04:00
https://www.mass.gov/doc/dcs-info-25-247b-phase-i-synopsis-of-results-from-massachusetts-national-health-emergency-dislocated-workforce-demonstration-grant-to-address-the-opioid-crisis/download,2026-08-26T10:23:33-04:00
https://www.mass.gov/doc/dcs-info-14-506-resea-guidance-fy-2023-workforcegps-webinar/download,2026-08-26T10:23:33-04:00
https://www.mass.gov/doc/fy23-berkshire-training-budget-13/download,2026-08-26T10:23:33-04:00
https://www.mass.gov/doc/fy23-city-of-quincy-budget-15/download,2026-08-26T10:23:33-04:00
https://www.mass.gov/doc/fy23-fall-river-budget-14/download,2026-08-26T10:23:33-04:00
https://www.mass.gov/doc/fy23-franklin-hampshire-budget-14/download,2026-08-26T10:23:33-04:00
https://www.mass.gov/doc/fy23-jtec-budget-13/download,2026-08-26T10:23:33-04:00
https://www.mass.gov/doc/fy23-lawrence-budget-15/download,2026-08-26T10:23:33-04:00
https://www.mass.gov/doc/fy23-lowell-budget-15/download,2026-08-26T10:23:33-04:00
https://www.mass.gov/doc/fy23-new-bedford-budget-15/download,2026-08-26T10:23:33-04:00
https://www.mass.gov/doc/fy23-north-central-budget-14/download,2026-08-26T10:23:33-04:00
https://www.mass.gov/doc/fy23-north-shore-budget-14/download,2026-08-26T10:23:33-04:00
https://www.mass.gov/doc/fy23-worcester-budget-16/download,2026-08-26T10:23:33-04:00
https://www.mass.gov/doc/fy23-brockton-budget-15/download,2026-08-26T10:22:53-04:00
https://www.mass.gov/doc/fy23-edic-budget-15/download,2026-08-26T10:22:53-04:00
https://www.mass.gov/doc/fy23-hampden-budget-15/download,2026-08-26T10:22:53-04:00
https://www.mass.gov/doc/fy23-metro-north-reb-budget-15/download,2026-08-26T10:22:53-04:00
https://www.mass.gov/doc/fy23-metro-southwest-budget-12/download,2026-08-26T10:22:53-04:00
https://www.mass.gov/doc/dcs-info-14-508-mrc-the-power-of-collaboration-networking-event/download,2026-08-26T10:22:53-04:00
https://www.mass.gov/doc/dcs-info-14-508a-the-power-of-collaboration-event-flyer/download,2026-08-26T10:22:53-04:00
https://www.mass.gov/doc/dcs-info-14-507-expanding-employment-opportunities-for-people-in-recovery-workforcegps-webinar/download,2026-08-26T10:22:53-04:00
https://www.mass.gov/doc/masshirecis-activation-form/download,2026-08-26T10:22:53-04:00
https://www.mass.gov/doc/fy23-city-of-quincy-budget-16/download,2026-08-26T10:22:53-04:00
https://www.mass.gov/doc/fy23-lawrence-budget-16/download,2026-08-26T10:22:53-04:00
https://www.mass.gov/doc/fy23-lowell-budget-18/download,2026-08-26T10:22:53-04:00
https://www.mass.gov/doc/fy23-north-central-budget-16/download,2026-08-26T10:22:53-04:00
https://www.mass.gov/doc/fy23-north-shore-budget-15/download,2026-08-26T10:22:53-04:00
https://www.mass.gov/doc/fy23-worcester-budget-17/download,2026-08-26T10:22:53-04:00
https://www.mass.gov/doc/fy23-berkshire-training-budget-14/download,2026-08-26T10:22:53-04:00
https://www.mass.gov/doc/fy23-berkshire-training-budget-15/download,2026-08-26T10:22:53-04:00
https://www.mass.gov/doc/fy23-brockton-budget-16/download,2026-08-26T10:22:53-04:00
https://www.mass.gov/doc/fy23-edic-budget-16/download,2026-08-26T10:22:53-04:00
https://www.mass.gov/doc/fy23-hampden-budget-17/download,2026-08-26T10:22:53-04:00
https://www.mass.gov/doc/fy23-hampden-budget-18/download,2026-08-26T10:22:53-04:00
https://www.mass.gov/doc/fy23-metro-north-reb-budget-16/download,2026-08-26T10:22:53-04:00
https://www.mass.gov/doc/dcs-info-14-509-worker-outreach-and-program-accessibility-workforcegps-webinar/download,2026-08-26T10:22:53-04:00
https://www.mass.gov/doc/dcs-info-19-117-wioa-title-i-youth-formular-program-guidance-tegl-9-22/download,2026-08-26T10:22:20-04:00
https://www.mass.gov/doc/fy23-metro-southwest-budget-13/download,2026-08-26T10:22:53-04:00
https://www.mass.gov/doc/fy23-metro-southwest-budget-14/download,2026-08-26T10:22:53-04:00
https://www.mass.gov/doc/hingham-retirement-board-audit-report-1100-123123/download,2026-08-26T08:12:19-04:00
https://www.mass.gov/doc/dcs-policy-04-1112c-fy23-fy24-wpp-expansion-program-allocations/download,2026-08-26T10:22:53-04:00
https://www.mass.gov/doc/hha-56-revised-subchapter-6-service-codes-and-descriptions/download,2026-08-26T12:58:28-04:00
https://www.mass.gov/doc/hha-56-revised-subchapter-6-service-codes-and-descriptions-0/download,2026-08-26T12:58:33-04:00
https://www.mass.gov/doc/fy23-cape-cod-wib-budget-2/download,2026-08-26T10:22:53-04:00
https://www.mass.gov/doc/mwdb-board-meeting-minutes-march-7-2017/download,2026-08-26T10:22:53-04:00
https://www.mass.gov/doc/mwdb-board-meeting-agenda-march-7-2017/download,2026-08-26T10:22:53-04:00
https://www.mass.gov/doc/mwdb-board-meeting-agenda-june-20-2017/download,2026-08-26T10:22:53-04:00
https://www.mass.gov/doc/mwdb-board-meeting-minutes-june-20-2017/download,2026-08-26T10:22:53-04:00
https://www.mass.gov/doc/mwdb-board-meeting-agenda-september-11-2017/download,2026-08-26T10:22:53-04:00
https://www.mass.gov/doc/mwdb-board-meeting-agenda-december-5-2017/download,2026-08-26T10:22:53-04:00
https://www.mass.gov/doc/mwdb-board-meeting-minutes-december-5-2017/download,2026-08-26T10:22:53-04:00
https://www.mass.gov/doc/mwdb-board-meeting-agenda-march-6-2018/download,2026-08-26T10:22:53-04:00
https://www.mass.gov/doc/mwdb-board-meeting-minutes-march-6-2018/download,2026-08-26T10:22:53-04:00
https://www.mass.gov/doc/mwdb-board-meeting-agenda-june-11-2018/download,2026-08-26T10:22:53-04:00
https://www.mass.gov/doc/mwdb-board-meeting-minutes-june-11-2018/download,2026-08-26T10:22:53-04:00
https://www.mass.gov/doc/mwdb-board-meeting-agenda-september-10-2018/download,2026-08-26T10:22:53-04:00
https://www.mass.gov/doc/mwdb-board-meeting-minutes-september-10-2018/download,2026-08-26T10:22:53-04:00
https://www.mass.gov/doc/mwdb-board-meeting-agenda-december-6-2018/download,2026-08-26T10:22:53-04:00
https://www.mass.gov/doc/mwdb-board-meeting-minutes-december-6-2018/download,2026-08-26T10:22:53-04:00
https://www.mass.gov/doc/mwdb-board-meeting-agenda-march-19-2019/download,2026-08-26T10:22:53-04:00
https://www.mass.gov/doc/mwdb-board-meeting-minutes-march-19-2019/download,2026-08-26T10:22:53-04:00
https://www.mass.gov/doc/mwdb-board-meeting-agenda-june-18-2019/download,2026-08-26T10:22:53-04:00
https://www.mass.gov/doc/mwdb-board-meeting-minutes-june-18-2019/download,2026-08-26T10:22:53-04:00
https://www.mass.gov/doc/mwdb-board-meeting-agenda-october-1-2019/download,2026-08-26T10:22:20-04:00
https://www.mass.gov/doc/mwdb-board-meeting-minutes-october-1-2019/download,2026-08-26T10:22:20-04:00
https://www.mass.gov/doc/mwdb-board-meeting-agenda-january-13-2020/download,2026-08-26T10:22:20-04:00
https://www.mass.gov/doc/mwdb-board-meeting-minutes-january-13-2020/download,2026-08-26T10:22:20-04:00
https://www.mass.gov/doc/mwdb-board-meeting-agenda-march-9-2020/download,2026-08-26T10:22:20-04:00
https://www.mass.gov/doc/mwdb-board-meeting-minutes-march-9-2020/download,2026-08-26T10:22:20-04:00
https://www.mass.gov/doc/mwdb-board-meeting-agenda-june-4-2020/download,2026-08-26T10:22:20-04:00
https://www.mass.gov/doc/mwdb-board-meeting-minutes-june-4-2020/download,2026-08-26T10:22:20-04:00
https://www.mass.gov/doc/mwdb-board-meeting-agenda-september-24-2020/download,2026-08-26T10:22:20-04:00
https://www.mass.gov/doc/mwdb-board-meeting-minutes-september-24-2020/download,2026-08-26T10:22:20-04:00
https://www.mass.gov/doc/mwdb-board-meeting-agenda-december-3-2020/download,2026-08-26T10:22:20-04:00
https://www.mass.gov/doc/mwdb-board-meeting-minutes-december-3-2020/download,2026-08-26T10:22:20-04:00
https://www.mass.gov/doc/mwdb-board-meeting-agenda-march-18-2021/download,2026-08-26T10:22:20-04:00
https://www.mass.gov/doc/mwdb-board-meeting-minutes-march-18-2021/download,2026-08-26T10:22:20-04:00
https://www.mass.gov/doc/mwdb-board-meeting-agenda-june-21-2021/download,2026-08-26T10:22:20-04:00
https://www.mass.gov/doc/mwdb-board-meeting-minutes-june-21-2021/download,2026-08-26T10:22:20-04:00
https://www.mass.gov/doc/mwdb-board-meeting-agenda-september-28-2021/download,2026-08-26T10:22:20-04:00
https://www.mass.gov/doc/mwdb-board-meeting-minutes-september-28-2021/download,2026-08-26T10:22:20-04:00
https://www.mass.gov/doc/mwdb-board-meeting-agenda-december-9-2021/download,2026-08-26T10:22:20-04:00
https://www.mass.gov/doc/mwdb-board-meeting-minutes-december-9-2021/download,2026-08-26T10:22:20-04:00
https://www.mass.gov/doc/dcs-info-02-150-multi-factor-authentication-to-be-activated-on-massgov-amazon-workspaces/download,2026-08-26T10:22:20-04:00
https://www.mass.gov/doc/100-dcs-191014-wioa-title-i-youth-eligibility/download,2026-08-26T10:22:20-04:00
https://www.mass.gov/doc/wioa-factsheet/download,2026-08-26T10:22:20-04:00
https://www.mass.gov/doc/wioa-faqs/download,2026-08-26T10:22:20-04:00
https://www.mass.gov/doc/wioa-policies-master-8-26-2021/download,2026-08-26T10:22:20-04:00
https://www.mass.gov/doc/wioa-side-by-side-comparison-0/download,2026-08-26T10:22:20-04:00
https://www.mass.gov/doc/wioa-youth-individual-service-strategy/download,2026-08-26T10:22:20-04:00
https://www.mass.gov/doc/mwdb-board-meeting-agenda-march-10-2022/download,2026-08-26T10:22:20-04:00
https://www.mass.gov/doc/mwdb-board-meeting-minutes-march-10-2022/download,2026-08-26T10:22:20-04:00
https://www.mass.gov/doc/mwdb-board-meeting-agenda-june-9-2022/download,2026-08-26T10:22:20-04:00
https://www.mass.gov/doc/mwdb-board-meeting-minutes-june-9-2022/download,2026-08-26T10:22:20-04:00
https://www.mass.gov/doc/mwdb-board-meeting-agenda-september-15-2022/download,2026-08-26T10:22:20-04:00
https://www.mass.gov/doc/mwdb-board-meeting-minutes-september-15-2022/download,2026-08-26T10:22:20-04:00
https://www.mass.gov/doc/mwdb-board-meeting-agenda-december-8-2022/download,2026-08-26T10:22:20-04:00
https://www.mass.gov/doc/mwdb-board-meeting-minutes-december-8-2022/download,2026-08-26T10:22:20-04:00
https://www.mass.gov/doc/dcs-info-14-510-introductions-to-trauma-and-healing-centered-workforce-development-workforce-gps-webinar/download,2026-08-26T10:22:20-04:00
https://www.mass.gov/doc/fy23-city-of-quincy-budget-17/download,2026-08-26T10:22:20-04:00
https://www.mass.gov/doc/fy23-edic-budget-17/download,2026-08-26T10:22:20-04:00
https://www.mass.gov/doc/fy23-fall-river-budget-16/download,2026-08-26T10:22:20-04:00
https://www.mass.gov/doc/fy23-franklin-hampshire-budget-15/download,2026-08-26T10:22:20-04:00
https://www.mass.gov/doc/fy23-hampden-budget-19/download,2026-08-26T10:22:20-04:00
https://www.mass.gov/doc/fy23-jtec-budget-14/download,2026-08-26T10:22:20-04:00
https://www.mass.gov/doc/fy23-lawrence-budget-17/download,2026-08-26T10:22:20-04:00
https://www.mass.gov/doc/fy23-lowell-budget-19/download,2026-08-26T10:22:20-04:00
https://www.mass.gov/doc/fy23-metro-north-reb-budget-17/download,2026-08-26T10:22:20-04:00
https://www.mass.gov/doc/fy23-metro-southwest-budget-15/download,2026-08-26T10:22:20-04:00
https://www.mass.gov/doc/fy23-new-bedford-budget-17/download,2026-08-26T10:21:38-04:00
https://www.mass.gov/doc/fy23-north-central-budget-17/download,2026-08-26T10:21:38-04:00
https://www.mass.gov/doc/fy23-north-shore-budget-16/download,2026-08-26T10:21:38-04:00
https://www.mass.gov/doc/resea-ccs-odv-no-initial-resea/download,2026-08-26T10:20:57-04:00
https://www.mass.gov/doc/dcs-info-14-511-promising-practices-on-effectively-engaging-local-officials-yes-wioa-can-workforcegps-webinar/download,2026-08-26T10:21:38-04:00
https://www.mass.gov/doc/dcs-info-25-248-funding-opportunity-rural-postsecondary-economic-development/download,2026-08-26T10:21:38-04:00
https://www.mass.gov/doc/fy23-berkshire-training-budget-16/download,2026-08-26T10:21:38-04:00
https://www.mass.gov/doc/fy23-city-of-quincy-budget-18/download,2026-08-26T10:21:38-04:00
https://www.mass.gov/doc/fy23-fall-river-budget-17/download,2026-08-26T10:21:38-04:00
https://www.mass.gov/doc/fy23-franklin-hampshire-budget-16/download,2026-08-26T10:21:38-04:00
https://www.mass.gov/doc/fy23-jtec-budget-15/download,2026-08-26T10:21:38-04:00
https://www.mass.gov/doc/fy23-lawrence-budget-18/download,2026-08-26T10:21:38-04:00
https://www.mass.gov/doc/fy23-lowell-budget-20/download,2026-08-26T10:21:38-04:00
https://www.mass.gov/doc/fy23-new-bedford-budget-18/download,2026-08-26T10:21:38-04:00
https://www.mass.gov/doc/fy23-north-central-budget-18/download,2026-08-26T10:21:38-04:00
https://www.mass.gov/doc/fy23-north-shore-budget-17/download,2026-08-26T10:21:38-04:00
https://www.mass.gov/doc/fy23-worcester-budget-18/download,2026-08-26T10:21:38-04:00
https://www.mass.gov/doc/fy23-brockton-budget-17/download,2026-08-26T10:21:38-04:00
https://www.mass.gov/doc/fy23-edic-budget-18/download,2026-08-26T10:21:38-04:00
https://www.mass.gov/doc/fy23-hampden-budget-20/download,2026-08-26T10:21:38-04:00
https://www.mass.gov/doc/fy23-metro-north-reb-budget-18/download,2026-08-26T10:21:38-04:00
https://www.mass.gov/doc/dcs-info-05-179-positions-available-dcr-pool-and-waterfront-safety/download,2026-08-26T10:21:38-04:00
https://www.mass.gov/doc/dcs-info-05-179a-department-of-conservation-and-recreation-flyer-2023-pws-hiring/download,2026-08-26T10:21:38-04:00
https://www.mass.gov/doc/dcs-policy-04-112a-wioa-local-four-year-plan-signatory-form/download,2026-08-26T10:21:38-04:00
https://www.mass.gov/doc/dcs-policy-04-112b-no-modification-acknowledgement-form/download,2026-08-26T10:21:38-04:00
https://www.mass.gov/doc/dcs-policy-04-112c-extension-request/download,2026-08-26T10:21:38-04:00
https://www.mass.gov/doc/dcs-policy-03-113-1-open-meeting-law-suspension-of-certain-provisions/download,2026-08-26T10:21:38-04:00
https://www.mass.gov/doc/dcs-info-14-512-a-review-of-youth-training-and-employment-guidance-letter-09-22-yes-wioa-can-workforcegps-webinar/download,2026-08-26T10:21:38-04:00
https://www.mass.gov/doc/policy-012018-wioa-partner-shared-customers/download,2026-08-26T10:21:38-04:00
https://www.mass.gov/doc/policy-100-dcs-02104-mdcs-participation-and-exit-policy/download,2026-08-26T10:21:38-04:00
https://www.mass.gov/doc/policy-100-dcs-08106-supportive-services-and-needs-related-payments-title-i-adults-dw-youth/download,2026-08-26T10:21:38-04:00
https://www.mass.gov/doc/policy-100-dcs-181016-eligibility-requirements-wioa-title-i-adult-dislocated-worker/download,2026-08-26T10:21:38-04:00
https://www.mass.gov/doc/tegl-26-16-wage-records/download,2026-08-26T10:21:38-04:00
https://www.mass.gov/doc/ten-25-19-post-secondary-credintials/download,2026-08-26T10:21:38-04:00
https://www.mass.gov/doc/wioa-department-of-labor-only-final-rule/download,2026-08-26T10:21:38-04:00
https://www.mass.gov/doc/wioa-terms-and-definitions/download,2026-08-26T10:21:38-04:00
https://www.mass.gov/doc/mdcs-may-2023-training-calendar/download,2026-08-26T10:21:38-04:00
https://www.mass.gov/doc/dcs-jpp-01-2023e-senior-community-services-employment-program-scsep-state/download,2026-08-26T10:21:38-04:00
https://www.mass.gov/doc/dcs-jpp-01-2023f-senior-community-services-employment-program-scsep-national/download,2026-08-26T10:21:38-04:00
https://www.mass.gov/doc/dcs-policy-04-111-5-senior-community-services-employment-prog-scsep/download,2026-08-26T10:21:38-04:00
https://www.mass.gov/doc/dcs-policy-04-111-6-national-senior-community-service-and-employment-program-scsep/download,2026-08-26T10:21:38-04:00
https://www.mass.gov/doc/dcs-info-05-180-mbta-employment-fair-and-toolkit/download,2026-08-26T10:21:38-04:00
https://www.mass.gov/doc/dcs-info-05-180a-mbta-hiring-toolkit/download,2026-08-26T10:21:38-04:00
https://www.mass.gov/doc/dcs-info-14-513-national-apprenticeship-system-enhancements-listening-session-workforcegps-webinar/download,2026-08-26T10:21:38-04:00
https://www.mass.gov/doc/dcs-info-14-514-the-impacts-of-opioid-addiction-on-the-rural-workforce-workforcegps-webinar/download,2026-08-26T10:21:38-04:00
https://www.mass.gov/doc/fy23-berkshire-training-budget-17/download,2026-08-26T10:21:38-04:00
https://www.mass.gov/doc/fy23-brockton-budget-18/download,2026-08-26T10:21:38-04:00
https://www.mass.gov/doc/fy23-edic-budget-19/download,2026-08-26T10:20:57-04:00
https://www.mass.gov/doc/fy23-franklin-hampshire-budget-17/download,2026-08-26T10:20:57-04:00
https://www.mass.gov/doc/fy23-jtec-budget-16/download,2026-08-26T10:20:57-04:00
https://www.mass.gov/doc/fy23-lowell-budget-21/download,2026-08-26T10:20:57-04:00
https://www.mass.gov/doc/fy23-metro-southwest-budget-16/download,2026-08-26T10:20:57-04:00
https://www.mass.gov/doc/fy23-metro-north-reb-budget-19/download,2026-08-26T10:20:57-04:00
https://www.mass.gov/doc/dcs-info-14-515-native-americans-and-the-opioid-epidemic-finding-solutions-in-the-workforce-workforcegps-webinar/download,2026-08-26T10:20:57-04:00
https://www.mass.gov/doc/dcs-info-14-516-workforce-opportunity-for-rural-communities-initiative-round-5-potential-applicant-webinar-workforcegps-webinar/download,2026-08-26T10:20:57-04:00
https://www.mass.gov/doc/dcs-policy-02-109-moses-services-backdating-maximum-to-90-days/download,2026-08-26T10:20:57-04:00
https://www.mass.gov/doc/dcs-policy-23-104-3-initial-resea-and-resea-reviews-delivery-and-documentation-through-in-person-or-electronicvirtual-means/download,2026-08-26T10:20:57-04:00
https://www.mass.gov/doc/dcs-info-14-517-trauma-and-substance-use-disorder-workforcegps-webinar/download,2026-08-26T10:20:57-04:00
https://www.mass.gov/doc/nrs-test-benchmarks-for-educational-functioning-levels-2/download,2026-08-26T10:20:57-04:00
https://www.mass.gov/doc/dcs-info-05-181-appointment-of-gregg-weltz-as-new-region-1-administrator/download,2026-08-26T10:20:57-04:00
https://www.mass.gov/doc/archive-interagency-crime-victim-steering-committee-agenda-51623/download,2026-08-26T11:15:40-04:00
https://www.mass.gov/doc/dcs-info-15-127-jobs-for-veterans-state-grant-performance-incentive-awards-ffy23-call-for-nominations/download,2026-08-26T10:20:57-04:00
https://www.mass.gov/doc/dcs-info-15-127a-performance-incentive-awards-nomination-procedures/download,2026-08-26T10:20:57-04:00
https://www.mass.gov/doc/dcs-info-15-127b-performance-incentive-awards-nomination-form/download,2026-08-26T10:20:57-04:00
https://www.mass.gov/doc/dcs-info-14-518-quest-ndwg-prospective-applicant-2023-workforcegps-webinar/download,2026-08-26T10:20:57-04:00
https://www.mass.gov/doc/dcs-info-14-519-preparing-for-equity-focused-evaluation-in-workforce-development-workforcegps-webinar/download,2026-08-26T10:20:57-04:00
https://www.mass.gov/doc/dcs-policy-10-100-5-required-posters-for-display-in-masshire-career-centers-and-sub-recipient-offices/download,2026-08-26T10:20:57-04:00
https://www.mass.gov/doc/fy23-hampden-budget-21/download,2026-08-26T10:20:57-04:00
https://www.mass.gov/doc/dcs-info-25-249-senior-community-service-employment-program-allotments-py23/download,2026-08-26T10:20:57-04:00
https://www.mass.gov/doc/dcs-info-25-250-call-for-ideas-quality-jobs-equity-strategy-and-training-quest-disaster-recovery-national-dislocated-worker-grants-ndwgs/download,2026-08-26T10:20:57-04:00
https://www.mass.gov/doc/dcs-info-25-250a-call-for-ideas-template/download,2026-08-26T10:20:57-04:00
https://www.mass.gov/doc/dcs-info-14-520-job-accommodations-for-individuals-in-recovery-workforcegps-webinar/download,2026-08-26T10:20:57-04:00
https://www.mass.gov/doc/fy23-new-bedford-budget-19/download,2026-08-26T10:20:57-04:00
https://www.mass.gov/doc/dcs-info-14-522-massachusetts-rehabilitation-commission-the-power-of-collaboration-part-ii/download,2026-08-26T10:20:57-04:00
https://www.mass.gov/doc/dcs-info-14-522a-the-power-of-collaboration-part-ii-event-flyer/download,2026-08-26T10:20:57-04:00
https://www.mass.gov/doc/dcs-info-14-521-internet-for-all-ma-broadband-digital-equity-summit/download,2026-08-26T10:20:57-04:00
https://www.mass.gov/doc/dcs-info-02-151-moses-data-entry-for-fy2023-wioa-annual-reporting/download,2026-08-26T10:20:57-04:00
https://www.mass.gov/doc/tegl-09-22-wioa-title-i-youth-formula-program-guidance/download,2026-08-26T10:20:57-04:00
https://www.mass.gov/doc/mdcs-june-2023-training-calendar/download,2026-08-26T10:20:24-04:00
https://www.mass.gov/doc/dcs-policy-09-101-wioa-title-i-performance/download,2026-08-26T10:20:57-04:00
https://www.mass.gov/doc/dcs-info-14-523-understanding-participant-experience-resea-evaluation-ta-workforcegps-webinar/download,2026-08-26T10:20:57-04:00
https://www.mass.gov/doc/mdcs-july-2023-training-calendar/download,2026-08-26T10:17:07-04:00
https://www.mass.gov/doc/mdcs-august-2023-training-calendar/download,2026-08-26T10:16:21-04:00
https://www.mass.gov/doc/dcs-policy-14-102-subsequent-eligibility-for-ita-training-provider-courses/download,2026-08-26T10:20:57-04:00
https://www.mass.gov/doc/fy23-hampden-budget-22/download,2026-08-26T10:20:57-04:00
https://www.mass.gov/doc/dcs-info-14-524-breaking-barriers-for-returning-citizens-yes-wioa-can-workforcegps-webinar/download,2026-08-26T10:20:57-04:00
https://www.mass.gov/doc/fy22-lawrence-budget-16/download,2026-08-26T10:20:57-04:00
https://www.mass.gov/doc/dcs-info-02-152-event-registration-via-masshire-jobquest-to-require-email-confirmation/download,2026-08-26T10:20:57-04:00
https://www.mass.gov/doc/fy23-hampden-budget-23/download,2026-08-26T10:20:57-04:00
https://www.mass.gov/doc/dcs-info-25-251-life-sciences-workforce-development-initiative-request-for-proposals/download,2026-08-26T10:20:57-04:00
https://www.mass.gov/doc/dcs-info-25-251a-request-for-proposals/download,2026-08-26T10:20:57-04:00
https://www.mass.gov/doc/agenda-mswb-meeting-2023-06-15/download,2026-08-26T10:20:57-04:00
https://www.mass.gov/doc/moses-101-intro-2024/download,2026-08-26T10:20:57-04:00
https://www.mass.gov/doc/dcs-info-05-182-massachusetts-department-of-transportation-employment-opportunities/download,2026-08-26T10:20:57-04:00
https://www.mass.gov/doc/dcs-info-05-182a-dotrmv-road-text-examiner-poster/download,2026-08-26T10:20:57-04:00
https://www.mass.gov/doc/dcs-info-29-108-mod-resources-for-public-serving-entities-and-service-animals/download,2026-08-26T10:20:57-04:00
https://www.mass.gov/doc/dcs-info-29-108a-handout-quarterly-tea-trainingservice-animals-for-public-serving-entities/download,2026-08-26T10:20:57-04:00
https://www.mass.gov/doc/dcs-info-29-108b-powerpoint-slide-presentationservice-animals-in-public-settings/download,2026-08-26T10:20:24-04:00
https://www.mass.gov/doc/dcs-info-09-131-fy2023-career-center-performance-reports-quarter-ending-march-31-2023/download,2026-08-26T10:20:24-04:00
https://www.mass.gov/doc/dcs-info-09-131a-tab00-table-of-contents/download,2026-08-26T10:20:24-04:00
https://www.mass.gov/doc/dcs-info-09-131b-tab01-executive-summary/download,2026-08-26T10:20:24-04:00
https://www.mass.gov/doc/dcs-info-09-131c-tab02-employer-summary/download,2026-08-26T10:20:24-04:00
https://www.mass.gov/doc/dcs-info-09-131d-tab03-job-seeker-summary/download,2026-08-26T10:20:24-04:00
https://www.mass.gov/doc/dcs-info-09-131e-tab04-veteran-summary/download,2026-08-26T10:20:24-04:00
https://www.mass.gov/doc/dcs-info-09-131f-tab05-res-summary/download,2026-08-26T10:20:24-04:00
https://www.mass.gov/doc/dcs-info-09-131g-tab06-title-i-adults-and-dislocated-worker-summary/download,2026-08-26T10:20:24-04:00
https://www.mass.gov/doc/dcs-info-09-131h-tab07-title-i-youth-summary/download,2026-08-26T10:20:24-04:00
https://www.mass.gov/doc/dcs-info-09-131i-tab08-national-dislocated-worker-grants-summary/download,2026-08-26T10:20:24-04:00
https://www.mass.gov/doc/dcs-info-09-131j-tab09-trade-summary/download,2026-08-26T10:20:24-04:00
https://www.mass.gov/doc/dcs-info-09-131k-tab10-labor-exchange-vets-resea-performance-summary/download,2026-08-26T10:20:24-04:00
https://www.mass.gov/doc/dcs-info-09-131l-tab11-title-i-performance/download,2026-08-26T10:20:24-04:00
https://www.mass.gov/doc/dcs-info-09-131m-tab12-trade-performance-summary/download,2026-08-26T10:20:24-04:00
https://www.mass.gov/doc/dcs-info-09-131n-tab13-performance-cohorts/download,2026-08-26T10:20:24-04:00
https://www.mass.gov/doc/fy23-new-bedford-budget-20/download,2026-08-26T10:20:24-04:00
https://www.mass.gov/doc/fy23-north-central-budget-20/download,2026-08-26T10:20:24-04:00
https://www.mass.gov/doc/fy23-franklin-hampshire-budget-19/download,2026-08-26T10:20:24-04:00
https://www.mass.gov/doc/fy23-brockton-budget-19/download,2026-08-26T10:20:24-04:00
https://www.mass.gov/doc/fy23-city-of-quincy-budget-19/download,2026-08-26T10:20:24-04:00
https://www.mass.gov/doc/fy23-franklin-hampshire-budget-18/download,2026-08-26T10:20:24-04:00
https://www.mass.gov/doc/fy23-hampden-budget-24/download,2026-08-26T10:20:24-04:00
https://www.mass.gov/doc/fy23-jtec-budget-17/download,2026-08-26T10:20:24-04:00
https://www.mass.gov/doc/fy23-lawrence-budget-19/download,2026-08-26T10:20:24-04:00
https://www.mass.gov/doc/fy23-lowell-budget-22/download,2026-08-26T10:20:24-04:00
https://www.mass.gov/doc/fy23-metro-southwest-budget-17/download,2026-08-26T10:20:24-04:00
https://www.mass.gov/doc/fy23-north-central-budget-19/download,2026-08-26T10:20:24-04:00
https://www.mass.gov/doc/fy23-north-shore-budget-18/download,2026-08-26T10:20:24-04:00
https://www.mass.gov/doc/dcs-info-14-525-not-just-smoke-mirrors-economic-development-strategic-partnerships-workforcegps-webinar/download,2026-08-26T10:20:24-04:00
https://www.mass.gov/doc/dcs-info-05-183-massachusetts-department-of-transportation-hiring-events/download,2026-08-26T10:20:24-04:00
https://www.mass.gov/doc/dcs-info-05-183a-dotrmv-road-test-examiner-poster-june-24th-eventworcester/download,2026-08-26T10:20:24-04:00
https://www.mass.gov/doc/dcs-info-05-183b-dotrmv-road-test-examiner-poster-june-17th-june-24th-combined/download,2026-08-26T10:20:24-04:00
https://www.mass.gov/doc/dcs-info-20-104-disadvantaged-youth-and-adult-data-required-for-annual-wioa-allocations/download,2026-08-26T10:20:24-04:00
https://www.mass.gov/doc/fy22-berkshire-training-budget-14/download,2026-08-26T10:20:24-04:00
https://www.mass.gov/doc/fy23-edic-budget-20/download,2026-08-26T10:20:24-04:00
https://www.mass.gov/doc/fy23-jtec-budget-18/download,2026-08-26T10:20:24-04:00
https://www.mass.gov/doc/fy22-lawrence-budget-17/download,2026-08-26T10:20:24-04:00
https://www.mass.gov/doc/fy23-berkshire-training-budget-18/download,2026-08-26T10:20:24-04:00
https://www.mass.gov/doc/fy23-lawrence-budget-20/download,2026-08-26T10:20:24-04:00
https://www.mass.gov/doc/fy23-worcester-budget-19/download,2026-08-26T10:20:24-04:00
https://www.mass.gov/doc/fy23-brockton-budget-20/download,2026-08-26T10:20:24-04:00
https://www.mass.gov/doc/taa-performance-summary-september-2022/download,2026-08-26T10:20:24-04:00
https://www.mass.gov/doc/taa-performance-summary-december-31-2022/download,2026-08-26T10:20:24-04:00
https://www.mass.gov/doc/taa-performance-summary-march-31-2023/download,2026-08-26T10:20:24-04:00
https://www.mass.gov/doc/dcs-info-14-526-providing-reemployment-services-to-a-large-scale-multi-language-layoff-workforcegps-webinar/download,2026-08-26T10:20:24-04:00
https://www.mass.gov/doc/dcs-info-37-104-upskilling-navigator-bootcamp-training/download,2026-08-26T10:17:07-04:00
https://www.mass.gov/doc/hha-57-revised-appendices-and-related-forms/download,2026-08-26T12:59:54-04:00
https://www.mass.gov/doc/hha-57-revised-appendices-and-related-forms-0/download,2026-08-26T12:59:47-04:00
https://www.mass.gov/doc/fy22-edic-budget-14/download,2026-08-26T10:17:07-04:00
https://www.mass.gov/doc/fy23-new-bedford-budget-21/download,2026-08-26T10:17:07-04:00
https://www.mass.gov/doc/dcs-info-02-153-notice-to-employers-of-improvements-to-masshire-jobquest/download,2026-08-26T10:17:07-04:00
https://www.mass.gov/doc/dcs-info-02-153a-masshire-jobquest-employer-improvements-flyer/download,2026-08-26T10:17:07-04:00
https://www.mass.gov/doc/fy23-city-of-quincy-budget-20/download,2026-08-26T10:17:07-04:00
https://www.mass.gov/doc/fy23-edic-budget-21/download,2026-08-26T10:17:07-04:00
https://www.mass.gov/doc/fy23-metro-north-reb-budget-20/download,2026-08-26T10:17:07-04:00
https://www.mass.gov/doc/fy23-hampden-budget-25/download,2026-08-26T10:17:07-04:00
https://www.mass.gov/doc/dcs-info-32-109-change-in-maximum-allowable-ui-benefit-weeks/download,2026-08-26T10:17:07-04:00
https://www.mass.gov/doc/dcs-info-32-109a-faq-change-in-maximum-allowable-ui-benefit-weeks/download,2026-08-26T10:17:07-04:00
https://www.mass.gov/doc/dcs-info-05-184-massdot-road-test-examiner-july-hiring-events/download,2026-08-26T10:17:07-04:00
https://www.mass.gov/doc/dcs-info-05-184a-dotrmv-road-test-examiner-july-testing-dates-poster/download,2026-08-26T10:17:07-04:00
https://www.mass.gov/doc/dcs-info-05-184b-dotrmv-road-test-examiner-july-hiring-events-poster/download,2026-08-26T10:17:07-04:00
https://www.mass.gov/doc/dcs-info-05-184c-dotrmv-road-test-examiner-generic-poster/download,2026-08-26T10:17:07-04:00
https://www.mass.gov/doc/dcs-info-05-185-massdot-work-after-retirement-hiring-initiative-and-events/download,2026-08-26T10:17:07-04:00
https://www.mass.gov/doc/dcs-info-05-185a-dotrmv-work-after-retirementroad-test-examiner-hiring-events-poster/download,2026-08-26T10:17:07-04:00
https://www.mass.gov/doc/dcs-info-05-185b-dotrmv-work-after-retirementroad-test-examiner-hiring-info-poster/download,2026-08-26T10:17:07-04:00
https://www.mass.gov/doc/fy23-berkshire-training-budget-19/download,2026-08-26T10:17:07-04:00
https://www.mass.gov/doc/fy23-city-of-quincy-budget-21/download,2026-08-26T10:17:07-04:00
https://www.mass.gov/doc/fy23-franklin-hampshire-budget-20/download,2026-08-26T10:17:07-04:00
https://www.mass.gov/doc/fy23-hampden-budget-26/download,2026-08-26T10:17:07-04:00
https://www.mass.gov/doc/fy23-lawrence-budget-21/download,2026-08-26T10:17:07-04:00
https://www.mass.gov/doc/fy23-lowell-budget-23/download,2026-08-26T10:17:07-04:00
https://www.mass.gov/doc/fy23-mass-regional-budget-1/download,2026-08-26T10:17:07-04:00
https://www.mass.gov/doc/fy23-metro-north-reb-budget-21/download,2026-08-26T10:17:07-04:00
https://www.mass.gov/doc/fy23-north-central-budget-21/download,2026-08-26T10:17:07-04:00
https://www.mass.gov/doc/fy23-north-shore-budget-19/download,2026-08-26T10:17:07-04:00
https://www.mass.gov/doc/fy23-north-shore-budget-20/download,2026-08-26T10:17:07-04:00
https://www.mass.gov/doc/fy22-north-shore-budget-14/download,2026-08-26T10:17:07-04:00
https://www.mass.gov/doc/moses-mini-clinic-alerts-2023/download,2026-08-26T10:17:07-04:00
https://www.mass.gov/doc/moses-mini-clinic-notes-2023/download,2026-08-26T10:17:07-04:00
https://www.mass.gov/doc/moses-4-managers-resets-for-pw-and-unlock-2023/download,2026-08-26T10:17:07-04:00
https://www.mass.gov/doc/policy-100-dcs-09-101-wioa-title-i-performance/download,2026-08-26T10:17:07-04:00
https://www.mass.gov/doc/swis-background-4-26-2019/download,2026-08-26T10:17:07-04:00
https://www.mass.gov/doc/tegl-11-19-change-1-negotiations-and-sanctions-guidance-for-wioa-programs/download,2026-08-26T10:17:07-04:00
https://www.mass.gov/doc/tegl14-17-disadvantaged-youth-and-adult/download,2026-08-26T10:17:07-04:00
https://www.mass.gov/doc/wcac-meeting-minutes-april-12-2023/download,2026-08-26T10:17:07-04:00
https://www.mass.gov/doc/wcac-meeting-minutes-may-10-2023/download,2026-08-26T10:17:07-04:00
https://www.mass.gov/doc/wcac-meeting-minutes-june-14-2023/download,2026-08-26T10:17:07-04:00
https://www.mass.gov/doc/dcs-info-14-527-overview-of-training-employment-guidance-letter-21-22-workforcegps-webinar/download,2026-08-26T10:17:07-04:00
https://www.mass.gov/doc/dcs-info-15-128-jobs-for-veterans-state-grant-2023-incentive-award-winners/download,2026-08-26T10:17:07-04:00
https://www.mass.gov/doc/dcs-info-15-128a-jvsg-performance-incentive-award-2023-winners/download,2026-08-26T10:17:07-04:00
https://www.mass.gov/doc/dcs-info-14-529-producing-and-using-cost-benefit-analyses-for-resea-evaluations-workforcegps-webinar/download,2026-08-26T10:17:07-04:00
https://www.mass.gov/doc/dcs-info-05-186-massstep-june-quarterly-newsletter/download,2026-08-26T10:17:07-04:00
https://www.mass.gov/doc/dcs-info-05-186a-massstep-june-newsletter/download,2026-08-26T10:17:07-04:00
https://www.mass.gov/doc/dcs-info-14-530-identifying-understanding-and-eliminating-occupational-segregation-yes-wioa-can-workforcegps-webinar/download,2026-08-26T10:16:21-04:00
https://www.mass.gov/doc/berkshire-county-regional-employment-board-inc-fy24-pv/download,2026-08-26T10:14:17-04:00
https://www.mass.gov/doc/fy24-berkshire-training-initial-budget/download,2026-08-26T10:16:21-04:00
https://www.mass.gov/doc/fy24-brockton-initial-budget/download,2026-08-26T10:16:21-04:00
https://www.mass.gov/doc/fy24-fall-river-initial-budget/download,2026-08-26T10:16:21-04:00
https://www.mass.gov/doc/fy24-franklin-hampshire-initial-budget/download,2026-08-26T10:16:21-04:00
https://www.mass.gov/doc/fy24-hampden-initial-budget/download,2026-08-26T10:16:21-04:00
https://www.mass.gov/doc/fy24-jtec-initial-budget/download,2026-08-26T10:16:21-04:00
https://www.mass.gov/doc/fy24-lawrence-initial-budget/download,2026-08-26T10:16:21-04:00
https://www.mass.gov/doc/fy24-lowell-initial-budget/download,2026-08-26T10:16:21-04:00
https://www.mass.gov/doc/fy24-metro-north-reb-initial-budget/download,2026-08-26T10:16:21-04:00
https://www.mass.gov/doc/fy24-new-bedford-initial-budget/download,2026-08-26T10:16:21-04:00
https://www.mass.gov/doc/fy24-north-central-initial-budget/download,2026-08-26T10:16:21-04:00
https://www.mass.gov/doc/fy24-north-shore-initial-budget/download,2026-08-26T10:16:21-04:00
https://www.mass.gov/doc/dcs-info-14-531-building-state-evaluation-capacity-through-peer-learning-cohorts-workforcegps-webinar/download,2026-08-26T10:16:21-04:00
https://www.mass.gov/doc/dcs-info-14-532-the-aligned-case-management-institute-advancing-the-effort-together-workforcegps-webinar/download,2026-08-26T10:16:21-04:00
https://www.mass.gov/doc/agendamasshire-state-workforce-board-meeting20230316public/download,2026-08-26T10:16:21-04:00
https://www.mass.gov/doc/20230316-mswb-meeting-minutes/download,2026-08-26T10:16:21-04:00
https://www.mass.gov/doc/mswb-meeting-presentations-march-16-2023/download,2026-08-26T10:16:21-04:00
https://www.mass.gov/doc/mswb-meeting-presentations-june-15-2023/download,2026-08-26T10:16:21-04:00
https://www.mass.gov/doc/dcs-policy-15-104-jobs-for-veterans-state-grant-jvsg-disabled-veterans-outreach-program-dvop-outreach-plans/download,2026-08-26T10:16:21-04:00
https://www.mass.gov/doc/dcs-policy-15-104b-outreach-plan-tracker/download,2026-08-26T10:16:21-04:00
https://www.mass.gov/doc/dcs-policy-15-104c-outreach-plan-example/download,2026-08-26T10:16:21-04:00
https://www.mass.gov/doc/dcs-policy-15-104a-dvop-outreach-plan-template/download,2026-08-26T10:16:21-04:00
https://www.mass.gov/doc/dcs-info-14-533-using-labor-market-and-skills-information-for-effective-strategies-part-1-workforcegps-webinar/download,2026-08-26T10:16:21-04:00
https://www.mass.gov/doc/dcs-info-14-534-on-the-job-training-a-different-view-workforcegps/download,2026-08-26T10:16:21-04:00
https://www.mass.gov/doc/dcs-info-14-535-modernizing-business-services-for-todays-employer-workforcegps-webinar/download,2026-08-26T10:16:21-04:00
https://www.mass.gov/doc/dcs-info-25-252-funding-opportunity-community-project-funding-congressionally-directed-spending/download,2026-08-26T10:16:21-04:00
https://www.mass.gov/doc/masshire-career-center-records-request-form/download,2026-08-26T10:16:21-04:00
https://www.mass.gov/doc/mdcs-september-2023-training-calendar/download,2026-08-26T10:16:21-04:00
https://www.mass.gov/doc/dcs-info-25-253-funding-opportunity-department-of-energyoffice-of-science-small-business-innovative-research-and-small-business-technology-transfer/download,2026-08-26T10:16:21-04:00
https://www.mass.gov/doc/dcs-info-25-253a-funding-opportunity-announcement-de-foa-0003110/download,2026-08-26T10:16:21-04:00
https://www.mass.gov/doc/dcs-info-14-536-co-enrollment-beyond-promising-practices-to-strategic-results-workforcegps-webinar/download,2026-08-26T10:16:21-04:00
https://www.mass.gov/doc/dcs-info-14-537-tribal-consultation-for-request-for-information-ten-no-03-23/download,2026-08-26T10:16:21-04:00
https://www.mass.gov/doc/dcs-policy-03-108-1-public-information-and-records-request-updated/download,2026-08-26T10:16:21-04:00
https://www.mass.gov/doc/fy21-hampden-budget-24/download,2026-08-26T10:16:21-04:00
https://www.mass.gov/doc/fy24-city-of-quincy-initial-budget/download,2026-08-26T10:16:21-04:00
https://www.mass.gov/doc/dcs-info-36-103-job-fair-one-south-coast-chamber-september-14th/download,2026-08-26T10:16:21-04:00
https://www.mass.gov/doc/mdcs-october-2023-training-calendar/download,2026-08-26T10:13:21-04:00
https://www.mass.gov/doc/fy24-edic-initial-budget/download,2026-08-26T10:16:21-04:00
https://www.mass.gov/doc/dcs-info-25-254-funding-opportunity-strengthening-community-colleges-training-grants/download,2026-08-26T10:16:21-04:00
https://www.mass.gov/doc/dcs-info-14-538-empowering-public-workforce-development-professionals-enhancing-skills-for-serving-veterans-workforcegps-webinar/download,2026-08-26T10:16:21-04:00
https://www.mass.gov/doc/dcs-info-14-539-using-dislocated-worker-funds-can-be-easy-yes-wioa-can-workforcegps-webinar/download,2026-08-26T10:16:21-04:00
https://www.mass.gov/doc/dcs-info-05-187-department-of-transportationregistry-of-motor-vehicles-august-hiring-events/download,2026-08-26T10:16:21-04:00
https://www.mass.gov/doc/dcs-info-22-129-nineth-annual-national-apprenticeship-week/download,2026-08-26T10:16:21-04:00
https://www.mass.gov/doc/dcs-info-05-188-switchboard-a-resource-hub-for-refugee-service-providers/download,2026-08-26T10:16:21-04:00
https://www.mass.gov/doc/dcs-info-14-540-ma-rehabilitation-commission-mrc-symposium-2023-recovery-works/download,2026-08-26T10:16:21-04:00
https://www.mass.gov/doc/management-career-planning-2024/download,2026-08-26T10:16:21-04:00
https://www.mass.gov/doc/state-seal-for-dua-email/download,2026-08-26T10:15:33-04:00
https://www.mass.gov/doc/dcs-info-25-255-funding-opportunity-fy24-congress-bundestag-youth-staff-exchange-grants/download,2026-08-26T10:15:33-04:00
https://www.mass.gov/doc/dcs-info-14-541-using-labor-market-and-skills-information-for-effective-strategies-part-2-workforcegps-webinar/download,2026-08-26T10:15:33-04:00
https://www.mass.gov/doc/fy24-berkshire-training-budget-3/download,2026-08-26T10:15:33-04:00
https://www.mass.gov/doc/fy24-brockton-budget-3/download,2026-08-26T10:15:33-04:00
https://www.mass.gov/doc/fy24-city-of-quincy-budget-3/download,2026-08-26T10:15:33-04:00
https://www.mass.gov/doc/fy24-city-of-quincy-budget-4/download,2026-08-26T10:15:33-04:00
https://www.mass.gov/doc/fy24-fall-river-budget-3/download,2026-08-26T10:15:33-04:00
https://www.mass.gov/doc/fy24-franklin-hampshire-budget-3/download,2026-08-26T10:15:33-04:00
https://www.mass.gov/doc/fy24-jtec-budget-3/download,2026-08-26T10:15:33-04:00
https://www.mass.gov/doc/fy24-lawrence-budget-3/download,2026-08-26T10:15:33-04:00
https://www.mass.gov/doc/fy24-lowell-budget-3/download,2026-08-26T10:15:33-04:00
https://www.mass.gov/doc/fy24-metro-north-reb-budget-3/download,2026-08-26T10:15:33-04:00
https://www.mass.gov/doc/fy24-metro-north-reb-budget-4/download,2026-08-26T10:15:33-04:00
https://www.mass.gov/doc/fy24-new-bedford-budget-3/download,2026-08-26T10:15:33-04:00
https://www.mass.gov/doc/fy24-north-central-budget-3/download,2026-08-26T10:15:33-04:00
https://www.mass.gov/doc/fy24-north-central-budget-4/download,2026-08-26T10:15:33-04:00
https://www.mass.gov/doc/fy24-hampden-budget-3/download,2026-08-26T10:15:33-04:00
https://www.mass.gov/doc/dcs-info-32-110-notice-of-dua-weekly-benefit-payment-delay/download,2026-08-26T10:15:33-04:00
https://www.mass.gov/doc/fy23-edic-budget-22/download,2026-08-26T10:15:33-04:00
https://www.mass.gov/doc/fy23-lawrence-budget-22/download,2026-08-26T10:15:33-04:00
https://www.mass.gov/doc/fy23-metro-southwest-budget-18/download,2026-08-26T10:15:33-04:00
https://www.mass.gov/doc/fy23-north-central-budget-22/download,2026-08-26T10:15:33-04:00
https://www.mass.gov/doc/fy24-berkshire-training-budget-1/download,2026-08-26T10:15:33-04:00
https://www.mass.gov/doc/fy24-berkshire-training-budget-2/download,2026-08-26T10:15:33-04:00
https://www.mass.gov/doc/fy24-brockton-budget-1/download,2026-08-26T10:15:33-04:00
https://www.mass.gov/doc/fy24-brockton-budget-2/download,2026-08-26T10:15:33-04:00
https://www.mass.gov/doc/fy24-edic-budget-1/download,2026-08-26T10:15:33-04:00
https://www.mass.gov/doc/fy24-edic-budget-2/download,2026-08-26T10:15:33-04:00
https://www.mass.gov/doc/fy24-fall-river-budget-1/download,2026-08-26T10:15:33-04:00
https://www.mass.gov/doc/fy24-fall-river-budget-2/download,2026-08-26T10:15:33-04:00
https://www.mass.gov/doc/fy24-franklin-hampshire-budget-1/download,2026-08-26T10:15:33-04:00
https://www.mass.gov/doc/fy24-franklin-hampshire-budget-2/download,2026-08-26T10:15:33-04:00
https://www.mass.gov/doc/fy24-hampden-budget-1/download,2026-08-26T10:15:33-04:00
https://www.mass.gov/doc/fy24-hampden-budget-2/download,2026-08-26T10:15:33-04:00
https://www.mass.gov/doc/fy24-jtec-budget-1/download,2026-08-26T10:15:33-04:00
https://www.mass.gov/doc/fy24-jtec-budget-2/download,2026-08-26T10:15:33-04:00
https://www.mass.gov/doc/fy24-lawrence-budget-1/download,2026-08-26T10:15:33-04:00
https://www.mass.gov/doc/fy24-lawrence-budget-2/download,2026-08-26T10:15:33-04:00
https://www.mass.gov/doc/fy24-lowell-budget-1/download,2026-08-26T10:15:33-04:00
https://www.mass.gov/doc/fy24-lowell-budget-2/download,2026-08-26T10:15:33-04:00
https://www.mass.gov/doc/fy24-metro-north-reb-budget-1/download,2026-08-26T10:15:33-04:00
https://www.mass.gov/doc/fy24-metro-north-reb-budget-2/download,2026-08-26T10:15:33-04:00
https://www.mass.gov/doc/fy24-metro-southwest-budget-1/download,2026-08-26T10:15:33-04:00
https://www.mass.gov/doc/fy24-metro-southwest-initial-budget/download,2026-08-26T10:15:33-04:00
https://www.mass.gov/doc/fy24-new-bedford-budget-1/download,2026-08-26T10:15:33-04:00
https://www.mass.gov/doc/fy24-new-bedford-budget-2/download,2026-08-26T10:15:33-04:00
https://www.mass.gov/doc/fy24-north-central-budget-1/download,2026-08-26T10:14:56-04:00
https://www.mass.gov/doc/fy24-north-central-budget-2/download,2026-08-26T10:14:56-04:00
https://www.mass.gov/doc/fy23-city-of-quincy-budget-22/download,2026-08-26T10:14:56-04:00
https://www.mass.gov/doc/fy23-north-shore-budget-21/download,2026-08-26T10:14:56-04:00
https://www.mass.gov/doc/fy24-city-of-quincy-budget-1/download,2026-08-26T10:14:56-04:00
https://www.mass.gov/doc/fy24-city-of-quincy-budget-2/download,2026-08-26T10:14:56-04:00
https://www.mass.gov/doc/fy24-edic-budget-3/download,2026-08-26T10:14:56-04:00
https://www.mass.gov/doc/fy24-north-shore-budget-1/download,2026-08-26T10:14:56-04:00
https://www.mass.gov/doc/fy24-north-shore-budget-2/download,2026-08-26T10:14:56-04:00
https://www.mass.gov/doc/dcs-info-15-129-transition-assistance-program-for-veterans/download,2026-08-26T10:14:56-04:00
https://www.mass.gov/doc/dcs-info-05-189-ma-department-of-transportation-road-test-examiner-hiring-event-lynn-ma/download,2026-08-26T10:14:56-04:00
https://www.mass.gov/doc/dcs-info-05-189a-poster-rte-hiring-event-lynn-september-9th/download,2026-08-26T10:14:56-04:00
https://www.mass.gov/doc/dcs-info-05-189b-posters-ongoing-hiring-needs-of-the-massdot/download,2026-08-26T10:14:56-04:00
https://www.mass.gov/doc/dcs-policy-04-113b-submission-instructions/download,2026-08-26T10:14:56-04:00
https://www.mass.gov/doc/dcs-policy-04-113e-assurances/download,2026-08-26T10:14:56-04:00
https://www.mass.gov/doc/dcs-policy-04-113h-instructions-for-program-summary-charts/download,2026-08-26T10:14:56-04:00
https://www.mass.gov/doc/dcs-policy-04-113k-integrated-budget-instructions/download,2026-08-26T10:14:56-04:00
https://www.mass.gov/doc/dcs-policy-04-113l-integrated-budget-program-list/download,2026-08-26T10:14:56-04:00
https://www.mass.gov/doc/dcs-policy-04-113m-instructions-for-updating-local-wioa-performance-goals-for-fy24/download,2026-08-26T10:14:56-04:00
https://www.mass.gov/doc/dcs-policy-04-113p-state-allotments-wioa-title-i-es-federal-to-state-allocations/download,2026-08-26T10:14:56-04:00
https://www.mass.gov/doc/dcs-policy-04-113r-local-allocations-compared/download,2026-08-26T10:14:56-04:00
https://www.mass.gov/doc/dcs-policy-04-113t-fy24-jobs-for-veterans-state-grant-allocations/download,2026-08-26T10:13:21-04:00
https://www.mass.gov/doc/dcs-policy-04-113u2-cy2022-resea-allocations-wadditional-funding-and-performance-awards-updated-4-2023/download,2026-08-26T10:14:56-04:00
https://www.mass.gov/doc/fy24-metro-southwest-budget-2/download,2026-08-26T10:14:56-04:00
https://www.mass.gov/doc/fy24-new-bedford-budget-4/download,2026-08-26T10:14:56-04:00
https://www.mass.gov/doc/fy24-brockton-budget-4/download,2026-08-26T10:14:56-04:00
https://www.mass.gov/doc/fy24-edic-budget-4/download,2026-08-26T10:14:56-04:00
https://www.mass.gov/doc/fy24-fall-river-budget-4/download,2026-08-26T10:14:56-04:00
https://www.mass.gov/doc/fy24-franklin-hampshire-budget-4/download,2026-08-26T10:14:56-04:00
https://www.mass.gov/doc/fy24-hampden-budget-4/download,2026-08-26T10:14:56-04:00
https://www.mass.gov/doc/fy24-jtec-budget-4/download,2026-08-26T10:14:56-04:00
https://www.mass.gov/doc/fy24-lawrence-budget-4/download,2026-08-26T10:14:56-04:00
https://www.mass.gov/doc/fy24-lowell-budget-4/download,2026-08-26T10:14:56-04:00
https://www.mass.gov/doc/fy24-metro-north-reb-budget-5/download,2026-08-26T10:14:56-04:00
https://www.mass.gov/doc/fy24-metro-southwest-budget-3/download,2026-08-26T10:14:56-04:00
https://www.mass.gov/doc/fy24-new-bedford-budget-5/download,2026-08-26T10:14:56-04:00
https://www.mass.gov/doc/fy24-north-central-budget-5/download,2026-08-26T10:14:56-04:00
https://www.mass.gov/doc/fy23-edic-budget-23/download,2026-08-26T10:14:56-04:00
https://www.mass.gov/doc/dcs-info-02-154-moses-version-405-will-be-available-in-moses-on-sunday-24-2023/download,2026-08-26T10:14:56-04:00
https://www.mass.gov/doc/whats-new-in-municipal-law-2023/download,2026-08-26T09:45:59-04:00
https://www.mass.gov/doc/dolseal/download,2026-08-26T10:14:56-04:00
https://www.mass.gov/doc/fy24-worcester-budget-3/download,2026-08-26T10:14:56-04:00
https://www.mass.gov/doc/fy24-worcester-budget-4/download,2026-08-26T10:14:56-04:00
https://www.mass.gov/doc/fy24-worcester-budget-5/download,2026-08-26T10:14:56-04:00
https://www.mass.gov/doc/fy24-worcester-budget-1/download,2026-08-26T10:14:56-04:00
https://www.mass.gov/doc/fy24-worcester-budget-2/download,2026-08-26T10:14:56-04:00
https://www.mass.gov/doc/fy24-berkshire-reb-initial-budget/download,2026-08-26T10:14:56-04:00
https://www.mass.gov/doc/fy24-brockton-budget-5/download,2026-08-26T10:14:56-04:00
https://www.mass.gov/doc/fy24-city-of-quincy-budget-6/download,2026-08-26T10:14:56-04:00
https://www.mass.gov/doc/fy24-edic-budget-5/download,2026-08-26T10:14:17-04:00
https://www.mass.gov/doc/fy24-fall-river-budget-5/download,2026-08-26T10:14:17-04:00
https://www.mass.gov/doc/fy24-franklin-hampshire-budget-5/download,2026-08-26T10:14:17-04:00
https://www.mass.gov/doc/fy24-hampden-budget-5/download,2026-08-26T10:14:17-04:00
https://www.mass.gov/doc/fy24-lawrence-budget-5/download,2026-08-26T10:14:17-04:00
https://www.mass.gov/doc/fy24-lowell-budget-5/download,2026-08-26T10:14:17-04:00
https://www.mass.gov/doc/fy24-metro-north-reb-budget-6/download,2026-08-26T10:14:17-04:00
https://www.mass.gov/doc/fy24-metro-southwest-budget-4/download,2026-08-26T10:14:17-04:00
https://www.mass.gov/doc/fy24-new-bedford-budget-6/download,2026-08-26T10:14:17-04:00
https://www.mass.gov/doc/fy24-north-central-budget-6/download,2026-08-26T10:14:17-04:00
https://www.mass.gov/doc/fy24-north-shore-budget-4/download,2026-08-26T10:14:17-04:00
https://www.mass.gov/doc/fy24-worcester-budget-6/download,2026-08-26T10:14:17-04:00
https://www.mass.gov/doc/agendapublicmswbmeeting20230921/download,2026-08-26T10:14:17-04:00
https://www.mass.gov/doc/fy22-city-of-quincy-budget-14/download,2026-08-26T10:14:17-04:00
https://www.mass.gov/doc/fy24-cape-cod-wib-initial-budget/download,2026-08-26T10:14:17-04:00
https://www.mass.gov/doc/fy24-mass-regional-initial-budget/download,2026-08-26T10:14:17-04:00
https://www.mass.gov/doc/fy22-brockton-budget-14/download,2026-08-26T10:14:17-04:00
https://www.mass.gov/doc/fy22-edic-budget-15/download,2026-08-26T10:14:17-04:00
https://www.mass.gov/doc/fy22-jtec-budget-14/download,2026-08-26T10:14:17-04:00
https://www.mass.gov/doc/fy22-metro-southwest-budget-15/download,2026-08-26T10:14:17-04:00
https://www.mass.gov/doc/fy22-new-bedford-budget-17/download,2026-08-26T10:14:17-04:00
https://www.mass.gov/doc/fy22-north-central-budget-14/download,2026-08-26T10:14:17-04:00
https://www.mass.gov/doc/fy24-berkshire-reb-budget-1/download,2026-08-26T10:14:17-04:00
https://www.mass.gov/doc/fy24-brockton-budget-6/download,2026-08-26T10:14:17-04:00
https://www.mass.gov/doc/fy24-cape-cod-wib-budget-1/download,2026-08-26T10:14:17-04:00
https://www.mass.gov/doc/fy24-edic-budget-6/download,2026-08-26T10:14:17-04:00
https://www.mass.gov/doc/fy24-fall-river-budget-6/download,2026-08-26T10:14:17-04:00
https://www.mass.gov/doc/fy24-hampden-budget-6/download,2026-08-26T10:14:17-04:00
https://www.mass.gov/doc/fy24-lawrence-budget-6/download,2026-08-26T10:14:17-04:00
https://www.mass.gov/doc/fy24-north-central-budget-7/download,2026-08-26T10:14:17-04:00
https://www.mass.gov/doc/fy24-berkshire-training-budget-4/download,2026-08-26T10:14:17-04:00
https://www.mass.gov/doc/fy24-brockton-budget-7/download,2026-08-26T10:14:17-04:00
https://www.mass.gov/doc/fy24-edic-budget-7/download,2026-08-26T10:14:17-04:00
https://www.mass.gov/doc/fy24-city-of-quincy-budget-7/download,2026-08-26T10:14:17-04:00
https://www.mass.gov/doc/fy24-fall-river-budget-7/download,2026-08-26T10:14:17-04:00
https://www.mass.gov/doc/fy24-franklin-hampshire-budget-6/download,2026-08-26T10:14:17-04:00
https://www.mass.gov/doc/fy24-hampden-budget-7/download,2026-08-26T10:14:17-04:00
https://www.mass.gov/doc/fy24-jtec-budget-5/download,2026-08-26T10:14:17-04:00
https://www.mass.gov/doc/fy24-lawrence-budget-7/download,2026-08-26T10:14:17-04:00
https://www.mass.gov/doc/fy24-lowell-budget-6/download,2026-08-26T10:14:17-04:00
https://www.mass.gov/doc/fy24-metro-north-reb-budget-7/download,2026-08-26T10:14:17-04:00
https://www.mass.gov/doc/fy24-metro-southwest-budget-5/download,2026-08-26T10:14:17-04:00
https://www.mass.gov/doc/fy24-new-bedford-budget-7/download,2026-08-26T10:14:17-04:00
https://www.mass.gov/doc/fy24-north-central-budget-8/download,2026-08-26T10:14:17-04:00
https://www.mass.gov/doc/fy24-north-shore-budget-5/download,2026-08-26T10:14:17-04:00
https://www.mass.gov/doc/fy24-worcester-budget-7/download,2026-08-26T10:14:17-04:00
https://www.mass.gov/doc/dcs-info-25-256-funding-opportunity-office-of-elementary-and-secondary-education-charter-school-program/download,2026-08-26T10:13:21-04:00
https://www.mass.gov/doc/dcs-info-11-102-october-is-rapid-response-month/download,2026-08-26T10:13:21-04:00
https://www.mass.gov/doc/fy24-berkshire-training-budget-5/download,2026-08-26T10:13:21-04:00
https://www.mass.gov/doc/fy24-brockton-budget-8/download,2026-08-26T10:13:21-04:00
https://www.mass.gov/doc/fy24-city-of-quincy-budget-8/download,2026-08-26T10:13:21-04:00
https://www.mass.gov/doc/fy24-fall-river-budget-8/download,2026-08-26T10:13:21-04:00
https://www.mass.gov/doc/fy24-franklin-hampshire-budget-7/download,2026-08-26T10:13:21-04:00
https://www.mass.gov/doc/fy24-jtec-budget-6/download,2026-08-26T10:13:21-04:00
https://www.mass.gov/doc/fy24-lawrence-budget-8/download,2026-08-26T10:13:21-04:00
https://www.mass.gov/doc/fy24-lowell-budget-7/download,2026-08-26T10:13:21-04:00
https://www.mass.gov/doc/fy24-new-bedford-budget-8/download,2026-08-26T10:13:21-04:00
https://www.mass.gov/doc/fy24-north-central-budget-9/download,2026-08-26T10:13:21-04:00
https://www.mass.gov/doc/fy24-north-shore-budget-6/download,2026-08-26T10:13:21-04:00
https://www.mass.gov/doc/dcs-info-14-542-findings-from-americas-promise-grant-outcomes-and-impact-studies-workforcegps-webinar/download,2026-08-26T10:13:21-04:00
https://www.mass.gov/doc/fy24-edic-budget-8/download,2026-08-26T10:13:21-04:00
https://www.mass.gov/doc/fy24-metro-north-reb-budget-8/download,2026-08-26T10:13:21-04:00
https://www.mass.gov/doc/fy24-metro-southwest-budget-6/download,2026-08-26T10:13:21-04:00
https://www.mass.gov/doc/fy24-worcester-budget-8/download,2026-08-26T10:13:21-04:00
https://www.mass.gov/doc/fy24-hampden-budget-8/download,2026-08-26T10:13:21-04:00
https://www.mass.gov/doc/dcs-info-02-155-new-preregistration-requirement-to-attend-moses-101-classes/download,2026-08-26T10:13:21-04:00
https://www.mass.gov/doc/dcs-info-38-105-mass-black-expo-2023-building-black-wealth-in-the-commonwealth/download,2026-08-26T10:13:21-04:00
https://www.mass.gov/doc/dcs-info-08-129-revised-form-i-9-employment-eligibility-verification/download,2026-08-26T10:13:21-04:00
https://www.mass.gov/doc/fy22-metro-southwest-budget-16/download,2026-08-26T10:13:21-04:00
https://www.mass.gov/doc/fy24-new-bedford-budget-9/download,2026-08-26T10:13:21-04:00
https://www.mass.gov/doc/fy24-metro-north-reb-budget-9/download,2026-08-26T10:13:21-04:00
https://www.mass.gov/doc/fy24-hampden-budget-9/download,2026-08-26T10:13:21-04:00
https://www.mass.gov/doc/fy24-edic-budget-9/download,2026-08-26T10:13:21-04:00
https://www.mass.gov/doc/fy24-brockton-budget-9/download,2026-08-26T10:13:21-04:00
https://www.mass.gov/doc/dcs-policy-15-105-jobs-for-veterans-state-grant-program-standard-operating-procedures/download,2026-08-26T10:13:21-04:00
https://www.mass.gov/doc/dcs-policy-04-113s-overview-of-wioa-and-wagner-peyser-allocations-fy24/download,2026-08-26T10:13:21-04:00
https://www.mass.gov/doc/fy24-north-shore-budget-3/download,2026-08-26T10:13:21-04:00
https://www.mass.gov/doc/hha-58-revised-appendix-d/download,2026-08-26T13:00:20-04:00
https://www.mass.gov/doc/hha-58-revised-appendix-d-0/download,2026-08-26T13:00:25-04:00
https://www.mass.gov/doc/dcs-policy-08-127-guidance-for-serving-immigrants-in-emergency-assistance-shelters/download,2026-08-26T10:13:21-04:00
https://www.mass.gov/doc/dcs-info-22-130-apprenticeship-expansion-and-opportunity-request-for-response/download,2026-08-26T10:13:21-04:00
https://www.mass.gov/doc/fy24-worcester-initial-budget/download,2026-08-26T10:13:21-04:00
https://www.mass.gov/doc/dcs-info-09-132-fy2023-career-center-performance-reports-quarter-ending-june-30-2023/download,2026-08-26T10:13:21-04:00
https://www.mass.gov/doc/dcs-info-09-132a-tab00-table-of-contents/download,2026-08-26T10:13:21-04:00
https://www.mass.gov/doc/dcs-info-09-132b-tab01-executive-summary/download,2026-08-26T10:13:21-04:00
https://www.mass.gov/doc/dcs-info-09-132c-tab02-employer-summary/download,2026-08-26T10:13:21-04:00
https://www.mass.gov/doc/dcs-info-09-132d-tab03-job-seeker-summary/download,2026-08-26T10:13:21-04:00
https://www.mass.gov/doc/dcs-info-09-132e-tab04-veteran-summary/download,2026-08-26T10:13:21-04:00
https://www.mass.gov/doc/dcs-info-09-132f-tab05-res-summary/download,2026-08-26T10:13:21-04:00
https://www.mass.gov/doc/dcs-info-09-132g-tab06-title-i-adults-and-dislocated-worker-summary/download,2026-08-26T10:13:21-04:00
https://www.mass.gov/doc/dcs-info-09-132h-tab07-title-i-youth-summary/download,2026-08-26T10:13:21-04:00
https://www.mass.gov/doc/dcs-info-09-132i-tab08-national-dislocated-worker-grants-summary/download,2026-08-26T10:13:21-04:00
https://www.mass.gov/doc/dcs-info-09-132j-tab09-trade-summary/download,2026-08-26T10:13:21-04:00
https://www.mass.gov/doc/archive-october-17-2023-draft-etrcc-meeting-minutes-and-materials/download,2026-08-26T14:59:46-04:00
https://www.mass.gov/doc/archive-gcab-recommendations-roster-additions/download,2026-08-26T11:13:13-04:00
https://www.mass.gov/doc/archive-restrictive-housing-oversight-committee-agenda-february-15-2024/download,2026-08-26T23:10:34-04:00
https://www.mass.gov/doc/archive-october-17-2023-etrcc-meeting-minutes-and-materials/download,2026-08-26T15:00:18-04:00
https://www.mass.gov/doc/911-recc-parcel-and-address-update-status/download,2026-08-26T13:38:00-04:00
https://www.mass.gov/doc/archive-hate-crimes-task-force-victim-support-subcommittee-meeting-minutes-82923/download,2026-08-26T11:13:50-04:00
https://www.mass.gov/doc/hha-59-revised-subchapter-6-service-codes-and-descriptions/download,2026-08-26T12:53:59-04:00
https://www.mass.gov/doc/hha-59-revised-subchapter-6-service-codes-and-descriptions-0/download,2026-08-26T12:53:52-04:00
https://www.mass.gov/doc/archive-june-4-2024-etrcc-meeting-minutes-and-select-meeting-materials/download,2026-08-26T11:52:18-04:00
https://www.mass.gov/doc/archive-roster-additions-june-2024/download,2026-08-26T23:18:14-04:00
https://www.mass.gov/doc/archive-july-30-2024-etrcc-meeting-minutes-and-select-meeting-materials/download,2026-08-26T11:51:47-04:00
https://www.mass.gov/doc/service-summary-form-1/download,2026-08-26T12:38:36-04:00
https://www.mass.gov/doc/dds-rosters/download,2026-08-26T12:38:01-04:00
https://www.mass.gov/doc/archive-restrictive-housing-oversight-committee-draft-meeting-minutes-41725/download,2026-08-26T23:10:03-04:00
https://www.mass.gov/doc/archive-state-interoperability-executive-committee-siec-meeting-minutes-5422/download,2026-08-26T23:35:52-04:00
https://www.mass.gov/doc/505-sop-de-escalation-techniques/download,2026-08-26T07:56:13-04:00
https://www.mass.gov/doc/505-sop-mptc-use-of-force-model-totality-triangle-and-defensive-tactics/download,2026-08-26T07:56:15-04:00
https://www.mass.gov/doc/eecfo-26-01emergency-preparednessadvisory-chinese/download,2026-08-26T11:04:39-04:00
https://www.mass.gov/doc/2026-eee-and-wnv-risk-level-and-data/download,2026-08-26T13:11:11-04:00
https://www.mass.gov/doc/health-care-capacity-data-file-8-21-2026/download,2026-08-26T13:38:24-04:00
https://www.mass.gov/doc/national-grid-rggi-regulations-public-comments-2026/download,2026-08-26T13:41:25-04:00
https://www.mass.gov/doc/eversource-rggi-regulations-public-comments-2026/download,2026-08-26T13:41:14-04:00
https://www.mass.gov/doc/the-fulcrum-foundation-rggi-regulations-public-comments-2026/download,2026-08-26T13:41:04-04:00
https://www.mass.gov/doc/sgs-beta-rggi-regulations-public-comments-2026/download,2026-08-26T13:40:40-04:00
https://www.mass.gov/doc/conservation-law-foundation-rggi-regulations-public-comments-2026/download,2026-08-26T13:40:17-04:00
https://www.mass.gov/doc/fy27-dam-removal-preliminary-design-request-for-responses-rfr/download,2026-08-26T15:43:10-04:00
https://www.mass.gov/doc/emergency-preparedness-in-child-care-programs-spanish/download,2026-08-26T15:42:35-04:00
https://www.mass.gov/doc/agenda-for-september-2-2026-meeting/download,2026-08-26T08:46:36-04:00
https://www.mass.gov/doc/approved-training-course-list-161/download,2026-08-26T09:01:22-04:00
https://www.mass.gov/doc/2026-srts-signs-and-lines-guidance-document/download,2026-08-26T09:15:14-04:00
https://www.mass.gov/doc/previously-awarded-signs-and-lines-projects-2026/download,2026-08-26T09:10:01-04:00
https://www.mass.gov/doc/2026-srts-signs-and-lines-memorandum-of-understanding/download,2026-08-26T09:10:16-04:00
https://www.mass.gov/doc/equine-dealer-transporter-license-application-1/download,2026-08-26T09:18:39-04:00
https://www.mass.gov/doc/new-stable-license-application-nstb/download,2026-08-26T09:22:24-04:00
https://www.mass.gov/doc/meta-settlement/download,2026-08-26T09:28:58-04:00
https://www.mass.gov/doc/2026-srts-signs-and-lines-application/download,2026-08-26T09:33:43-04:00
https://www.mass.gov/doc/new-riding-instructor-license-application/download,2026-08-26T09:36:01-04:00
https://www.mass.gov/doc/mcad-public-meeting-notice-and-agenda-september-1-2026/download,2026-08-26T10:01:29-04:00
https://www.mass.gov/doc/msrb-retiree-enews-bulletin-august-2026/download,2026-08-26T09:58:05-04:00
https://www.mass.gov/doc/september-2-2026-sdab-agenda/download,2026-08-26T11:28:55-04:00
https://www.mass.gov/doc/protect-act-one-pager-haitian-creole/download,2026-08-26T10:05:49-04:00
https://www.mass.gov/doc/msrb-laborday/download,2026-08-26T10:27:03-04:00
https://www.mass.gov/doc/usps-complaint/download,2026-08-26T10:28:33-04:00
https://www.mass.gov/doc/msrb-puzzle-08262026/download,2026-08-26T10:28:42-04:00
https://www.mass.gov/doc/msrb-ucp-image/download,2026-08-26T10:29:53-04:00
https://www.mass.gov/doc/retiree-enews-bulletin-header-august-2026/download,2026-08-26T10:31:39-04:00
https://www.mass.gov/doc/state-advisory-committee-sac-meeting-agenda-for-9826/download,2026-08-26T10:40:23-04:00
https://www.mass.gov/doc/emergency-preparedness-in-child-care-programs-chinese/download,2026-08-26T11:02:05-04:00
https://www.mass.gov/doc/interactions-with-civil-law-enforcement-rp-chinese/download,2026-08-26T11:06:43-04:00
https://www.mass.gov/doc/rp-26-13-interactions-with-civil-law-enforcement-advisory-chinese/download,2026-08-26T11:10:40-04:00
https://www.mass.gov/doc/renewing-riding-instructor-license-application/download,2026-08-26T11:58:42-04:00
https://www.mass.gov/doc/stable-license-renewal-application-0/download,2026-08-26T11:57:33-04:00
https://www.mass.gov/doc/barnstable-probate-and-family-court-september-2026-judicial-calendar/download,2026-08-26T12:39:30-04:00
https://www.mass.gov/doc/masshealth-caseload-snapshot-and-enrollment-summary-june-2026/download,2026-08-26T12:41:46-04:00
https://www.mass.gov/doc/masshealth-caseload-snapshot-and-enrollment-summary-june-2026-0/download,2026-08-26T12:42:00-04:00
https://www.mass.gov/doc/ncmcd-week-23-mosquito-activity-report-june-2-june-8-2019/download,2026-08-26T13:35:58-04:00
https://www.mass.gov/doc/ncmcd-week-24-mosquito-activity-report-june-9-june-15-2019/download,2026-08-26T13:36:57-04:00
https://www.mass.gov/doc/ncmcd-week-25-mosquito-activity-report-june-16-june-22-2019/download,2026-08-26T13:37:49-04:00
https://www.mass.gov/doc/ncmcd-week-26-mosquito-activity-report-june-23-june-29-2019/download,2026-08-26T13:38:36-04:00
https://www.mass.gov/doc/ncmcd-week-27-mosquito-activity-report-june-30-july-6-2019/download,2026-08-26T13:39:25-04:00
https://www.mass.gov/doc/engagement-evaluation-guidelines-khmer/download,2026-08-26T13:39:53-04:00
https://www.mass.gov/doc/ncmcd-week-28-mosquito-activity-report-july-7-july-13-2019/download,2026-08-26T13:40:54-04:00
https://www.mass.gov/doc/levels-of-adaptation-strategies-khmer/download,2026-08-26T13:41:48-04:00
https://www.mass.gov/doc/community-engagement-levels-khmer/download,2026-08-26T13:43:51-04:00
https://www.mass.gov/doc/proposed-treatment-locations-thursday-august-27-2026/download,2026-08-26T13:46:49-04:00
https://www.mass.gov/doc/gear-practice-exercise-russian/download,2026-08-26T13:46:51-04:00
https://www.mass.gov/doc/perac-memo-23-2026/download,2026-08-26T13:42:28-04:00
https://www.mass.gov/doc/cycle-of-activity-for-cola-reserve-fund-and-enhanced-cola-for-local-systems/download,2026-08-26T13:46:32-04:00
https://www.mass.gov/doc/cycle-of-activity-for-cola-reserve-fund-and-enhanced-cola-for-state-and-teachers/download,2026-08-26T13:47:35-04:00
https://www.mass.gov/doc/kickoff-videos-discussion-guide-russian/download,2026-08-26T13:47:55-04:00
https://www.mass.gov/doc/social-resilience-roadmap-russian/download,2026-08-26T13:49:41-04:00
https://www.mass.gov/doc/resilience-priorities-guide-russian/download,2026-08-26T13:59:01-04:00
https://www.mass.gov/doc/seed-project-plan-part-a-russian/download,2026-08-26T14:00:08-04:00
https://www.mass.gov/doc/seed-project-plan-part-b-russian/download,2026-08-26T14:01:02-04:00
https://www.mass.gov/doc/west-nile-virus-activity-map-as-of-82626/download,2026-08-26T14:06:49-04:00
https://www.mass.gov/doc/seed-project-budget-and-timeline-template-russian/download,2026-08-26T14:02:04-04:00
https://www.mass.gov/doc/reflection-guide-russian/download,2026-08-26T14:03:30-04:00
https://www.mass.gov/doc/foundations-and-principles-for-inclusive-engagement-russian/download,2026-08-26T14:04:29-04:00
https://www.mass.gov/doc/engagement-methods-and-tools-russian/download,2026-08-26T14:05:34-04:00
https://www.mass.gov/doc/engagement-evaluation-guidelines-russian/download,2026-08-26T14:06:27-04:00
https://www.mass.gov/doc/levels-of-adaptation-strategies-russian/download,2026-08-26T14:07:29-04:00
https://www.mass.gov/doc/approved-training-course-list-162/download,2026-08-26T14:12:30-04:00
https://www.mass.gov/doc/community-engagement-levels-russian/download,2026-08-26T14:14:49-04:00
https://www.mass.gov/doc/mvp-20-overview-two-pager-russian/download,2026-08-26T14:15:51-04:00
https://www.mass.gov/doc/community-exploration-spanish/download,2026-08-26T14:16:59-04:00
https://www.mass.gov/doc/gear-practice-exercise-spanish/download,2026-08-26T14:17:53-04:00
https://www.mass.gov/doc/kickoff-videos-discussion-guide-spanish/download,2026-08-26T14:20:22-04:00
https://www.mass.gov/doc/resilience-priorities-guide-spanish/download,2026-08-26T14:21:32-04:00
https://www.mass.gov/doc/seed-project-budget-and-timeline-template-spanish/download,2026-08-26T14:22:34-04:00
https://www.mass.gov/doc/gear-practice-exercise-vietnamese/download,2026-08-26T14:28:54-04:00
https://www.mass.gov/doc/ncmcd-week-29-mosquito-activity-report-july-14-july-20-2019/download,2026-08-26T14:29:45-04:00
https://www.mass.gov/doc/kickoff-videos-discussion-guide-vietnamese/download,2026-08-26T14:29:53-04:00
https://www.mass.gov/doc/social-resilience-roadmap-vietnamese/download,2026-08-26T14:30:50-04:00
https://www.mass.gov/doc/ncmcd-week-30-mosquito-activity-report-july-21-july-27-2019/download,2026-08-26T14:33:18-04:00
https://www.mass.gov/doc/ncmcd-week-31-mosquito-activity-report-july-28-august-3-2019/download,2026-08-26T14:34:07-04:00
https://www.mass.gov/doc/ncmcd-week-32-mosquito-activity-report-august-4-august-10-2019/download,2026-08-26T14:34:51-04:00
https://www.mass.gov/doc/ncmcd-week-33-mosquito-activity-report-august-11-august-17-2019/download,2026-08-26T14:35:33-04:00
https://www.mass.gov/doc/ncmcd-week-34-mosquito-activity-report-august-18-august-24-2019/download,2026-08-26T14:36:18-04:00
https://www.mass.gov/doc/engagement-plan-vietnamese/download,2026-08-26T14:37:42-04:00
https://www.mass.gov/doc/resilience-priorities-guide-vietnamese/download,2026-08-26T14:38:43-04:00
https://www.mass.gov/doc/seed-project-plan-part-a-vietnamese/download,2026-08-26T14:39:36-04:00
https://www.mass.gov/doc/housing-appeals-committee-meeting-notice-september-3-2026/download,2026-08-26T14:39:43-04:00
https://www.mass.gov/doc/seed-project-plan-part-b-vietnamese/download,2026-08-26T14:40:39-04:00
https://www.mass.gov/doc/seed-project-budget-and-timeline-template-vietnamese/download,2026-08-26T14:43:44-04:00
https://www.mass.gov/doc/reflection-guide-vietnamese/download,2026-08-26T14:44:54-04:00
https://www.mass.gov/doc/foundations-and-principles-for-inclusive-engagement-vietnamese/download,2026-08-26T14:49:37-04:00
https://www.mass.gov/doc/engagement-methods-and-tools-vietnamese/download,2026-08-26T14:50:50-04:00
https://www.mass.gov/doc/engagement-evaluation-guidelines-vietnamese/download,2026-08-26T14:51:55-04:00
https://www.mass.gov/doc/levels-of-adaptation-strategies-vietnamese/download,2026-08-26T14:52:59-04:00
https://www.mass.gov/doc/community-engagement-levels-vietnamese/download,2026-08-26T14:54:19-04:00
https://www.mass.gov/doc/issue-10-august-2026/download,2026-08-26T15:06:56-04:00
https://www.mass.gov/doc/notice-to-the-p3-commission-of-intent-to-issue-request-for-proposals-for-western-service-plazas/download,2026-08-26T15:24:13-04:00
https://www.mass.gov/doc/dispensing-optician-meeting-minutes-6-3-2026/download,2026-08-26T15:26:17-04:00
https://www.mass.gov/doc/dispensing-optician-meeting-agenda-8-5-2026/download,2026-08-26T15:26:25-04:00
https://www.mass.gov/doc/ncmcd-week-35-mosquito-activity-report-august-25-august-31-2019/download,2026-08-26T15:25:38-04:00
https://www.mass.gov/doc/ncmcd-week-36-mosquito-activity-report-september-1-september-7-2019/download,2026-08-26T15:26:21-04:00
https://www.mass.gov/doc/ncmcd-week-37-mosquito-activity-report-september-8-september-14-2019/download,2026-08-26T15:27:00-04:00
https://www.mass.gov/doc/ncmcd-week-38-mosquito-activity-report-september-15-september-21-2019/download,2026-08-26T15:27:33-04:00
https://www.mass.gov/doc/transition-agreement-for-the-western-service-plazas/download,2026-08-26T15:27:58-04:00
https://www.mass.gov/doc/ncmcd-week-39-mosquito-activity-report-september-22-september-28-2019/download,2026-08-26T15:28:14-04:00
https://www.mass.gov/doc/ncmcd-week-40-mosquito-activity-report-september-29-october-5-2019/download,2026-08-26T15:28:52-04:00
https://www.mass.gov/doc/august-24-2026-p3-commission-meeting/download,2026-08-26T16:18:11-04:00
https://www.mass.gov/doc/lease-and-concessions-agreement-for-western-service-plazas/download,2026-08-26T15:51:36-04:00
https://www.mass.gov/doc/august-25-2026-p3-commission-meeting/download,2026-08-26T16:18:34-04:00
https://www.mass.gov/doc/board-of-registration-in-pharmacy-meeting-agenda-september-3-2026/download,2026-08-26T16:48:15-04:00
https://www.mass.gov/doc/ws-agenda-83126/download,2026-08-26T19:11:04-04:00
https://www.mass.gov/doc/de-agenda-83126/download,2026-08-26T19:14:14-04:00
https://www.mass.gov/doc/ltss-agenda-83126/download,2026-08-26T19:17:31-04:00
https://www.mass.gov/memorandum/category-e-and-category-f-requirements-to-remain-on-the-list-for-2027-and-recertification-requirements,2026-08-26T10:35:37-04:00
https://www.mass.gov/lists/the-prescriber-e-letter,2026-08-26T15:27:19-04:00
https://www.mass.gov/lists/dds-self-determination-advisory-board-sdab,2026-08-26T10:01:34-04:00
https://www.mass.gov/lists/dds-statewide-advisory-council-sac,2026-08-26T10:42:51-04:00
https://www.mass.gov/lists/masshealth-enrollment-and-caseload-metrics,2026-08-26T12:43:50-04:00
https://www.mass.gov/lists/view-state-911-department-approved-courses,2026-08-26T14:13:27-04:00
https://www.mass.gov/lists/meet-our-leadership-team,2026-08-26T16:34:10-04:00
https://www.mass.gov/lists/operational-services-division-staff-directory,2026-08-26T11:05:42-04:00
https://www.mass.gov/lists/job-aids-for-vendors-using-commbuys,2026-08-26T13:18:46-04:00
https://www.mass.gov/lists/masshealth-pharmacy-facts-2016-current,2026-08-26T15:08:10-04:00
https://www.mass.gov/lists/job-aids-for-executive-agencies-using-commbuys,2026-08-26T14:15:27-04:00
https://www.mass.gov/lists/job-aids-for-non-executive-agencies-using-commbuys,2026-08-26T14:16:40-04:00
https://www.mass.gov/event/early-intervention-icc-family-community-engagement-committee-meeting-september-9-2026-09-09-2026,2026-08-26T10:08:24-04:00
https://www.mass.gov/event/daegb-artificial-intelligence-and-accessibility-meeting-august-31-2026-08-31-2026,2026-08-26T14:21:03-04:00
https://www.mass.gov/event/board-meeting-palmer-to-ware-transmission-project-08-26-2026,2026-08-26T11:42:13-04:00
https://www.mass.gov/event/executive-committee-meeting-september-28-2026-09-28-2026,2026-08-26T08:22:56-04:00
https://www.mass.gov/event/executive-committee-meeting-october-26-2026-10-26-2026,2026-08-26T08:25:26-04:00
https://www.mass.gov/event/executive-committee-meeting-november-23-2026-11-23-2026,2026-08-26T08:26:21-04:00
https://www.mass.gov/event/executive-committee-meeting-december-28-2026-12-28-2026,2026-08-26T08:28:50-04:00
https://www.mass.gov/event/executive-committee-meeting-january-25-2027-01-25-2027,2026-08-26T08:29:39-04:00
https://www.mass.gov/event/executive-committee-meeting-february-22-2027-02-22-2027,2026-08-26T08:31:13-04:00
https://www.mass.gov/event/board-of-registration-in-embalming-and-funeral-directing-meeting-9126-09-01-2026,2026-08-26T09:06:11-04:00
https://www.mass.gov/event/mcad-public-meeting-september-1-2026-09-01-2026,2026-08-26T10:05:08-04:00
https://www.mass.gov/event/navigating-pre-filing-requirements-for-large-clean-energy-infrastructure-projects-10-06-2026,2026-08-26T12:46:12-04:00
https://www.mass.gov/event/the-intervenor-support-grant-program-an-overview-and-how-to-apply-10-29-2026,2026-08-26T12:51:50-04:00
https://www.mass.gov/event/navigating-pre-filing-requirements-for-large-clean-energy-infrastructure-projects-11-12-2026,2026-08-26T12:54:29-04:00
https://www.mass.gov/event/board-of-registration-in-pharmacy-via-zoom-september-3-2026-09-03-2026,2026-08-26T16:49:32-04:00
https://www.mass.gov/forms/insurance-company-request-form,2026-08-26T12:22:17-04:00
https://www.mass.gov/how-to/judicial-office-applications-and-instructions,2026-08-26T15:48:14-04:00
https://www.mass.gov/how-to/apply-for-or-renew-your-stable-license,2026-08-26T14:31:16-04:00
https://www.mass.gov/how-to/culvert-replacement-municipal-assistance-grant-program,2026-08-26T16:59:40-04:00
https://www.mass.gov/how-to/request-speed-measurement-certification,2026-08-26T09:59:26-04:00
https://www.mass.gov/how-to/microsoft-o365-international-access,2026-08-26T15:23:38-04:00
https://www.mass.gov/how-to/dam-removal-preliminary-design-services,2026-08-26T15:43:10-04:00
https://www.mass.gov/how-to/culvert-replacement-training-site-grant-funding,2026-08-26T16:58:41-04:00
https://www.mass.gov/info-details/massachusetts-law-about-education,2026-08-26T13:43:31-04:00
https://www.mass.gov/info-details/massachusetts-legal-writing-and-citations,2026-08-26T12:33:28-04:00
https://www.mass.gov/info-details/safe-routes-to-school-engineering,2026-08-26T15:10:26-04:00
https://www.mass.gov/info-details/suicide-prevention-resources,2026-08-26T11:42:39-04:00
https://www.mass.gov/info-details/pioneer-valley-mosquito-control-district,2026-08-26T14:07:59-04:00
https://www.mass.gov/info-details/benefit-requirements-for-private-paid-leave-plan-exemptions,2026-08-26T14:16:12-04:00
https://www.mass.gov/info-details/statewide-contract-benefits-and-eligible-entities,2026-08-26T13:17:43-04:00
https://www.mass.gov/info-details/subject-index-of-judicial-ethics-opinions,2026-08-26T17:08:31-04:00
https://www.mass.gov/info-details/applications-for-dmh-services,2026-08-26T11:45:48-04:00
https://www.mass.gov/info-details/black-bear-hunting-regulations,2026-08-26T12:05:00-04:00
https://www.mass.gov/info-details/thermoplastic-white-and-thermoplastic-yellow-m70103,2026-08-26T15:22:04-04:00
https://www.mass.gov/info-details/2021-masshire-celebration-and-awards-ceremony,2026-08-26T12:21:16-04:00
https://www.mass.gov/info-details/pfml-transitioning-from-medical-leave-to-family-leave-to-bond-with-a-child,2026-08-26T15:02:07-04:00
https://www.mass.gov/info-details/beginning-farmer-resources,2026-08-26T09:26:21-04:00
https://www.mass.gov/info-details/mensajes-de-ccm-para-las-familias-spanish,2026-08-26T15:12:35-04:00
https://www.mass.gov/info-details/outreach-cape-cod-bridges,2026-08-26T16:13:55-04:00
https://www.mass.gov/info-details/public-library-initiative-list-of-partner-libraries,2026-08-26T10:21:51-04:00
https://www.mass.gov/info-details/contact-your-local-ada-coordinator,2026-08-26T12:39:47-04:00
https://www.mass.gov/info-details/masshealth-emails-for-ccm-members-and-families,2026-08-26T15:11:30-04:00
https://www.mass.gov/info-details/frequently-asked-questions-about-the-conflict-of-interest-law-online-training-program,2026-08-26T13:04:28-04:00
https://www.mass.gov/info-details/fee-generating-appointments-in-the-probate-and-family-court,2026-08-26T10:38:43-04:00
https://www.mass.gov/info-details/introduction-to-esp-reporting-for-infectious-diseases,2026-08-26T15:09:38-04:00
https://www.mass.gov/info-details/welcome-to-mswb,2026-08-26T12:22:03-04:00
https://www.mass.gov/info-details/mswb-committees,2026-08-26T12:22:34-04:00
https://www.mass.gov/info-details/view-e9-1-1-upcoming-classes,2026-08-26T14:08:28-04:00
https://www.mass.gov/info-details/dsb-meetings-events-and-minutes,2026-08-26T08:47:21-04:00
https://www.mass.gov/info-details/newsletters-for-retirees-msrb,2026-08-26T10:01:27-04:00
https://www.mass.gov/info-details/dcamms-office-of-real-estate-management-services,2026-08-26T16:32:32-04:00
https://www.mass.gov/info-details/hlc-open-meeting-notices,2026-08-26T14:40:57-04:00
https://www.mass.gov/info-details/jobs-at-local-retirement-systems,2026-08-26T09:05:08-04:00
https://www.mass.gov/info-details/efsbsiting-calendar,2026-08-26T11:41:04-04:00
https://www.mass.gov/info-details/registered-news-media-under-sjc-rule-119,2026-08-26T09:41:38-04:00
https://www.mass.gov/info-details/woodcock-hunting-regulations,2026-08-26T11:44:28-04:00
https://www.mass.gov/info-details/dsb-projects,2026-08-26T08:42:20-04:00
https://www.mass.gov/info-details/standing-committee-on-pro-bono-legal-services,2026-08-26T16:04:59-04:00
https://www.mass.gov/info-details/energy-facilities-siting-board-efsb-members,2026-08-26T09:27:40-04:00
https://www.mass.gov/info-details/advisory-committee-and-ethics-opinions-for-clerks-of-the-courts,2026-08-26T15:45:13-04:00
https://www.mass.gov/info-details/massdep-organics-subcommittee,2026-08-26T08:47:29-04:00
https://www.mass.gov/info-details/immunization-division-events,2026-08-26T15:00:41-04:00
https://www.mass.gov/info-details/horseback-riding-instructor-licensing,2026-08-26T14:57:24-04:00
https://www.mass.gov/info-details/agriculture-industry-calendar,2026-08-26T12:44:35-04:00
https://www.mass.gov/info-details/fall-prevention-tips-and-informational-resources,2026-08-26T11:57:08-04:00
https://www.mass.gov/info-details/czm-grant-viewer,2026-08-26T10:59:03-04:00
https://www.mass.gov/info-details/equine-dealer-transporter-license,2026-08-26T10:16:23-04:00
https://www.mass.gov/info-details/craft-distilleries,2026-08-26T16:39:44-04:00
https://www.mass.gov/info-details/dia-public-records-request,2026-08-26T12:23:07-04:00
https://www.mass.gov/info-details/municipal-ada-improvement-grant-program,2026-08-26T12:43:05-04:00
https://www.mass.gov/info-details/primary-violence-prevention,2026-08-26T11:37:33-04:00
https://www.mass.gov/info-details/mcad-open-meetings,2026-08-26T10:14:54-04:00
https://www.mass.gov/info-details/zoom-video-chat-with-a-law-librarian,2026-08-26T14:30:00-04:00
https://www.mass.gov/info-details/commissioners-staff-0,2026-08-26T13:31:14-04:00
https://www.mass.gov/info-details/pedestrian-and-bicycle,2026-08-26T11:41:04-04:00
https://www.mass.gov/info-details/ccm-geijiatingdexunxi-simplified-chinese,2026-08-26T15:19:11-04:00
https://www.mass.gov/info-details/tin-nhan-ccm-danh-cho-gia-dinh-vietnamese,2026-08-26T15:17:38-04:00
https://www.mass.gov/info-details/mesaj-ccm-pou-fanmi-yo-haitian-creole,2026-08-26T15:13:57-04:00
https://www.mass.gov/info-details/mensajis-di-ccm-pa-familias-cape-verdean-creole,2026-08-26T15:15:18-04:00
https://www.mass.gov/info-details/mensagens-da-ccm-para-as-familias-brazilian-portuguese,2026-08-26T15:16:30-04:00
https://www.mass.gov/info-details/health-care-capacity-interactive-dashboard,2026-08-26T13:43:08-04:00
https://www.mass.gov/info-details/massmen-mental-health-support-for-veterans-military-service-members,2026-08-26T11:53:51-04:00
https://www.mass.gov/info-details/traffic-and-construction-updates-bridge-replacement-interchange-improvements-natick,2026-08-26T16:30:16-04:00
https://www.mass.gov/info-details/state-land-for-homes,2026-08-26T15:27:17-04:00
https://www.mass.gov/info-details/commissioners-cup-leaderboard,2026-08-26T11:09:30-04:00
https://www.mass.gov/info-details/palmer-to-ware-transmission-project,2026-08-26T11:40:17-04:00
https://www.mass.gov/info-details/steps-to-apply-for-a-municipal-ada-improvement-grant,2026-08-26T13:11:19-04:00
https://www.mass.gov/info-details/state-land-for-homes-upcoming-parcels,2026-08-26T15:28:10-04:00
https://www.mass.gov/info-details/state-land-for-homes-home-development-underway,2026-08-26T16:51:52-04:00
https://www.mass.gov/info-details/fy28-eco-expression-of-interest,2026-08-26T15:45:10-04:00
https://www.mass.gov/info-details/massdep-employee-lookup-and-office-directory,2026-08-26T11:50:26-04:00
https://www.mass.gov/info-details/2026-embalming-and-funeral-directing-meeting-schedule,2026-08-26T09:06:32-04:00
https://www.mass.gov/info-details/municipal-kennel-reporting-compliance-report,2026-08-26T11:25:46-04:00
https://www.mass.gov/info-details/farmers-markets-contacts,2026-08-26T10:42:05-04:00
https://www.mass.gov/info-details/cloning-a-bid,2026-08-26T12:27:08-04:00
https://www.mass.gov/info-details/job-posting-norfolk-county-retirement-board,2026-08-26T08:55:27-04:00
https://www.mass.gov/info-details/digital-accessibility-training,2026-08-26T13:55:07-04:00
https://www.mass.gov/info-details/canceling-items-in-commbuys,2026-08-26T12:31:33-04:00
https://www.mass.gov/info-details/returning-items-in-commbuys,2026-08-26T12:47:04-04:00
https://www.mass.gov/info-details/assigning-and-deactivating-proxy-users,2026-08-26T12:57:40-04:00
https://www.mass.gov/info-details/information-for-insurance-companies,2026-08-26T12:59:23-04:00
https://www.mass.gov/info-details/locating-a-grant-posting-public-view,2026-08-26T13:14:10-04:00
https://www.mass.gov/info-details/creating-a-bid-amendment,2026-08-26T14:13:09-04:00
https://www.mass.gov/info-details/commissioner-column-8-28-26,2026-08-26T18:16:06-04:00
https://www.mass.gov/news/plan-for-law-school-graduates-announced,2026-08-26T14:58:06-04:00
https://www.mass.gov/news/honorable-gordon-h-piper-reappointed-chief-justice-of-the-land-court-by-trial-court-chief-justice-jeffrey-a-locke,2026-08-26T15:36:19-04:00
https://www.mass.gov/news/unemployment-and-job-estimates-in-local-labor-markets-for-june-2026,2026-08-26T16:05:27-04:00
https://www.mass.gov/news/probation-concept-was-first-introduced-185-years-ago-this-month,2026-08-26T10:10:10-04:00
https://www.mass.gov/news/state-agricultural-officials-announce-winners-of-the-2026-massachusetts-tomato-contest,2026-08-26T08:54:08-04:00
https://www.mass.gov/news/healey-driscoll-administration-awards-nearly-35-million-to-protect-nonprofits,2026-08-26T08:35:00-04:00
https://www.mass.gov/news/ag-campbell-reaches-landmark-settlement-with-meta-that-requires-design-changes-to-protect-massachusetts-young-people-from-social-media-harms,2026-08-26T13:46:19-04:00
https://www.mass.gov/news/msrb-august-2026-retiree-enews-bulletin,2026-08-26T10:15:30-04:00
https://www.mass.gov/news/ag-campbell-sues-united-states-postal-service-over-unlawful-attempt-to-interfere-with-states-vote-by-mail-procedures,2026-08-26T10:39:30-04:00
https://www.mass.gov/news/governor-healey-celebrates-new-law-to-make-medical-devices-safer-for-patients,2026-08-26T11:13:16-04:00
https://www.mass.gov/news/massdot-announces-free-biking-and-bikeshare-sessions-for-older-adults-in-massachusetts,2026-08-26T11:39:14-04:00
https://www.mass.gov/news/governor-healey-calls-on-trump-administration-to-reverse-changes-that-would-dismantle-head-start,2026-08-26T15:32:06-04:00
https://www.mass.gov/news/governor-healey-whip-clark-congresswoman-trahan-congressman-auchincloss-sound-alarm-on-trumps-research-cuts,2026-08-26T14:05:54-04:00
https://www.mass.gov/news/massdot-announces-thirteenth-annual-safe-streets-smart-trips-high-school-video-contest,2026-08-26T15:12:17-04:00
https://www.mass.gov/news/governor-healey-announces-153-million-to-convert-commercial-properties-into-856-new-homes,2026-08-26T16:31:45-04:00
https://www.mass.gov/news/unemployment-and-job-estimates-in-local-labor-markets-for-july-2026,2026-08-26T16:13:40-04:00
https://www.mass.gov/orgs/bristol-county-mosquito-control-project,2026-08-26T13:48:22-04:00
https://www.mass.gov/orgs/board-of-underwater-archaeological-resources,2026-08-26T10:02:55-04:00
https://www.mass.gov/orgs/massachusetts-state-retirement-board,2026-08-26T10:18:41-04:00
https://www.mass.gov/orgs/massachusetts-grownand-fresher,2026-08-26T09:39:53-04:00
https://www.mass.gov/orgs/northbridge-retirement-board,2026-08-26T08:18:21-04:00
https://www.mass.gov/orgs/marblehead-retirement-board,2026-08-26T08:17:05-04:00
https://www.mass.gov/orgs/massachusetts-environmental-public-health-tracking-ma-epht,2026-08-26T15:47:53-04:00
https://www.mass.gov/workforce-system-staff-training,2026-08-26T13:09:13-04:00
https://www.mass.gov/crystal-reports-project,2026-08-26T12:20:45-04:00
https://www.mass.gov/solar-massachusetts-renewable-target-smart,2026-08-26T13:37:49-04:00
https://www.mass.gov/perac-annual-reports,2026-08-26T15:28:32-04:00
https://www.mass.gov/mptc-instructors,2026-08-26T15:02:03-04:00
https://www.mass.gov/learn-about-commbuys-resources,2026-08-26T13:16:38-04:00
https://www.mass.gov/topics/training-assistance,2026-08-26T12:19:47-04:00
